event_key,split,event_id,label,source_exists,source_text_len,source_has_url,tree_exists,source_user_id,source_tweet_id_from_tree,id_match_event_vs_tree_source,source_delay_min_raw,source_delay_min_clean,n_nodes,n_edges,n_users,min_delay_raw,max_delay_raw,min_delay_clean,max_delay_clean,duration_min_clean,has_negative_delay,malformed_lines,invalid_delay_values,dropped_self_loops,dropped_duplicate_edges,tree_file,source_text
twitter15__80080680482123777,twitter15,80080680482123777,false,True,59,True,True,972651,80080680482123777,True,0.0,0.00,101,100,101,0.00,938.83,0.00,938.83,938.83,False,0,0,0,0,data_raw/Twitter15_16_dataset/twitter15/tree/80080680482123777.txt,seriously? racist mcdonald’s sign is obviously a hoax - URL
twitter15__80084555733803009,twitter15,80084555733803009,false,True,91,True,True,972651,80084555733803009,True,0.0,0.00,166,165,166,0.00,9492.80,0.00,9492.80,9492.80,False,0,0,0,0,data_raw/Twitter15_16_dataset/twitter15/tree/80084555733803009.txt,hoax: mcdonald's issues official statement on racist sign [updated] URL #seriouslymcdonalds
twitter15__91728807081426944,twitter15,91728807081426944,false,True,138,False,True,170886667,91728807081426944,True,0.0,0.00,839,850,839,0.00,2675420.55,0.00,2675420.55,2675420.55,False,0,0,0,4,data_raw/Twitter15_16_dataset/twitter15/tree/91728807081426944.txt,"#psa please do not drink any pepsi soda, a worker from that company has put blood contaminated with aids inside the bottles!!! please rt!!"
twitter15__265953285247209472,twitter15,265953285247209472,false,True,128,False,True,39364684,265953285247209472,True,0.0,0.00,212,211,212,0.00,4166.57,0.00,4166.57,4166.57,False,0,0,0,6,data_raw/Twitter15_16_dataset/twitter15/tree/265953285247209472.txt,deep-fried left wings demo-crab cakes barack-amole & chips malia quesadillas hawaiian pizza sloppy joe bidens obamacare-rot cake
twitter15__273182568298450945,twitter15,273182568298450945,false,True,63,True,True,14075928,273182568298450945,True,0.0,0.00,354,353,354,0.00,1582487.73,0.00,1582487.73,1582487.73,False,0,0,0,0,data_raw/Twitter15_16_dataset/twitter15/tree/273182568298450945.txt,42 million dead in bloodiest black friday weekend on record URL
twitter15__273278761909239808,twitter15,273278761909239808,false,True,63,True,True,14075928,273278761909239808,True,0.0,0.00,386,385,386,0.00,19972.57,0.00,19972.57,19972.57,False,0,0,0,0,data_raw/Twitter15_16_dataset/twitter15/tree/273278761909239808.txt,42 million dead in bloodiest black friday weekend on record URL
twitter15__295152287901417472,twitter15,295152287901417472,true,True,85,True,True,20003448,295152287901417472,True,0.0,0.00,103,102,103,0.00,317035.95,0.00,317035.95,317035.95,False,0,0,0,5,data_raw/Twitter15_16_dataset/twitter15/tree/295152287901417472.txt,#prayforchristopher 5k run .. well we are walking lol @savannahn_2012 @lemongella URL
twitter15__295944137948151809,twitter15,295944137948151809,false,True,60,True,True,1109500842,295944137948151809,True,0.0,0.00,1991,2000,1991,0.00,1440124.52,0.00,1440124.52,1440124.52,False,0,0,0,14,data_raw/Twitter15_16_dataset/twitter15/tree/295944137948151809.txt,a photo of black nurses saving the life of a kkk member. URL
twitter15__318263294098030593,twitter15,318263294098030593,false,True,60,True,True,1098364164,318263294098030593,True,0.0,0.00,1330,1335,1330,0.00,1144468.33,0.00,1144468.33,1144468.33,False,0,0,0,11,data_raw/Twitter15_16_dataset/twitter15/tree/318263294098030593.txt,a photo of black nurses saving the life of a kkk member. URL
twitter15__319166636902998016,twitter15,319166636902998016,false,True,60,True,True,356707195,319166636902998016,True,0.0,0.00,303,303,303,0.00,481278.13,0.00,481278.13,481278.13,False,0,0,0,1,data_raw/Twitter15_16_dataset/twitter15/tree/319166636902998016.txt,a photo of black nurses saving the life of a kkk member. URL
twitter15__326137285450018817,twitter15,326137285450018817,false,True,60,True,True,287168172,326137285450018817,True,0.0,0.00,723,728,723,0.00,1291056.45,0.00,1291056.45,1291056.45,False,0,0,0,10,data_raw/Twitter15_16_dataset/twitter15/tree/326137285450018817.txt,a photo of black nurses saving the life of a kkk member. URL
twitter15__334722003057647616,twitter15,334722003057647616,false,True,103,True,True,15439395,334722003057647616,True,0.0,0.00,624,627,624,0.00,36238.05,0.00,36238.05,36238.05,False,0,0,0,17,data_raw/Twitter15_16_dataset/twitter15/tree/334722003057647616.txt,this is just about the weirdest fetish i've ever heard of. what was he thinking of? (via @elvis717) URL
twitter15__336873759271157760,twitter15,336873759271157760,true,True,119,True,True,237403203,336873759271157760,True,0.0,0.00,647,656,647,0.00,227958.58,0.00,227958.58,227958.58,False,0,0,1,17,data_raw/Twitter15_16_dataset/twitter15/tree/336873759271157760.txt,hasan gets $278k but victims denied army benefits. disgusting waste of tax $$. garnish his wages & send 2 red cross URL
twitter15__336913656921083904,twitter15,336913656921083904,true,True,73,True,True,1367531,336913656921083904,True,0.0,0.00,244,243,244,0.00,2804.48,0.00,2804.48,2804.48,False,0,0,1,8,data_raw/Twitter15_16_dataset/twitter15/tree/336913656921083904.txt,fort hood shooter reportedly has drawn $278g in salary since massacre URL
twitter15__348203818741272576,twitter15,348203818741272576,true,True,118,True,True,1005183901,348203818741272576,True,0.0,0.00,178,179,178,0.00,10173.82,0.00,10173.82,10173.82,False,0,0,0,4,data_raw/Twitter15_16_dataset/twitter15/tree/348203818741272576.txt,"'outrage' is an understatement >> irs sent $46,378,040 in refunds to 23,994 ‘unauthorized’ aliens at 1 atl address URL"
twitter15__348204426659508226,twitter15,348204426659508226,true,True,114,True,True,640893,348204426659508226,True,0.0,0.00,178,184,178,0.00,4422.15,0.00,4422.15,4422.15,False,0,0,0,9,data_raw/Twitter15_16_dataset/twitter15/tree/348204426659508226.txt,"irs sent $46,378,040 in refunds to 23,994 ‘unauthorized’ aliens at 1 atlanta address | cns news URL via @sharethis"
twitter15__348209998565879810,twitter15,348209998565879810,false,True,113,False,True,27754737,348209998565879810,True,0.0,0.00,128,129,128,0.00,4756.07,0.00,4756.07,4756.07,False,0,0,0,2,data_raw/Twitter15_16_dataset/twitter15/tree/348209998565879810.txt,"paula deen: ""forget the food network. i've already been offered a cooking show on the new fox news food channel."""
twitter15__351767344097398785,twitter15,351767344097398785,false,True,108,True,True,109065990,351767344097398785,True,0.0,0.00,121,129,121,0.00,4943.17,0.00,4943.17,4943.17,False,0,0,1,20,data_raw/Twitter15_16_dataset/twitter15/tree/351767344097398785.txt,expect to see russian forces at us events to provide “security” - this is illegal under posse comitatus! URL
twitter15__352075672543428608,twitter15,352075672543428608,false,True,106,False,True,131351549,352075672543428608,True,0.0,0.00,259,259,259,0.00,28136.42,0.00,28136.42,28136.42,False,0,0,0,5,data_raw/Twitter15_16_dataset/twitter15/tree/352075672543428608.txt,"paula deen moves to have discrimination suit dismissed. just in time for her new book ""how to cook a jew""."
twitter15__356268980211687424,twitter15,356268980211687424,false,True,115,True,True,139255910,356268980211687424,True,0.0,0.00,122,121,122,0.00,2681.33,0.00,2681.33,2681.33,False,0,0,0,1,data_raw/Twitter15_16_dataset/twitter15/tree/356268980211687424.txt,obama files federal charges against george zimmerman following acquittal in shooting murder of trayvon martin | URL
twitter15__356297080169447425,twitter15,356297080169447425,false,True,112,False,True,503238478,356297080169447425,True,0.0,0.00,219,221,219,0.00,2759.87,0.00,2759.87,2759.87,False,0,0,0,3,data_raw/Twitter15_16_dataset/twitter15/tree/356297080169447425.txt,obama files federal charges against george zimmerman 🙌🙌🙌 that's myyyyyyy president! yaassssss 🙏 praise the lord.
twitter15__356310469390245888,twitter15,356310469390245888,false,True,104,False,True,29233291,356310469390245888,True,0.0,0.00,131,130,131,0.00,1244.38,0.00,1244.38,1244.38,False,0,0,1,0,data_raw/Twitter15_16_dataset/twitter15/tree/356310469390245888.txt,*breaking news* obama administration files federal charges against george zimmerman! #ontheroadtojustice
twitter15__356407105953071107,twitter15,356407105953071107,false,True,93,False,True,15937499,356407105953071107,True,0.0,0.00,160,160,160,0.00,1288.42,0.00,1288.42,1288.42,False,0,0,0,0,data_raw/Twitter15_16_dataset/twitter15/tree/356407105953071107.txt,just in... @barackobama & department of justice file federal charges against #georgezimmerman
twitter15__356437941641416705,twitter15,356437941641416705,false,True,99,False,True,56851629,356437941641416705,True,0.0,0.00,110,109,110,0.00,856.35,0.00,856.35,856.35,False,0,0,0,0,data_raw/Twitter15_16_dataset/twitter15/tree/356437941641416705.txt,obama has filed federal charges against zimmerman for violating trayvon's civil rights. god is good
twitter15__357299879070023680,twitter15,357299879070023680,false,True,93,True,True,83266089,357299879070023680,True,0.0,0.00,135,135,135,0.00,8373.02,0.00,8373.02,8373.02,False,0,0,0,2,data_raw/Twitter15_16_dataset/twitter15/tree/357299879070023680.txt,please read! do not purchase koch products. they're paying for zimmerman's attorney fees! URL
twitter15__357300409292959744,twitter15,357300409292959744,false,True,115,True,True,24304852,357300409292959744,True,0.0,0.00,138,143,138,0.00,11848.37,0.00,11848.37,11848.37,False,0,0,0,4,data_raw/Twitter15_16_dataset/twitter15/tree/357300409292959744.txt,lets start by boycotting koch industiers they paid for george zimmerman legal fees #justicefortrayvon #jurorb37 URL
twitter15__358591089462099968,twitter15,358591089462099968,false,True,70,True,True,14075928,358591089462099968,True,0.0,0.00,174,173,174,0.00,154249.88,0.00,154249.88,154249.88,False,0,0,0,1,data_raw/Twitter15_16_dataset/twitter15/tree/358591089462099968.txt,this week's top story: george zimmerman wins florida state lottery URL
twitter15__364383457545162754,twitter15,364383457545162754,false,True,100,True,True,1652541,364383457545162754,True,0.0,0.00,311,310,311,0.00,1010606.93,0.00,1010606.93,1010606.93,False,0,0,0,2,data_raw/Twitter15_16_dataset/twitter15/tree/364383457545162754.txt,highly radioactive water is seeping into the ocean from japan's crippled fukushima nuclear plant URL
twitter15__364589696573124609,twitter15,364589696573124609,false,True,62,True,True,279390084,364589696573124609,True,0.0,0.00,370,369,370,0.00,24077.82,0.00,24077.82,24077.82,False,0,0,0,3,data_raw/Twitter15_16_dataset/twitter15/tree/364589696573124609.txt,fukushima: highly radioactive water seeping into the ocean URL
twitter15__365052155385749505,twitter15,365052155385749505,false,True,101,True,True,64643056,365052155385749505,True,0.0,0.00,140,140,140,0.00,9334.67,0.00,9334.67,9334.67,False,0,0,0,3,data_raw/Twitter15_16_dataset/twitter15/tree/365052155385749505.txt,"revealed: #fukushima leaking radioactive water for ‘2 years’, 300 tons flowing into pacific daily URL"
twitter15__365056836476481537,twitter15,365056836476481537,false,True,117,True,True,64643056,365056836476481537,True,0.0,0.00,117,116,117,0.00,2103.87,0.00,2103.87,2103.87,False,0,0,0,1,data_raw/Twitter15_16_dataset/twitter15/tree/365056836476481537.txt,estimated 300 tons of contaminated water leaking into pacific ocean per day from wrecked #fukushima nuclear plant URL
twitter15__365276206381268995,twitter15,365276206381268995,false,True,99,True,True,3108351,365276206381268995,True,0.0,0.00,395,394,395,0.00,5848.93,0.00,5848.93,5848.93,False,0,0,0,4,data_raw/Twitter15_16_dataset/twitter15/tree/365276206381268995.txt,"japan: fukushima nuclear plant is leaking 80,000 gallons of radioactive water into ocean daily. URL"
twitter15__365497016098369536,twitter15,365497016098369536,false,True,67,True,True,64643056,365497016098369536,True,0.0,0.00,136,138,136,0.00,60231.58,0.00,60231.58,60231.58,False,0,0,0,14,data_raw/Twitter15_16_dataset/twitter15/tree/365497016098369536.txt,water leaks at fukushima could contaminate entire pacific ocean URL
twitter15__366025766183514112,twitter15,366025766183514112,false,True,118,True,True,279390084,366025766183514112,True,0.0,0.00,452,452,452,0.00,14589.58,0.00,14589.58,14589.58,False,0,0,0,6,data_raw/Twitter15_16_dataset/twitter15/tree/366025766183514112.txt,japanese government says fukushima nuclear plant is leaking 300 tons of radioactive water into the ocean every day URL
twitter15__366205297557110784,twitter15,366205297557110784,false,True,117,True,True,64643056,366205297557110784,True,0.0,0.00,163,163,163,0.00,8374.37,0.00,8374.37,8374.37,False,0,0,0,2,data_raw/Twitter15_16_dataset/twitter15/tree/366205297557110784.txt,"details: radioactive water from under #fukushima has risen 60cm above protective barrier, freely leaking to ocean URL"
twitter15__369506008172740608,twitter15,369506008172740608,false,True,93,True,True,437874669,369506008172740608,True,0.0,0.00,218,223,218,0.00,8804.50,0.00,8804.50,8804.50,False,0,0,1,6,data_raw/Twitter15_16_dataset/twitter15/tree/369506008172740608.txt,fukushima nuclear plant leaking 300 tons of radioactive water into the pacific every day: URL
twitter15__370855596050108416,twitter15,370855596050108416,false,True,117,True,True,51241574,370855596050108416,True,0.0,0.00,161,163,161,0.00,145297.67,0.00,145297.67,145297.67,False,0,0,0,4,data_raw/Twitter15_16_dataset/twitter15/tree/370855596050108416.txt,"fukushima's new looming crisis: radioactive groundwater seeping toward pacific ocean, @mariyamaguchi reports: URL -jm"
twitter15__372489152903643136,twitter15,372489152903643136,false,True,111,True,True,115486770,372489152903643136,True,0.0,0.00,226,226,226,0.00,9682.57,0.00,9682.57,9682.57,False,0,0,0,2,data_raw/Twitter15_16_dataset/twitter15/tree/372489152903643136.txt,"fukushima now in state of emergency, leaking 300 tons of radioactive water into the ocean daily learn more: URL"
twitter15__372901260183494656,twitter15,372901260183494656,false,True,108,True,True,279390084,372901260183494656,True,0.0,0.00,222,222,222,0.00,13604.88,0.00,13604.88,13604.88,False,0,0,0,8,data_raw/Twitter15_16_dataset/twitter15/tree/372901260183494656.txt,fukushima – toxic water leak a level 3 serious incident URL fuck you tepco! fucking ocean is boiling!!! #yan
twitter15__372914976102834176,twitter15,372914976102834176,false,True,116,True,True,279390084,372914976102834176,True,0.0,0.00,220,219,220,0.00,3017.45,0.00,3017.45,3017.45,False,0,0,0,3,data_raw/Twitter15_16_dataset/twitter15/tree/372914976102834176.txt,"fukushima reactors leaking into groundwater, can't be stopped from getting in ocean, buildings now on mushy land URL"
twitter15__376874273601630208,twitter15,376874273601630208,false,True,140,False,True,160817572,376874273601630208,True,0.0,0.00,2406,2413,2406,0.00,577027.68,0.00,577027.68,577027.68,False,0,0,0,42,data_raw/Twitter15_16_dataset/twitter15/tree/376874273601630208.txt,"once again, jk rowling is not working on an eighth harry potter book. i expect this rumour originated from either the quibbler or trelawney."
twitter15__376982539132366848,twitter15,376982539132366848,false,True,52,False,True,149760844,376982539132366848,True,0.0,0.00,1527,1546,1527,0.00,263646.72,0.00,263646.72,263646.72,False,0,0,0,59,data_raw/Twitter15_16_dataset/twitter15/tree/376982539132366848.txt,j.k. rowling is working on an 8th harry potter book.
twitter15__377002232257855488,twitter15,377002232257855488,false,True,52,False,True,2425231,377002232257855488,True,0.0,0.00,335,344,335,0.00,138601.15,0.00,138601.15,138601.15,False,0,0,0,23,data_raw/Twitter15_16_dataset/twitter15/tree/377002232257855488.txt,j.k. rowling is working on an 8th harry potter book.
twitter15__377519445578895360,twitter15,377519445578895360,false,True,104,True,True,70054190,377519445578895360,True,0.0,0.00,146,145,146,0.00,753186.15,0.00,753186.15,753186.15,False,0,0,0,19,data_raw/Twitter15_16_dataset/twitter15/tree/377519445578895360.txt,ahh!! @jk_rowling has an encyclopedia in the works for #harrypotter!! & #pottermore is now open!! :d URL
twitter15__380055172896272384,twitter15,380055172896272384,false,True,109,False,True,1635754086,380055172896272384,True,0.0,0.00,380,381,380,0.00,37862.33,0.00,37862.33,37862.33,False,0,0,0,4,data_raw/Twitter15_16_dataset/twitter15/tree/380055172896272384.txt,"a city in louisiana has made ""twerking"" illegal, imposing a punishment of 30 days in jail for a first offense"
twitter15__380140114552188928,twitter15,380140114552188928,false,True,76,True,True,2883841,380140114552188928,True,0.0,0.00,200,200,200,0.00,4208.92,0.00,4208.92,4208.92,False,0,0,0,10,data_raw/Twitter15_16_dataset/twitter15/tree/380140114552188928.txt,"can twerking in louisiana really get you a ""mandatory 30 days in jail""?! URL"
twitter15__386682163862986752,twitter15,386682163862986752,false,True,117,True,True,13493302,386682163862986752,True,0.0,0.00,122,124,122,0.00,6437.43,0.00,6437.43,6437.43,False,0,0,0,12,data_raw/Twitter15_16_dataset/twitter15/tree/386682163862986752.txt,"fox: obama offers ""to pay out of his own pocket for the museum of muslim culture."" their source: a satire website URL"
twitter15__386998038004113409,twitter15,386998038004113409,false,True,118,True,True,1077446982,386998038004113409,True,0.0,0.00,241,252,241,0.00,19771.17,0.00,19771.17,19771.17,False,0,0,0,15,data_raw/Twitter15_16_dataset/twitter15/tree/386998038004113409.txt,this is a new low. obama spent money to close natl parks but shut down the amber alert website. look for yourself: URL
twitter15__387006553124896768,twitter15,387006553124896768,false,True,139,False,True,19084896,387006553124896768,True,0.0,0.00,134,143,134,0.00,1195.40,0.00,1195.40,1195.40,False,0,0,0,13,data_raw/Twitter15_16_dataset/twitter15/tree/387006553124896768.txt,"barack obama has doj shut down the amber alert system...so, we can add dead kids to the lengths he's is willing to go in his shutdown game."
twitter15__387006700609228801,twitter15,387006700609228801,false,True,67,True,True,469194846,387006700609228801,True,0.0,0.00,164,163,164,0.00,804.00,0.00,804.00,804.00,False,0,0,0,6,data_raw/Twitter15_16_dataset/twitter15/tree/387006700609228801.txt,really? amber alert website goes dark under government shutdown URL
twitter15__387007120689737729,twitter15,387007120689737729,false,True,125,False,True,91038197,387007120689737729,True,0.0,0.00,255,255,255,0.00,8860.95,0.00,8860.95,8860.95,False,0,0,0,0,data_raw/Twitter15_16_dataset/twitter15/tree/387007120689737729.txt,"by all means, let's turn over healthcare decision making to people willing to shut down the amber alert website out of spite."
twitter15__387009577763360768,twitter15,387009577763360768,false,True,67,True,True,15976697,387009577763360768,True,0.0,0.00,476,483,476,0.00,7123.33,0.00,7123.33,7123.33,False,0,0,1,39,data_raw/Twitter15_16_dataset/twitter15/tree/387009577763360768.txt,really? amber alert website goes dark under government shutdown URL
twitter15__387010299536355328,twitter15,387010299536355328,false,True,103,True,True,232901331,387010299536355328,True,0.0,0.00,129,136,129,0.00,1242.37,0.00,1242.37,1242.37,False,0,0,0,4,data_raw/Twitter15_16_dataset/twitter15/tree/387010299536355328.txt,"as a former federal agent i find this story hard to believe, even for this white house. URL #spitehouse"
twitter15__387021726007042051,twitter15,387021726007042051,false,True,94,False,True,21888595,387021726007042051,True,0.0,0.00,134,137,134,0.00,1703.73,0.00,1703.73,1703.73,False,0,0,0,21,data_raw/Twitter15_16_dataset/twitter15/tree/387021726007042051.txt,cruz stood 21 hours for freedom. obama won't stand for missing children. #amberalert #shutdown
twitter15__387030572779847680,twitter15,387030572779847680,false,True,97,True,True,97994396,387030572779847680,True,0.0,0.00,177,179,177,0.00,961.27,0.00,961.27,961.27,False,0,0,1,9,data_raw/Twitter15_16_dataset/twitter15/tree/387030572779847680.txt,non-essential services shutdown? can someone explain to me how URL is essential while URL is not?
twitter15__387031585834278912,twitter15,387031585834278912,false,True,106,True,True,30694631,387031585834278912,True,0.0,0.00,113,114,113,0.00,869.03,0.00,869.03,869.03,False,0,0,0,5,data_raw/Twitter15_16_dataset/twitter15/tree/387031585834278912.txt,obama has shut down amber alert website to find missing children but still has fuel economy website up URL
twitter15__387041762331471872,twitter15,387041762331471872,false,True,101,True,True,58510019,387041762331471872,True,0.0,0.00,124,123,124,0.00,2172.20,0.00,2172.20,2172.20,False,0,0,0,4,data_raw/Twitter15_16_dataset/twitter15/tree/387041762331471872.txt,obama keeps michelle's URL site running despite the shutdown but URL is shutdown because? #spitehouse
twitter15__387050178932654080,twitter15,387050178932654080,false,True,140,False,True,17971747,387050178932654080,True,0.0,0.00,123,125,123,0.00,3007.58,0.00,3007.58,3007.58,False,0,0,0,7,data_raw/Twitter15_16_dataset/twitter15/tree/387050178932654080.txt,"obama has taken down amber alert website during shutdown, but michelle's let's move site is still up. at least missing kids won't be thirsty"
twitter15__387220814531395584,twitter15,387220814531395584,false,True,111,True,True,14173315,387220814531395584,True,0.0,0.00,273,276,273,0.00,5757.48,0.00,5757.48,5757.48,False,0,0,1,14,data_raw/Twitter15_16_dataset/twitter15/tree/387220814531395584.txt,"amber alert website, which shows critical missing children bulletins, is offline due to government shutdown URL"
twitter15__387233034350514176,twitter15,387233034350514176,false,True,136,False,True,301108020,387233034350514176,True,0.0,0.00,112,113,112,0.00,1635.02,0.00,1635.02,1635.02,False,0,0,0,2,data_raw/Twitter15_16_dataset/twitter15/tree/387233034350514176.txt,"if amber alert really had to shutdown b/c of lack of funds, as obama said, why did it go back up today after bad pr? #governmentshutdown"
twitter15__387236601450864641,twitter15,387236601450864641,false,True,81,True,True,1059240924,387236601450864641,True,0.0,0.00,166,170,166,0.00,88086.95,0.00,88086.95,88086.95,False,0,0,0,5,data_raw/Twitter15_16_dataset/twitter15/tree/387236601450864641.txt,"white house #shutdown URL , but are posting alerts on him getting a sandwich. URL"
twitter15__387237225286479872,twitter15,387237225286479872,false,True,127,False,True,1059240924,387237225286479872,True,0.0,0.00,298,316,298,0.00,281421.87,0.00,281421.87,281421.87,False,0,0,3,200,data_raw/Twitter15_16_dataset/twitter15/tree/387237225286479872.txt,"obama administration shuts down amber alert site, blames ""confusion."" don't worry. they're still in charge of your health care."
twitter15__387281927427727360,twitter15,387281927427727360,false,True,86,True,True,249219716,387281927427727360,True,0.0,0.00,411,428,411,0.00,47849.85,0.00,47849.85,47849.85,False,0,0,3,15,data_raw/Twitter15_16_dataset/twitter15/tree/387281927427727360.txt,never thought i’d see the day when obama would play politics with kids. URL #pjnet URL
twitter15__387309869080281088,twitter15,387309869080281088,false,True,113,True,True,18622869,387309869080281088,True,0.0,0.00,144,144,144,0.00,1087.83,0.00,1087.83,1087.83,False,0,0,0,6,data_raw/Twitter15_16_dataset/twitter15/tree/387309869080281088.txt,it says a lot about your worldview that you hear obama is donating a muslim museum and it makes sense to you: URL
twitter15__387353560356118528,twitter15,387353560356118528,false,True,117,True,True,8953122,387353560356118528,True,0.0,0.00,180,182,180,0.00,83472.35,0.00,83472.35,83472.35,False,0,0,0,6,data_raw/Twitter15_16_dataset/twitter15/tree/387353560356118528.txt,a claim that #obama used the #shutdown to scuttle the amber alert system reveals an ignorance about amber alerts. URL
twitter15__407156621450571777,twitter15,407156621450571777,true,True,102,False,True,283799359,407156621450571777,True,0.0,0.00,95,95,95,0.00,1383.08,0.00,1383.08,1383.08,False,0,0,0,2,data_raw/Twitter15_16_dataset/twitter15/tree/407156621450571777.txt,“r.i.p to the driver who died with paul walker that no one cares about because he wasn’t famous” omg:(
twitter15__407158558158254081,twitter15,407158558158254081,true,True,88,True,True,40076725,407158558158254081,True,0.0,0.00,561,561,561,0.00,7883.78,0.00,7883.78,7883.78,False,0,0,0,4,data_raw/Twitter15_16_dataset/twitter15/tree/407158558158254081.txt,paul walker's friends and castmates poured out their hearts overnight URL #rippaulwalker
twitter15__407159686786732032,twitter15,407159686786732032,true,True,90,True,True,20012204,407159686786732032,True,0.0,0.00,90,89,90,0.00,6603.85,0.00,6603.85,6603.85,False,0,0,0,0,data_raw/Twitter15_16_dataset/twitter15/tree/407159686786732032.txt,paul walker's fast and the furious costars and more react to the actor's tragic death: URL
twitter15__407161635439013888,twitter15,407161635439013888,true,True,90,False,True,1438331173,407161635439013888,True,0.0,0.00,104,103,104,0.00,61998.18,0.00,61998.18,61998.18,False,0,0,0,0,data_raw/Twitter15_16_dataset/twitter15/tree/407161635439013888.txt,"paul walker dies, millions cried. millions died of human hunger, no one simply gives a fk."
twitter15__407162181059612672,twitter15,407162181059612672,true,True,92,True,True,20012204,407162181059612672,True,0.0,0.00,108,107,108,0.00,2435.87,0.00,2435.87,2435.87,False,0,0,0,2,data_raw/Twitter15_16_dataset/twitter15/tree/407162181059612672.txt,paul walker died at the age of 40 saturday. our hearts go out to his family and friends: URL
twitter15__407163499723624449,twitter15,407163499723624449,true,True,101,True,True,14511951,407163499723624449,True,0.0,0.00,227,226,227,0.00,3073.18,0.00,3073.18,3073.18,False,0,0,0,1,data_raw/Twitter15_16_dataset/twitter15/tree/407163499723624449.txt,paul walker died shortly after attending a charity event for his organization reach out worldwide URL
twitter15__407163869673443328,twitter15,407163869673443328,true,True,139,False,True,22540123,407163869673443328,True,0.0,0.00,346,345,346,0.00,11884.00,0.00,11884.00,11884.00,False,0,0,0,12,data_raw/Twitter15_16_dataset/twitter15/tree/407163869673443328.txt,woke up to news of paul walker's death and a train derailment in the bronx that left at least 4 dead. have to remember how lucky we can be.
twitter15__407164247768977409,twitter15,407164247768977409,true,True,95,False,True,461275704,407164247768977409,True,0.0,0.00,195,194,195,0.00,8417.73,0.00,8417.73,8417.73,False,0,0,0,1,data_raw/Twitter15_16_dataset/twitter15/tree/407164247768977409.txt,r.i.p to the driver who died with paul walker that no one cares about because he wasn’t famous.
twitter15__407164597511393280,twitter15,407164597511393280,true,True,96,False,True,149655776,407164597511393280,True,0.0,0.00,1504,1504,1504,0.00,15817.62,0.00,15817.62,15817.62,False,0,0,0,2,data_raw/Twitter15_16_dataset/twitter15/tree/407164597511393280.txt,r.i.p to the driver that died with paul walker that no one cares about because he wasn't famous.
twitter15__407167258452971520,twitter15,407167258452971520,true,True,91,True,True,25701904,407167258452971520,True,0.0,0.00,152,151,152,0.00,19904.18,0.00,19904.18,19904.18,False,0,0,0,1,data_raw/Twitter15_16_dataset/twitter15/tree/407167258452971520.txt,paul walker mourned by vin diesel and more 'fast & furious' co-stars URL #rippaulwalker URL
twitter15__407167928313081856,twitter15,407167928313081856,true,True,72,True,True,23482952,407167928313081856,True,0.0,0.00,330,329,330,0.00,20524.13,0.00,20524.13,20524.13,False,0,0,0,4,data_raw/Twitter15_16_dataset/twitter15/tree/407167928313081856.txt,"""fast & furious"" stars heartbreakingly mourn paul walker's death URL URL"
twitter15__407169212428206080,twitter15,407169212428206080,true,True,94,False,True,326637270,407169212428206080,True,0.0,0.00,237,236,237,0.00,173372.42,0.00,173372.42,173372.42,False,0,0,0,2,data_raw/Twitter15_16_dataset/twitter15/tree/407169212428206080.txt,#rip to the driver who died with #paulwalker that no one cares about because he wasn't famous.
twitter15__407169699559247872,twitter15,407169699559247872,true,True,93,True,True,14934818,407169699559247872,True,0.0,0.00,186,185,186,0.00,142814.13,0.00,142814.13,142814.13,False,0,0,0,4,data_raw/Twitter15_16_dataset/twitter15/tree/407169699559247872.txt,"celebrities, friends and co-stars react to paul walker's tragic death. #rippaulwalker URL URL"
twitter15__407169885345943552,twitter15,407169885345943552,true,True,94,False,True,123846927,407169885345943552,True,0.0,0.00,148,149,148,0.00,1376.00,0.00,1376.00,1376.00,False,0,0,0,3,data_raw/Twitter15_16_dataset/twitter15/tree/407169885345943552.txt,r.i.p to the driver who died with paul walker that no one cares about because he wasn’t famous
twitter15__407170170533064705,twitter15,407170170533064705,true,True,122,True,True,519150848,407170170533064705,True,0.0,0.00,103,102,103,0.00,44338.57,0.00,44338.57,44338.57,False,0,0,0,0,data_raw/Twitter15_16_dataset/twitter15/tree/407170170533064705.txt,"last picture of paul walker taken before his death in a car crash.#rippaulwalker fast & furious won't be same w/o u. URL """
twitter15__407170443443859456,twitter15,407170443443859456,true,True,117,False,True,867212870,407170443443859456,True,0.0,0.00,295,295,295,0.00,23108.32,0.00,23108.32,23108.32,False,0,0,0,5,data_raw/Twitter15_16_dataset/twitter15/tree/407170443443859456.txt,"r.i.p. roger rodas, the ceo/racer who died with paul walker yesterday. he was originally from santa ana, el salvador."
twitter15__407173794583695360,twitter15,407173794583695360,true,True,118,True,True,44688778,407173794583695360,True,0.0,0.00,106,105,106,0.00,634.13,0.00,634.13,634.13,False,0,0,0,0,data_raw/Twitter15_16_dataset/twitter15/tree/407173794583695360.txt,paul walker's genuinely admirable history of organizing & participating in international disaster relief missions: URL
twitter15__407174474207731712,twitter15,407174474207731712,true,True,98,True,True,726456445,407174474207731712,True,0.0,0.00,92,91,92,0.00,165935.73,0.00,165935.73,165935.73,False,0,0,0,0,data_raw/Twitter15_16_dataset/twitter15/tree/407174474207731712.txt,still cah believe paul walker died r.i.p paul walker r.i.p brian o'connor r.i.p fast & furious URL
twitter15__407176055657484289,twitter15,407176055657484289,true,True,83,True,True,126903716,407176055657484289,True,0.0,0.00,139,138,139,0.00,11370.43,0.00,11370.43,11370.43,False,0,0,1,1,data_raw/Twitter15_16_dataset/twitter15/tree/407176055657484289.txt,"the last photo of paul walker, taken just before the crash that killed him. rip URL"
twitter15__407176873605865472,twitter15,407176873605865472,true,True,64,True,True,40076725,407176873605865472,True,0.0,0.00,393,397,393,0.00,7811.07,0.00,7811.07,7811.07,False,0,0,0,7,data_raw/Twitter15_16_dataset/twitter15/tree/407176873605865472.txt,new info on the crash that killed paul walker URL #rippaulwalker
twitter15__407177474788057088,twitter15,407177474788057088,true,True,96,False,True,148779151,407177474788057088,True,0.0,0.00,2538,2539,2538,0.00,55504.95,0.00,55504.95,55504.95,False,0,0,0,3,data_raw/Twitter15_16_dataset/twitter15/tree/407177474788057088.txt,r.i.p to the driver that died with paul walker that no one cares about because he wasn't famous.
twitter15__407179055763836928,twitter15,407179055763836928,true,True,49,True,True,25589776,407179055763836928,True,0.0,0.00,130,129,130,0.00,2673.32,0.00,2673.32,2673.32,False,0,0,0,2,data_raw/Twitter15_16_dataset/twitter15/tree/407179055763836928.txt,did speed play a part in paul walker's death? URL
twitter15__407181813174788096,twitter15,407181813174788096,true,True,112,True,True,14511951,407181813174788096,True,0.0,0.00,149,148,149,0.00,5775.53,0.00,5775.53,5775.53,False,0,0,0,8,data_raw/Twitter15_16_dataset/twitter15/tree/407181813174788096.txt,paul walker's co-stars take to twitter to share their condolences following his death URL #rippaulwalker #teampw
twitter15__407182194206322689,twitter15,407182194206322689,true,True,58,True,True,3060631,407182194206322689,True,0.0,0.00,103,102,103,0.00,3010.45,0.00,3010.45,3010.45,False,0,0,0,0,data_raw/Twitter15_16_dataset/twitter15/tree/407182194206322689.txt,the motoring world responds to paul walker's death URL URL
twitter15__407182466613792768,twitter15,407182466613792768,true,True,88,True,True,17379685,407182466613792768,True,0.0,0.00,229,228,229,0.00,1890.40,0.00,1890.40,1890.40,False,0,0,0,3,data_raw/Twitter15_16_dataset/twitter15/tree/407182466613792768.txt,"fan of ""fast & furious"" actor paul walker shocked by his death as memorial grows URL URL"
twitter15__407184707118309376,twitter15,407184707118309376,true,True,95,True,True,2883841,407184707118309376,True,0.0,0.00,444,443,444,0.00,17152.38,0.00,17152.38,17152.38,False,0,0,0,1,data_raw/Twitter15_16_dataset/twitter15/tree/407184707118309376.txt,"remembering paul walker: fast and furious star was ""so happy"" hours before his tragic death URL"
twitter15__407184730988097536,twitter15,407184730988097536,true,True,140,False,True,14681605,407184730988097536,True,0.0,0.00,379,382,379,0.00,15008.73,0.00,15008.73,15008.73,False,0,0,0,5,data_raw/Twitter15_16_dataset/twitter15/tree/407184730988097536.txt,"my heart goes out to loved ones and fans of paul walker, who died in a car wreck saturday. word is he was a really good dude. #rippaulwalker"
twitter15__407185422523977728,twitter15,407185422523977728,true,True,68,True,True,95246658,407185422523977728,True,0.0,0.00,88,89,88,0.00,5465.12,0.00,5465.12,5465.12,False,0,0,0,16,data_raw/Twitter15_16_dataset/twitter15/tree/407185422523977728.txt,so paul walker is still alive ? dead or alive sia ?! #paulwalker URL
twitter15__407187197427593217,twitter15,407187197427593217,true,True,140,False,True,177926698,407187197427593217,True,0.0,0.00,213,214,213,0.00,4461.67,0.00,4461.67,4461.67,False,0,0,1,2,data_raw/Twitter15_16_dataset/twitter15/tree/407187197427593217.txt,"""paul walker's character in fast and the furious was named ""brian"",brian from family guy also died this week,both deaths involved cars."" umm"
twitter15__407188779255222273,twitter15,407188779255222273,true,True,75,True,True,16312576,407188779255222273,True,0.0,0.00,139,138,139,0.00,14073.47,0.00,14073.47,14073.47,False,0,0,0,0,data_raw/Twitter15_16_dataset/twitter15/tree/407188779255222273.txt,paul walker remembered: celebs react to 'fast and furious' star's death URL
twitter15__407189015582887936,twitter15,407189015582887936,true,True,91,True,True,216579173,407189015582887936,True,0.0,0.00,548,547,548,0.00,7556.37,0.00,7556.37,7556.37,False,0,0,0,0,data_raw/Twitter15_16_dataset/twitter15/tree/407189015582887936.txt,rip roger rodas the man who died with paul walker in the fatal car crash #dontforgethim URL
twitter15__407191058108256257,twitter15,407191058108256257,true,True,52,True,True,543449778,407191058108256257,True,0.0,0.00,98,97,98,0.00,120798.90,0.00,120798.90,120798.90,False,0,0,0,1,data_raw/Twitter15_16_dataset/twitter15/tree/407191058108256257.txt,r.i.p paul walker ♥ he died doing what he loved♥ URL
twitter15__407191144880439298,twitter15,407191144880439298,true,True,83,False,True,26878858,407191144880439298,True,0.0,0.00,108,107,108,0.00,5055.38,0.00,5055.38,5055.38,False,0,0,0,0,data_raw/Twitter15_16_dataset/twitter15/tree/407191144880439298.txt,im still on that paul walker situation i can't believe he died especially in a car.
twitter15__407192027714322432,twitter15,407192027714322432,true,True,91,True,True,1112745398,407192027714322432,True,0.0,0.00,250,249,250,0.00,3615.33,0.00,3615.33,3615.33,False,0,0,0,0,data_raw/Twitter15_16_dataset/twitter15/tree/407192027714322432.txt,hard to believe paul walker died yesterday. no more fast & furious. way too young. #rip URL
twitter15__407192126032986112,twitter15,407192126032986112,true,True,121,True,True,51241574,407192126032986112,True,0.0,0.00,160,160,160,0.00,4753.72,0.00,4753.72,4753.72,False,0,0,0,5,data_raw/Twitter15_16_dataset/twitter15/tree/407192126032986112.txt,"ap video: police say speed was a factor in an l.a. crash that killed 2, including ""fast & furious"" actor paul walker: URL"
twitter15__407192370040803329,twitter15,407192370040803329,true,True,32,True,True,20177423,407192370040803329,True,0.0,0.00,273,272,273,0.00,14362.82,0.00,14362.82,14362.82,False,0,0,0,5,data_raw/Twitter15_16_dataset/twitter15/tree/407192370040803329.txt,remembering paul walker: URL URL
twitter15__407193347279699968,twitter15,407193347279699968,true,True,95,True,True,22179997,407193347279699968,True,0.0,0.00,330,329,330,0.00,17636.12,0.00,17636.12,17636.12,False,0,0,0,3,data_raw/Twitter15_16_dataset/twitter15/tree/407193347279699968.txt,"remembering paul walker: fast and furious star was ""so happy"" hours before his tragic death URL"
twitter15__407197113286545409,twitter15,407197113286545409,true,True,130,False,True,278122965,407197113286545409,True,0.0,0.00,392,392,392,0.00,160621.40,0.00,160621.40,160621.40,False,0,0,0,0,data_raw/Twitter15_16_dataset/twitter15/tree/407197113286545409.txt,paul walker's character name on fast and furious was brian. brian from family guy died in a car accident. coincidence? i think not
twitter15__407197672702214144,twitter15,407197672702214144,true,True,94,True,True,1496971,407197672702214144,True,0.0,0.00,118,118,118,0.00,2686.73,0.00,2686.73,2686.73,False,0,0,0,2,data_raw/Twitter15_16_dataset/twitter15/tree/407197672702214144.txt,"prayers to our friend, tyrese. his emotional message about paul walker got us choked up... URL"
twitter15__407198255793987584,twitter15,407198255793987584,true,True,59,False,True,1273301071,407198255793987584,True,0.0,0.00,843,842,843,0.00,888533.65,0.00,888533.65,888533.65,False,0,0,0,1,data_raw/Twitter15_16_dataset/twitter15/tree/407198255793987584.txt,2013 was doing alright till i found out paul walker died ..
twitter15__407198615137181696,twitter15,407198615137181696,true,True,115,True,True,628318484,407198615137181696,True,0.0,0.00,1825,1826,1825,0.00,818101.77,0.00,818101.77,818101.77,False,0,0,0,2,data_raw/Twitter15_16_dataset/twitter15/tree/407198615137181696.txt,r.i.p roger rodas the man who died with paul walker that everybody forgot about.. #rippaulwalker #riprogerrodas URL
twitter15__407205009676587009,twitter15,407205009676587009,true,True,136,False,True,34739186,407205009676587009,True,0.0,0.00,113,112,113,0.00,352177.65,0.00,352177.65,352177.65,False,0,0,0,1,data_raw/Twitter15_16_dataset/twitter15/tree/407205009676587009.txt,the sudden & tragic death of #paulwalker reminds us that we shouldn't take even a moment for granted bc it can be over in a blink #sosad
twitter15__407205235682050048,twitter15,407205235682050048,true,True,95,False,True,124543920,407205235682050048,True,0.0,0.00,179,180,179,0.00,3179.13,0.00,3179.13,3179.13,False,0,0,1,23,data_raw/Twitter15_16_dataset/twitter15/tree/407205235682050048.txt,r.i.p to the driver that died with paul walker that no one cares about because he wasn't famous
twitter15__407205404075376640,twitter15,407205404075376640,true,True,95,False,True,1318598779,407205404075376640,True,0.0,0.00,104,103,104,0.00,4617.23,0.00,4617.23,4617.23,False,0,0,0,1,data_raw/Twitter15_16_dataset/twitter15/tree/407205404075376640.txt,r.i.p to the driver who died with paul walker that no one cares about because he wasn’t famous.
twitter15__407206094747209728,twitter15,407206094747209728,true,True,55,True,True,21702988,407206094747209728,True,0.0,0.00,231,230,231,0.00,3466.67,0.00,3466.67,3466.67,False,0,0,0,0,data_raw/Twitter15_16_dataset/twitter15/tree/407206094747209728.txt,r.i.p to roger rodas who died alongside paul walker URL
twitter15__407209131351629824,twitter15,407209131351629824,true,True,97,True,True,54060157,407209131351629824,True,0.0,0.00,214,213,214,0.00,23431.88,0.00,23431.88,23431.88,False,0,0,0,2,data_raw/Twitter15_16_dataset/twitter15/tree/407209131351629824.txt,we send our deepest condolences to the family and friends of paul walker and roger rodas. URL URL
twitter15__407209222850756608,twitter15,407209222850756608,true,True,105,True,True,1423430694,407209222850756608,True,0.0,0.00,199,198,199,0.00,6875.12,0.00,6875.12,6875.12,False,0,0,0,1,data_raw/Twitter15_16_dataset/twitter15/tree/407209222850756608.txt,r.i.p rodger rodas the guy no one seems to care about because he's not famous (died with paul walker) URL
twitter15__407209892013821952,twitter15,407209892013821952,true,True,115,True,True,308850792,407209892013821952,True,0.0,0.00,99,99,99,0.00,2026.90,0.00,2026.90,2026.90,False,0,0,0,0,data_raw/Twitter15_16_dataset/twitter15/tree/407209892013821952.txt,r.i.p roger rodas the man who died with paul walker that everybody forgot about.. #rippaulwalker #riprogerrodas URL
twitter15__407211258304552960,twitter15,407211258304552960,true,True,78,True,True,20012204,407211258304552960,True,0.0,0.00,91,90,91,0.00,3520.35,0.00,3520.35,3520.35,False,0,0,1,5,data_raw/Twitter15_16_dataset/twitter15/tree/407211258304552960.txt,paul walker was doing good and giving back on the day of his tragic death: URL
twitter15__407212665350942720,twitter15,407212665350942720,true,True,54,True,True,972651,407212665350942720,True,0.0,0.00,126,125,126,0.00,4296.08,0.00,4296.08,4296.08,False,0,0,0,1,data_raw/Twitter15_16_dataset/twitter15/tree/407212665350942720.txt,'fast and furious' cast mourns paul walker's death URL
twitter15__407213757048160256,twitter15,407213757048160256,true,True,79,True,True,345139292,407213757048160256,True,0.0,0.00,172,172,172,0.00,335580.98,0.00,335580.98,335580.98,False,0,0,0,1,data_raw/Twitter15_16_dataset/twitter15/tree/407213757048160256.txt,r.i.p paul walker.... he died doing what he loved... and that's going fast. URL
twitter15__407213772328022016,twitter15,407213772328022016,true,True,109,False,True,157627966,407213772328022016,True,0.0,0.00,318,318,318,0.00,21589.13,0.00,21589.13,21589.13,False,0,0,0,3,data_raw/Twitter15_16_dataset/twitter15/tree/407213772328022016.txt,"fast and furious star paul walker dead in car crash. what next, samuel l jackson killed by snakes on a plane?"
twitter15__407217471473451008,twitter15,407217471473451008,true,True,110,True,True,582348811,407217471473451008,True,0.0,0.00,105,104,105,0.00,4766.52,0.00,4766.52,4766.52,False,0,0,0,2,data_raw/Twitter15_16_dataset/twitter15/tree/407217471473451008.txt,"paul walker's death keeps getting more ironic... the driver, roger rodas, was a former racecar driver #rip URL"
twitter15__407217865973329920,twitter15,407217865973329920,true,True,85,True,True,275796851,407217865973329920,True,0.0,0.00,520,519,520,0.00,16892.10,0.00,16892.10,16892.10,False,0,0,0,2,data_raw/Twitter15_16_dataset/twitter15/tree/407217865973329920.txt,"rip roger rodas, the man who died with paul walker. #rippaulwalker #riprogerrodas URL"
twitter15__407218583135997953,twitter15,407218583135997953,true,True,77,True,True,36780425,407218583135997953,True,0.0,0.00,105,104,105,0.00,1187.70,0.00,1187.70,1187.70,False,0,0,0,0,data_raw/Twitter15_16_dataset/twitter15/tree/407218583135997953.txt,"r.i.p. to roger rodas, the guy that died with paul walker. he's human too URL"
twitter15__407223928084766721,twitter15,407223928084766721,true,True,73,True,True,17446621,407223928084766721,True,0.0,0.00,265,264,265,0.00,19240.72,0.00,19240.72,19240.72,False,0,0,0,0,data_raw/Twitter15_16_dataset/twitter15/tree/407223928084766721.txt,paul walker's death: 'fast & furious 7' delayed but won't be scrapped URL
twitter15__407229989902225408,twitter15,407229989902225408,true,True,107,True,True,495605961,407229989902225408,True,0.0,0.00,220,219,220,0.00,11520.20,0.00,11520.20,11520.20,False,0,0,0,0,data_raw/Twitter15_16_dataset/twitter15/tree/407229989902225408.txt,his movies brought thrills and laughter to millions. can't believe he died in car crash rip paul walker URL
twitter15__407231591191035904,twitter15,407231591191035904,true,True,43,False,True,1040889722,407231591191035904,True,0.0,0.00,158,159,158,0.00,4257.75,0.00,4257.75,4257.75,False,0,0,0,6,data_raw/Twitter15_16_dataset/twitter15/tree/407231591191035904.txt,"paul walker died too fast, i'm furious.. :/"
twitter15__407231740764508161,twitter15,407231740764508161,true,True,95,False,True,1044963481,407231740764508161,True,0.0,0.00,156,155,156,0.00,5179.85,0.00,5179.85,5179.85,False,0,0,0,1,data_raw/Twitter15_16_dataset/twitter15/tree/407231740764508161.txt,r.i.p to the driver who died with paul walker that no one cares about because he wasn't famous.
twitter15__407232661107642368,twitter15,407232661107642368,true,True,86,True,True,40076725,407232661107642368,True,0.0,0.00,434,435,434,0.00,509729.53,0.00,509729.53,509729.53,False,0,0,0,8,data_raw/Twitter15_16_dataset/twitter15/tree/407232661107642368.txt,the five movie roles that made us fall in love with paul walker URL #rippaulwalker URL
twitter15__407233172380733441,twitter15,407233172380733441,true,True,80,True,True,1570005834,407233172380733441,True,0.0,0.00,231,231,231,0.00,335504.20,0.00,335504.20,335504.20,False,0,0,0,1,data_raw/Twitter15_16_dataset/twitter15/tree/407233172380733441.txt,paul walker's last pic before his death in car accident :'( #rip #paulwalker URL
twitter15__407234399093022720,twitter15,407234399093022720,true,True,98,True,True,1214181878,407234399093022720,True,0.0,0.00,773,774,773,0.00,1469879.28,0.00,1469879.28,1469879.28,False,0,0,0,1,data_raw/Twitter15_16_dataset/twitter15/tree/407234399093022720.txt,"also, rip roger rodas the man who died along with paul walker that seems to never be mentioned URL"
twitter15__407236151167025152,twitter15,407236151167025152,true,True,96,False,True,892675814,407236151167025152,True,0.0,0.00,820,820,820,0.00,835523.20,0.00,835523.20,835523.20,False,0,0,0,2,data_raw/Twitter15_16_dataset/twitter15/tree/407236151167025152.txt,r.i.p to the driver that died with paul walker that no one cares about because he wasn't famous.
twitter15__407237676350185475,twitter15,407237676350185475,true,True,137,False,True,30408682,407237676350185475,True,0.0,0.00,109,108,109,0.00,5844.22,0.00,5844.22,5844.22,False,0,0,0,1,data_raw/Twitter15_16_dataset/twitter15/tree/407237676350185475.txt,@realpaulwalker died in a fiery car crash. @fastfurious filmmakers will commemorate his legacy by dedicating the next six sequels to him.
twitter15__407244865018155008,twitter15,407244865018155008,true,True,123,False,True,372475409,407244865018155008,True,0.0,0.00,120,120,120,0.00,3247.98,0.00,3247.98,3247.98,False,0,0,0,2,data_raw/Twitter15_16_dataset/twitter15/tree/407244865018155008.txt,i can't belive people are comparing paul walker's death to brian from family guy. shows how stupid and ignorant people are.
twitter15__407248574099894272,twitter15,407248574099894272,true,True,94,True,True,2883841,407248574099894272,True,0.0,0.00,979,981,979,0.00,37467.98,0.00,37467.98,37467.98,False,0,0,0,4,data_raw/Twitter15_16_dataset/twitter15/tree/407248574099894272.txt,"fast and furious 7 ""delayed"" but ""won't be scrapped"" following paul walker's death: report URL"
twitter15__407253198395555840,twitter15,407253198395555840,true,True,72,True,True,275686563,407253198395555840,True,0.0,0.00,265,264,265,0.00,10593.55,0.00,10593.55,10593.55,False,0,0,0,1,data_raw/Twitter15_16_dataset/twitter15/tree/407253198395555840.txt,fast & furious 7 might still come out even after paul walker's death URL
twitter15__407253554039386112,twitter15,407253554039386112,true,True,75,True,True,775716812,407253554039386112,True,0.0,0.00,244,244,244,0.00,2867.33,0.00,2867.33,2867.33,False,0,0,0,2,data_raw/Twitter15_16_dataset/twitter15/tree/407253554039386112.txt,"tyrese at the crash site, where paul walker died, i proper feel for him URL"
twitter15__407254590363426816,twitter15,407254590363426816,true,True,94,True,True,22179997,407254590363426816,True,0.0,0.00,573,576,573,0.00,17392.55,0.00,17392.55,17392.55,False,0,0,0,2,data_raw/Twitter15_16_dataset/twitter15/tree/407254590363426816.txt,"fast and furious 7 ""delayed"" but ""won't be scrapped"" following paul walker's death: report URL"
twitter15__407258075502899200,twitter15,407258075502899200,true,True,119,True,True,830115948,407258075502899200,True,0.0,0.00,207,206,207,0.00,135614.58,0.00,135614.58,135614.58,False,0,0,0,0,data_raw/Twitter15_16_dataset/twitter15/tree/407258075502899200.txt,this is the driver that died in the accident with paul walker. don't forget about him just because he's not famous. URL
twitter15__407262869152358400,twitter15,407262869152358400,true,True,60,True,True,14511951,407262869152358400,True,0.0,0.00,119,118,119,0.00,1171.92,0.00,1171.92,1171.92,False,0,0,0,1,data_raw/Twitter15_16_dataset/twitter15/tree/407262869152358400.txt,"paul walker was ""so happy"" hours before his tragic death URL"
twitter15__407262953533353984,twitter15,407262953533353984,true,True,119,True,True,18510860,407262953533353984,True,0.0,0.00,116,115,116,0.00,16383.38,0.00,16383.38,16383.38,False,0,0,0,1,data_raw/Twitter15_16_dataset/twitter15/tree/407262953533353984.txt,late actor paul walker's admirable history of organizing & participating in international disaster relief missions: URL
twitter15__407264593027670016,twitter15,407264593027670016,true,True,104,True,True,134838249,407264593027670016,True,0.0,0.00,107,107,107,0.00,9561.08,0.00,9561.08,9561.08,False,0,0,0,4,data_raw/Twitter15_16_dataset/twitter15/tree/407264593027670016.txt,rip to the driver roger that died with paul walker that no one talks about because he wasn't famous. URL
twitter15__407267881131732992,twitter15,407267881131732992,true,True,99,True,True,20012204,407267881131732992,True,0.0,0.00,99,98,99,0.00,5276.92,0.00,5276.92,5276.92,False,0,0,0,1,data_raw/Twitter15_16_dataset/twitter15/tree/407267881131732992.txt,watch: paul walker's last trailer for the film hours. the movie is set to release in two weeks. URL
twitter15__407269894938718208,twitter15,407269894938718208,true,True,70,True,True,26853224,407269894938718208,True,0.0,0.00,106,106,106,0.00,10742.07,0.00,10742.07,10742.07,False,0,0,0,2,data_raw/Twitter15_16_dataset/twitter15/tree/407269894938718208.txt,tmz posted this two days before paul walker died ..... #illuminati URL
twitter15__407275991610818560,twitter15,407275991610818560,true,True,103,True,True,76156485,407275991610818560,True,0.0,0.00,169,169,169,0.00,13793.73,0.00,13793.73,13793.73,False,0,0,0,7,data_raw/Twitter15_16_dataset/twitter15/tree/407275991610818560.txt,paul walker's death brought out the worst in some twitter users. i compiled the stupidity for @vice URL
twitter15__407279190913069056,twitter15,407279190913069056,true,True,65,True,True,23482952,407279190913069056,True,0.0,0.00,141,140,141,0.00,23151.95,0.00,23151.95,23151.95,False,0,0,0,1,data_raw/Twitter15_16_dataset/twitter15/tree/407279190913069056.txt,fast & furious franchise responds to paul walker's death: URL URL
twitter15__407290084593913856,twitter15,407290084593913856,true,True,98,True,True,752749796,407290084593913856,True,0.0,0.00,397,396,397,0.00,17362.25,0.00,17362.25,17362.25,False,0,0,0,0,data_raw/Twitter15_16_dataset/twitter15/tree/407290084593913856.txt,rip to the driver who was also killed along with paul walker who no one seems to care about... URL
twitter15__407290871856369664,twitter15,407290871856369664,true,True,81,False,True,467047990,407290871856369664,True,0.0,0.00,396,395,396,0.00,7053.15,0.00,7053.15,7053.15,False,0,0,0,4,data_raw/Twitter15_16_dataset/twitter15/tree/407290871856369664.txt,"r.i.p paul walker, why are people making jokes about his death? not funny at all!"
twitter15__407292452060815360,twitter15,407292452060815360,true,True,107,True,True,40076725,407292452060815360,True,0.0,0.00,156,156,156,0.00,7352.02,0.00,7352.02,7352.02,False,0,0,0,4,data_raw/Twitter15_16_dataset/twitter15/tree/407292452060815360.txt,"in the wake of paul walker's tragic death, what's the future of the @fastfurious movies? URL #rippaulwalker"
twitter15__427652211414274048,twitter15,427652211414274048,true,True,56,True,True,14669951,427652211414274048,True,0.0,0.00,113,112,113,0.00,1152.92,0.00,1152.92,1152.92,False,0,0,0,2,data_raw/Twitter15_16_dataset/twitter15/tree/427652211414274048.txt,ex-marlboro man dies from smoking-related disease... URL
twitter15__427662266993889280,twitter15,427662266993889280,true,True,102,True,True,7309052,427662266993889280,True,0.0,0.00,142,141,142,0.00,11520.43,0.00,11520.43,11520.43,False,0,0,0,0,data_raw/Twitter15_16_dataset/twitter15/tree/427662266993889280.txt,actor who portrayed marlboro man in cigarette ads in late 1970s dies from smoking-related disease: URL
twitter15__427666815842414592,twitter15,427666815842414592,true,True,66,True,True,1367531,427666815842414592,True,0.0,0.00,351,351,351,0.00,2419.67,0.00,2419.67,2419.67,False,0,0,0,1,data_raw/Twitter15_16_dataset/twitter15/tree/427666815842414592.txt,ex-marlboro man dies from smoking -related disease URL via @fox411
twitter15__427689948398231552,twitter15,427689948398231552,true,True,101,True,True,51241574,427689948398231552,True,0.0,0.00,340,340,340,0.00,30073.88,0.00,30073.88,30073.88,False,0,0,1,5,data_raw/Twitter15_16_dataset/twitter15/tree/427689948398231552.txt,actor eric lawson who portrayed the marlboro man dies from chronic obstructive pulmonary disease: URL
twitter15__427690961280696320,twitter15,427690961280696320,true,True,85,True,True,14511951,427690961280696320,True,0.0,0.00,289,288,289,0.00,13567.73,0.00,13567.73,13567.73,False,0,0,0,1,data_raw/Twitter15_16_dataset/twitter15/tree/427690961280696320.txt,man who portrayed the marlboro man in the 1970s dies from smoking-related disease URL
twitter15__427725166127226881,twitter15,427725166127226881,true,True,91,True,True,36327407,427725166127226881,True,0.0,0.00,157,156,157,0.00,21616.43,0.00,21616.43,21616.43,False,0,0,0,0,data_raw/Twitter15_16_dataset/twitter15/tree/427725166127226881.txt,"eric lawson, former 'marlboro man' in cigarette ads dies of smoking-related disease URL URL"
twitter15__427762638274437120,twitter15,427762638274437120,true,True,74,True,True,14173315,427762638274437120,True,0.0,0.00,253,252,253,0.00,2525.95,0.00,2525.95,2525.95,False,0,0,0,1,data_raw/Twitter15_16_dataset/twitter15/tree/427762638274437120.txt,actor who played marlboro man in ads dies from smoking-related disease URL
twitter15__427780584979836929,twitter15,427780584979836929,true,True,75,True,True,87818409,427780584979836929,True,0.0,0.00,120,119,120,0.00,873.48,0.00,873.48,873.48,False,0,0,0,0,data_raw/Twitter15_16_dataset/twitter15/tree/427780584979836929.txt,marlboro ad man eric lawson dies of chronic lung disease URL @guardianworld
twitter15__427831952826449920,twitter15,427831952826449920,true,True,55,True,True,279390084,427831952826449920,True,0.0,0.00,126,126,126,0.00,1249.42,0.00,1249.42,1249.42,False,0,0,0,3,data_raw/Twitter15_16_dataset/twitter15/tree/427831952826449920.txt,ex-marlboro man dies from smoking-related disease - URL
twitter15__427846006600777729,twitter15,427846006600777729,true,True,52,True,True,6433472,427846006600777729,True,0.0,0.00,157,157,157,0.00,20090.63,0.00,20090.63,20090.63,False,0,0,0,3,data_raw/Twitter15_16_dataset/twitter15/tree/427846006600777729.txt,marlboro man dies of smoking-related disease URL URL
twitter15__427924694663454720,twitter15,427924694663454720,true,True,74,True,True,14173315,427924694663454720,True,0.0,0.00,123,123,123,0.00,1880.53,0.00,1880.53,1880.53,False,0,0,0,0,data_raw/Twitter15_16_dataset/twitter15/tree/427924694663454720.txt,actor who played marlboro man in ads dies from smoking-related disease URL
twitter15__427944719612915712,twitter15,427944719612915712,true,True,53,True,True,2467791,427944719612915712,True,0.0,0.00,173,172,173,0.00,4071.48,0.00,4071.48,4071.48,False,0,0,0,1,data_raw/Twitter15_16_dataset/twitter15/tree/427944719612915712.txt,ex-marlboro man dies from smoking-related disease URL
twitter15__428366153149194240,twitter15,428366153149194240,false,True,103,False,True,143257853,428366153149194240,True,0.0,0.00,536,540,536,0.00,307211.75,0.00,307211.75,307211.75,False,0,0,0,26,data_raw/Twitter15_16_dataset/twitter15/tree/428366153149194240.txt,#obamacare will soon require you to get an rfid chip implanted into your skin to monitor and track you.
twitter15__435998882250899456,twitter15,435998882250899456,false,True,138,False,True,380617189,435998882250899456,True,0.0,0.00,398,399,398,0.00,17697.17,0.00,17697.17,17697.17,False,0,0,2,15,data_raw/Twitter15_16_dataset/twitter15/tree/435998882250899456.txt,"what if talking angela is actually boris laursen he be like ""i just stole all your personal information what are you going to do about it"""
twitter15__436001434212249600,twitter15,436001434212249600,false,True,104,True,True,166889771,436001434212249600,True,0.0,0.00,121,120,121,0.00,1163.47,0.00,1163.47,1163.47,False,0,0,0,0,data_raw/Twitter15_16_dataset/twitter15/tree/436001434212249600.txt,talking angela is an app that has been hacked and asks for you personal information. spread the word URL
twitter15__436074888638763008,twitter15,436074888638763008,false,True,94,True,True,603558099,436074888638763008,True,0.0,0.00,303,303,303,0.00,7629.95,0.00,7629.95,7629.95,False,0,0,0,2,data_raw/Twitter15_16_dataset/twitter15/tree/436074888638763008.txt,"""talking angela gets ur personal info"" ""he's a kidnapper"" ""he watches u through ur camera"" URL"
twitter15__436089462326849536,twitter15,436089462326849536,false,True,65,True,True,571107566,436089462326849536,True,0.0,0.00,479,498,479,0.00,4914.83,0.00,4914.83,4914.83,False,0,0,11,70,data_raw/Twitter15_16_dataset/twitter15/tree/436089462326849536.txt,omfg read this its my personal experience with talking angela URL
twitter15__436146437530075136,twitter15,436146437530075136,true,True,118,True,True,25116235,436146437530075136,True,0.0,0.00,486,485,486,0.00,626.08,0.00,626.08,626.08,False,0,0,0,0,data_raw/Twitter15_16_dataset/twitter15/tree/436146437530075136.txt,not good for fancy #swiss #brand @nestle : philly steak & cheese @hotpockets linked to massive #beef #recall URL #food
twitter15__436157173161144321,twitter15,436157173161144321,false,True,94,True,True,953961499,436157173161144321,True,0.0,0.00,331,330,331,0.00,5875.90,0.00,5875.90,5875.90,False,0,0,0,2,data_raw/Twitter15_16_dataset/twitter15/tree/436157173161144321.txt,"""talking angela gets ur personal info"" ""he's a kidnapper"" ""he watches u through ur camera"" URL"
twitter15__436157398269849602,twitter15,436157398269849602,true,True,101,True,True,21845346,436157398269849602,True,0.0,0.00,563,563,563,0.00,13388.00,0.00,13388.00,13388.00,False,0,0,0,3,data_raw/Twitter15_16_dataset/twitter15/tree/436157398269849602.txt,"hot pockets recall involves meat from place fda says ""processed diseased and unsound animals. URL URL"
twitter15__436160836524965891,twitter15,436160836524965891,true,True,78,True,True,759251,436160836524965891,True,0.0,0.00,306,312,306,0.00,8687.27,0.00,8687.27,8687.27,False,0,0,0,11,data_raw/Twitter15_16_dataset/twitter15/tree/436160836524965891.txt,nestlé usa has issued a recall of hot pockets. see the varieties affected: URL
twitter15__436195672677953536,twitter15,436195672677953536,false,True,120,True,True,853428222,436195672677953536,True,0.0,0.00,125,124,125,0.00,2107.85,0.00,2107.85,2107.85,False,0,0,0,0,data_raw/Twitter15_16_dataset/twitter15/tree/436195672677953536.txt,"*reads things about talking angela* ""talking angela gets ur personal info"" ""talking angela can access all ur photos"" URL"
twitter15__436215971272212480,twitter15,436215971272212480,false,True,117,True,True,1022222779,436215971272212480,True,0.0,0.00,150,149,150,0.00,5990.28,0.00,5990.28,5990.28,False,0,0,0,0,data_raw/Twitter15_16_dataset/twitter15/tree/436215971272212480.txt,"""talking angela is a hacker"" ""he's a kidnapper"" ""he watches u through ur camera"" ""he asks about ur personal life"" URL"
twitter15__445495350171013120,twitter15,445495350171013120,true,True,133,False,True,2350451702,445495350171013120,True,0.0,0.00,110,109,110,0.00,90209.72,0.00,90209.72,90209.72,False,0,0,0,1,data_raw/Twitter15_16_dataset/twitter15/tree/445495350171013120.txt,#prayforchristopher please rt/fav this it means u care and maybe chris brown will see this and will see that we care and smiles again
twitter15__450341615979069440,twitter15,450341615979069440,false,True,95,True,True,18208354,450341615979069440,True,0.0,0.00,201,201,201,0.00,87833.27,0.00,87833.27,87833.27,False,0,0,0,8,data_raw/Twitter15_16_dataset/twitter15/tree/450341615979069440.txt,"""@dangerburgundy: @joerogan what...successful clone of dinosaurs URL "" holy shit, is that real?"
twitter15__455525437351800832,twitter15,455525437351800832,false,True,102,False,True,63056402,455525437351800832,True,0.0,0.00,126,125,126,0.00,12380.65,0.00,12380.65,12380.65,False,0,0,0,0,data_raw/Twitter15_16_dataset/twitter15/tree/455525437351800832.txt,why is my grandpa tryin to tell me leonardo dicapro is gonna play martin luther king in a movie.. lol!
twitter15__470025166760980483,twitter15,470025166760980483,false,True,97,True,True,50434933,470025166760980483,True,0.0,0.00,144,145,144,0.00,4832.48,0.00,4832.48,4832.48,False,0,0,0,2,data_raw/Twitter15_16_dataset/twitter15/tree/470025166760980483.txt,where is michelle obama’s hashtag for meriam ibrahim? she’s pregnant and sentenced to die URL URL
twitter15__482880640560271361,twitter15,482880640560271361,false,True,81,True,True,237403203,482880640560271361,True,0.0,0.00,224,235,224,0.00,9095.75,0.00,9095.75,9095.75,False,0,0,0,23,data_raw/Twitter15_16_dataset/twitter15/tree/482880640560271361.txt,religious subjugation? u.s. troops in bahrain getting ramadan training. URL #tcot
twitter15__489794369487380480,twitter15,489794369487380480,false,True,89,True,True,227423066,489794369487380480,True,0.0,0.00,1388,1389,1388,0.00,4300.77,0.00,4300.77,4300.77,False,0,0,0,4,data_raw/Twitter15_16_dataset/twitter15/tree/489794369487380480.txt,breaking: malaysian airlines passenger 'shot down' near russian border in ukraine URL URL
twitter15__489794593580650497,twitter15,489794593580650497,false,True,88,True,True,271413771,489794593580650497,True,0.0,0.00,1686,1692,1686,0.00,6978.48,0.00,6978.48,6978.48,False,0,0,0,5,data_raw/Twitter15_16_dataset/twitter15/tree/489794593580650497.txt,breaking: malaysia airlines passenger 'shot down' near russian border in ukraine URL URL
twitter15__489794696013967360,twitter15,489794696013967360,false,True,89,True,True,329121956,489794696013967360,True,0.0,0.00,269,268,269,0.00,856.52,0.00,856.52,856.52,False,0,0,0,1,data_raw/Twitter15_16_dataset/twitter15/tree/489794696013967360.txt,breaking: malaysian airlines passenger 'shot down' near russian border in ukraine URL URL
twitter15__489796088338341888,twitter15,489796088338341888,false,True,77,True,True,271413771,489796088338341888,True,0.0,0.00,117,116,117,0.00,267.02,0.00,267.02,267.02,False,0,0,0,2,data_raw/Twitter15_16_dataset/twitter15/tree/489796088338341888.txt,breaking: malaysia airlines plane 'shot down' was carrying 295 people URL URL
twitter15__489796998615547904,twitter15,489796998615547904,false,True,95,True,True,271413771,489796998615547904,True,0.0,0.00,386,385,386,0.00,530729.03,0.00,530729.03,530729.03,False,0,0,0,1,data_raw/Twitter15_16_dataset/twitter15/tree/489796998615547904.txt,breaking: malaysia airlines plane 'shot down' travelling from amsterdam to kuala lumpur URL URL
twitter15__489798219283857408,twitter15,489798219283857408,false,True,78,True,True,271413771,489798219283857408,True,0.0,0.00,343,342,343,0.00,2218.33,0.00,2218.33,2218.33,False,0,0,0,1,data_raw/Twitter15_16_dataset/twitter15/tree/489798219283857408.txt,ukrainian minister says rebels shot down #mh17 malaysia airlines plane URL URL
twitter15__489798752358916096,twitter15,489798752358916096,false,True,79,True,True,271413771,489798752358916096,True,0.0,0.00,118,118,118,0.00,184.38,0.00,184.38,184.38,False,0,0,0,0,data_raw/Twitter15_16_dataset/twitter15/tree/489798752358916096.txt,malaysia airlines plane mh17 'shot down in ukraine near russian border' URL URL
twitter15__489798752438583297,twitter15,489798752438583297,false,True,79,True,True,329121956,489798752438583297,True,0.0,0.00,265,264,265,0.00,6577.77,0.00,6577.77,6577.77,False,0,0,0,1,data_raw/Twitter15_16_dataset/twitter15/tree/489798752438583297.txt,malaysia airlines plane mh17 'shot down in ukraine near russian border' URL URL
twitter15__489800427152879616,twitter15,489800427152879616,false,True,95,True,True,2467791,489800427152879616,True,0.0,0.00,536,535,536,0.00,7080.48,0.00,7080.48,7080.48,False,0,0,0,2,data_raw/Twitter15_16_dataset/twitter15/tree/489800427152879616.txt,malaysia airlines says it lost contact with plane that was flying in ukrainian airspace URL URL
twitter15__489802446001434625,twitter15,489802446001434625,false,True,64,True,True,16887175,489802446001434625,True,0.0,0.00,136,135,136,0.00,238.72,0.00,238.72,238.72,False,0,0,0,0,data_raw/Twitter15_16_dataset/twitter15/tree/489802446001434625.txt,latest so far on shot down malaysia airlines plane #mh17 URL URL
twitter15__489812926828924928,twitter15,489812926828924928,false,True,102,True,True,759251,489812926828924928,True,0.0,0.00,2541,2546,2541,0.00,887563.47,0.00,887563.47,887563.47,False,0,0,0,32,data_raw/Twitter15_16_dataset/twitter15/tree/489812926828924928.txt,"#mh17 was shot down by ""terrorists,"" an advisor to ukraine’s minister of internal affairs says URL URL"
twitter15__489816746405007360,twitter15,489816746405007360,false,True,88,True,True,1630896181,489816746405007360,True,0.0,0.00,151,153,151,0.00,319.83,0.00,319.83,319.83,False,0,0,0,2,data_raw/Twitter15_16_dataset/twitter15/tree/489816746405007360.txt,first photo from the malaysia airlines crash site in ukraine. via @reuters URL #mh17 URL
twitter15__489818014364086273,twitter15,489818014364086273,false,True,92,True,True,22240612,489818014364086273,True,0.0,0.00,204,203,204,0.00,1081.77,0.00,1081.77,1081.77,False,0,0,0,2,data_raw/Twitter15_16_dataset/twitter15/tree/489818014364086273.txt,#mh17 is believed shot down with old soviet-built buk surface-to-air missile system. URL URL
twitter15__489820657291911168,twitter15,489820657291911168,false,True,64,True,True,15012486,489820657291911168,True,0.0,0.00,213,212,213,0.00,4416.28,0.00,4416.28,4416.28,False,0,0,0,0,data_raw/Twitter15_16_dataset/twitter15/tree/489820657291911168.txt,reported photographs from malaysia airlines #mh17 crash: URL URL
twitter15__489829414704648192,twitter15,489829414704648192,false,True,101,True,True,15307435,489829414704648192,True,0.0,0.00,391,390,391,0.00,2999.58,0.00,2999.58,2999.58,False,0,0,0,0,data_raw/Twitter15_16_dataset/twitter15/tree/489829414704648192.txt,เผยกบฏยูเครนอาจเข้าใจผิดคิดว่า #mh17 เป็นเครื่องบินทหารยูเครนรุกล้ำ / 14 ก.ค.ก็เพิ่งยิงตกไปลำ URL URL
twitter15__489833932813516800,twitter15,489833932813516800,false,True,89,True,True,2467791,489833932813516800,True,0.0,0.00,1081,1091,1081,0.00,5641.55,0.00,5641.55,5641.55,False,0,0,1,23,data_raw/Twitter15_16_dataset/twitter15/tree/489833932813516800.txt,this is the surface-to-air missile ukraine says shot down malaysia airlines plane URL URL
twitter15__489836271049928704,twitter15,489836271049928704,false,True,102,True,True,972651,489836271049928704,True,0.0,0.00,191,191,191,0.00,16104.95,0.00,16104.95,16104.95,False,0,0,0,0,data_raw/Twitter15_16_dataset/twitter15/tree/489836271049928704.txt,could a buk surface-to-air missile system have brought down malaysia airlines flight 17? URL #mh17 URL
twitter15__489836441120145408,twitter15,489836441120145408,false,True,63,True,True,37034483,489836441120145408,True,0.0,0.00,152,151,152,0.00,31127.52,0.00,31127.52,31127.52,False,0,0,0,3,data_raw/Twitter15_16_dataset/twitter15/tree/489836441120145408.txt,first pics from the site in ukraine where #mh17 crashed URL URL
twitter15__489841070818488320,twitter15,489841070818488320,false,True,81,True,True,16973333,489841070818488320,True,0.0,0.00,241,241,241,0.00,5017.62,0.00,5017.62,5017.62,False,0,0,0,2,data_raw/Twitter15_16_dataset/twitter15/tree/489841070818488320.txt,'nine britons and 80 children' feared dead after flight #mh17 'shot down' URL URL
twitter15__489854703321509888,twitter15,489854703321509888,false,True,94,True,True,16973333,489854703321509888,True,0.0,0.00,226,230,226,0.00,904.88,0.00,904.88,904.88,False,0,0,0,13,data_raw/Twitter15_16_dataset/twitter15/tree/489854703321509888.txt,"'nine britons, 23 us citizens and 80 children' feared dead after #mh17 jet 'shot down' URL URL"
twitter15__489865454312099840,twitter15,489865454312099840,false,True,102,True,True,15250661,489865454312099840,True,0.0,0.00,124,123,124,0.00,348702.92,0.00,348702.92,348702.92,False,0,0,0,1,data_raw/Twitter15_16_dataset/twitter15/tree/489865454312099840.txt,authorities collecting passports at #mh17 crash site. australian coat of arms clearly visible. URL URL
twitter15__489867900296368129,twitter15,489867900296368129,false,True,86,True,True,972651,489867900296368129,True,0.0,0.00,463,464,463,0.00,37346.85,0.00,37346.85,37346.85,False,0,0,0,4,data_raw/Twitter15_16_dataset/twitter15/tree/489867900296368129.txt,"pro-russian rebel leader in leaked audio: ""cossacks"" shot down the plane URL #mh17 URL"
twitter15__489872119158046720,twitter15,489872119158046720,false,True,97,True,True,8839632,489872119158046720,True,0.0,0.00,111,110,111,0.00,488.75,0.00,488.75,488.75,False,0,0,0,0,data_raw/Twitter15_16_dataset/twitter15/tree/489872119158046720.txt,"latest: malaysia airlines #mh17 shot down by a surface-to-air missile, u.s. officials say URL URL"
twitter15__489872500462190593,twitter15,489872500462190593,false,True,102,True,True,14940354,489872500462190593,True,0.0,0.00,345,347,345,0.00,2364.13,0.00,2364.13,2364.13,False,0,0,1,5,data_raw/Twitter15_16_dataset/twitter15/tree/489872500462190593.txt,new. leaked phone call between rebel leader & russian intel agent: “cossacks” shot down #mh17. URL URL
twitter15__489874311143260160,twitter15,489874311143260160,false,True,94,True,True,8839632,489874311143260160,True,0.0,0.00,164,163,164,0.00,1962.27,0.00,1962.27,1962.27,False,0,0,0,1,data_raw/Twitter15_16_dataset/twitter15/tree/489874311143260160.txt,.@vp biden: malaysia airlines #mh17 was 'shot down not an accident. blown out of the sky.' URL
twitter15__489887806018183168,twitter15,489887806018183168,false,True,93,True,True,230527949,489887806018183168,True,0.0,0.00,104,103,104,0.00,8983.52,0.00,8983.52,8983.52,False,0,0,0,0,data_raw/Twitter15_16_dataset/twitter15/tree/489887806018183168.txt,malaysia airlines executive releases partial list of passengers' nationalities: URL URL #mh17
twitter15__489902412900343809,twitter15,489902412900343809,false,True,98,True,True,972651,489902412900343809,True,0.0,0.00,1128,1137,1128,0.00,15844.05,0.00,15844.05,15844.05,False,0,0,0,33,data_raw/Twitter15_16_dataset/twitter15/tree/489902412900343809.txt,update: rebel leader in recorded call: we just shot down a plane (english subtitles) URL #mh17 URL
twitter15__489968646014246912,twitter15,489968646014246912,false,True,60,True,True,16675569,489968646014246912,True,0.0,0.00,249,248,249,0.00,1075.93,0.00,1075.93,1075.93,False,0,0,0,0,data_raw/Twitter15_16_dataset/twitter15/tree/489968646014246912.txt,here's the passenger breakdown by nationality: URL #mh17 URL
twitter15__489970164469751808,twitter15,489970164469751808,false,True,75,True,True,56897868,489970164469751808,True,0.0,0.00,212,211,212,0.00,10240.22,0.00,10240.22,10240.22,False,0,0,0,1,data_raw/Twitter15_16_dataset/twitter15/tree/489970164469751808.txt,current passenger breakdown by nationality - via @theage @smh #mh17 URL URL
twitter15__489974591985840128,twitter15,489974591985840128,false,True,87,True,True,3108351,489974591985840128,True,0.0,0.00,737,737,737,0.00,39565.33,0.00,39565.33,39565.33,False,0,0,0,2,data_raw/Twitter15_16_dataset/twitter15/tree/489974591985840128.txt,ukraine officials say malaysian jet was shot down by a buk missile system URL #mh17 URL
twitter15__489975398151618560,twitter15,489975398151618560,false,True,100,True,True,2836421,489975398151618560,True,0.0,0.00,158,158,158,0.00,2164.02,0.00,2164.02,2164.02,False,0,0,0,2,data_raw/Twitter15_16_dataset/twitter15/tree/489975398151618560.txt,a memorial for #mh17 victims forms near the netherlands embassy in kiev: URL (roman pilipey/epa) URL
twitter15__490080544949276672,twitter15,490080544949276672,false,True,88,True,True,3108351,490080544949276672,True,0.0,0.00,423,428,423,0.00,129895.25,0.00,129895.25,129895.25,False,0,0,0,6,data_raw/Twitter15_16_dataset/twitter15/tree/490080544949276672.txt,ukraine officials say malaysia plane #mh17 was shot down by a buk missile system URL URL
twitter15__490136764619948032,twitter15,490136764619948032,false,True,88,True,True,972651,490136764619948032,True,0.0,0.00,112,111,112,0.00,14792.02,0.00,14792.02,14792.02,False,0,0,0,1,data_raw/Twitter15_16_dataset/twitter15/tree/490136764619948032.txt,the fact that malaysia airlines #mh17 was shot down may hinder insurance payouts URL URL
twitter15__490141776984825856,twitter15,490141776984825856,false,True,100,True,True,759251,490141776984825856,True,0.0,0.00,690,708,690,0.00,27394.27,0.00,27394.27,27394.27,False,0,0,10,57,data_raw/Twitter15_16_dataset/twitter15/tree/490141776984825856.txt,u.s intel: missile that hit #mh17 was most likely fired by pro-russian separatists. details: URL URL
twitter15__491200302365040640,twitter15,491200302365040640,false,True,94,True,True,2097571,491200302365040640,True,0.0,0.00,293,296,293,0.00,18845.23,0.00,18845.23,18845.23,False,0,0,4,21,data_raw/Twitter15_16_dataset/twitter15/tree/491200302365040640.txt,who shot down the plane? where are the black boxes? 8 unanswered questions from #mh17: URL URL
twitter15__491241885399539712,twitter15,491241885399539712,false,True,102,True,True,16973333,491241885399539712,True,0.0,0.00,247,260,247,0.00,937.13,0.00,937.13,937.13,False,0,0,3,58,data_raw/Twitter15_16_dataset/twitter15/tree/491241885399539712.txt,"ukrainian military jet was flying close to #mh17 before it was shot down, says russian officer URL URL"
twitter15__491591245152935936,twitter15,491591245152935936,false,True,99,True,True,759251,491591245152935936,True,0.0,0.00,732,749,732,0.00,287827.38,0.00,287827.38,287827.38,False,0,0,1,25,data_raw/Twitter15_16_dataset/twitter15/tree/491591245152935936.txt,"a russian officer ""pushed that button deliberately"" & shot down #mh17, ukrainian gov. says: URL URL"
twitter15__495305620342714369,twitter15,495305620342714369,true,True,87,True,True,34713362,495305620342714369,True,0.0,0.00,125,125,125,0.00,8283.05,0.00,8283.05,8283.05,False,0,0,0,2,data_raw/Twitter15_16_dataset/twitter15/tree/495305620342714369.txt,"tesla says it's broken ground near reno, nevada for a $5 billion battery plant: URL URL"
twitter15__495365942726381568,twitter15,495365942726381568,false,True,64,False,True,1245320090,495365942726381568,True,0.0,0.00,191,190,191,0.00,74699.67,0.00,74699.67,74699.67,False,0,0,0,2,data_raw/Twitter15_16_dataset/twitter15/tree/495365942726381568.txt,"#riphulkhogan. you lifted weights, but you also lifted my heart."
twitter15__495366618818830336,twitter15,495366618818830336,false,True,67,False,True,138102228,495366618818830336,True,0.0,0.00,177,177,177,0.00,641553.47,0.00,641553.47,641553.47,False,0,0,1,1,data_raw/Twitter15_16_dataset/twitter15/tree/495366618818830336.txt,#riphulkhogan my heart is ripping like your shirt. wwe'll miss you.
twitter15__495583434954514432,twitter15,495583434954514432,false,True,120,True,True,2371458720,495583434954514432,True,0.0,0.00,121,123,121,0.00,2576.30,0.00,2576.30,2576.30,False,0,0,0,8,data_raw/Twitter15_16_dataset/twitter15/tree/495583434954514432.txt,"bird pooped on #putin when he was saying ""violence begets violence"" at the opening of monument to the 1st world war. URL"
twitter15__496698590153416704,twitter15,496698590153416704,false,True,84,False,True,1239313056,496698590153416704,True,0.0,0.00,593,593,593,0.00,7850.47,0.00,7850.47,7850.47,False,0,0,0,16,data_raw/Twitter15_16_dataset/twitter15/tree/496698590153416704.txt,"""justin bieber ringtone saves russian fisherman from potentially fatal bear attack."""
twitter15__497073936077959169,twitter15,497073936077959169,false,True,54,True,True,16331010,497073936077959169,True,0.0,0.00,177,176,177,0.00,1199.45,0.00,1199.45,1199.45,False,0,0,1,2,data_raw/Twitter15_16_dataset/twitter15/tree/497073936077959169.txt,#breaking: justin bieber thwarts bear attack!! URL URL
twitter15__498280126254428160,twitter15,498280126254428160,unverified,True,97,False,True,24165761,498280126254428160,True,0.0,0.00,137,136,137,0.00,4217.32,0.00,4217.32,4217.32,False,0,0,0,0,data_raw/Twitter15_16_dataset/twitter15/tree/498280126254428160.txt,"mike brown was staying with his grandmother for the summer, who lived in the community. #ferguson"
twitter15__499366666300846081,twitter15,499366666300846081,unverified,True,117,True,True,230527949,499366666300846081,True,0.0,0.00,134,133,134,0.00,11304.28,0.00,11304.28,11304.28,False,0,0,0,3,data_raw/Twitter15_16_dataset/twitter15/tree/499366666300846081.txt,line of police cars with high beams on greets anyone trying to enter #ferguson. it's shut down. no media allowed. URL
twitter15__499368931367608320,twitter15,499368931367608320,unverified,True,126,False,True,17072206,499368931367608320,True,0.0,0.00,127,134,127,0.00,2639.15,0.00,2639.15,2639.15,False,0,0,2,17,data_raw/Twitter15_16_dataset/twitter15/tree/499368931367608320.txt,"currently the #foxnews website has zero, repeat, zero coverage of the #ferguson protests, probably due to lack of cowboy hats."
twitter15__499456140044824576,twitter15,499456140044824576,unverified,True,140,False,True,16936858,499456140044824576,True,0.0,0.00,163,163,163,0.00,596.72,0.00,596.72,596.72,False,0,0,0,0,data_raw/Twitter15_16_dataset/twitter15/tree/499456140044824576.txt,st. louis co police tell me ofcr shot a man who pointed handgun at him at chambers & sheffingdell at about 1 a.m. man in critical. #ferguson
twitter15__499530130487017472,twitter15,499530130487017472,unverified,True,118,True,True,24165761,499530130487017472,True,0.0,0.00,400,403,400,0.00,43725.37,0.00,43725.37,43725.37,False,0,0,5,5,data_raw/Twitter15_16_dataset/twitter15/tree/499530130487017472.txt,a woman in #ferguson was shot in head last night and released this selfie. conflicting reports of how it happened: URL
twitter15__499612545909415938,twitter15,499612545909415938,unverified,True,139,False,True,195271137,499612545909415938,True,0.0,0.00,119,119,119,0.00,2473.83,0.00,2473.83,2473.83,False,0,0,3,7,data_raw/Twitter15_16_dataset/twitter15/tree/499612545909415938.txt,"nearly 7k blacks were murdered last yr--almost all by other blacks. a tiny % were unarmed-killed-by-cop. where's al, jesse? #tcot #ferguson"
twitter15__499679379820412928,twitter15,499679379820412928,true,True,63,True,True,42921216,499679379820412928,True,0.0,0.00,2281,2321,2281,0.00,432497.45,0.00,432497.45,432497.45,False,0,0,10,56,data_raw/Twitter15_16_dataset/twitter15/tree/499679379820412928.txt,confirmed: #mikebrown had no criminal record. URL #ferguson URL
twitter15__499683602452717569,twitter15,499683602452717569,true,True,104,True,True,15249499,499683602452717569,True,0.0,0.00,873,875,873,0.00,4738.62,0.00,4738.62,4738.62,False,0,0,0,5,data_raw/Twitter15_16_dataset/twitter15/tree/499683602452717569.txt,confirmed: this is irrelevant. rt @ksdknews: confirmed: #mikebrown had no criminal record. URL #ferguson
twitter15__500258409988763649,twitter15,500258409988763649,unverified,True,102,True,True,15754281,500258409988763649,True,0.0,0.00,98,97,98,0.00,661.67,0.00,661.67,661.67,False,0,0,0,1,data_raw/Twitter15_16_dataset/twitter15/tree/500258409988763649.txt,"name of #ferguson cop is expected to be released by 9 et, police chief says: URL (j.b. forbes, ap) URL"
twitter15__500270780832174080,twitter15,500270780832174080,unverified,True,96,True,True,15108530,500270780832174080,True,0.0,0.00,129,129,129,0.00,12615.05,0.00,12615.05,12615.05,False,0,0,0,1,data_raw/Twitter15_16_dataset/twitter15/tree/500270780832174080.txt,police in #ferguson plan to release name of officer who shot unarmed teen michael brown: URL URL
twitter15__500278045597368320,twitter15,500278045597368320,unverified,True,81,True,True,64643056,500278045597368320,True,0.0,0.00,190,190,190,0.00,1338.53,0.00,1338.53,1338.53,False,0,0,0,2,data_raw/Twitter15_16_dataset/twitter15/tree/500278045597368320.txt,urgent: darren wilson is the police officer who shot mike brown URL #ferguson URL
twitter15__500278294055768064,twitter15,500278294055768064,true,True,132,False,True,2467791,500278294055768064,True,0.0,0.00,100,100,100,0.00,1019.88,0.00,1019.88,1019.88,False,0,0,0,2,data_raw/Twitter15_16_dataset/twitter15/tree/500278294055768064.txt,"ferguson police chief: officer involved in shooting of michael brown was darren wilson, a 6-year veteran with no disciplinary record"
twitter15__500279160795721728,twitter15,500279160795721728,unverified,True,140,False,True,63144098,500279160795721728,True,0.0,0.00,247,278,247,0.00,5890.82,0.00,5890.82,5890.82,False,0,0,3,43,data_raw/Twitter15_16_dataset/twitter15/tree/500279160795721728.txt,"question for #ferguson police chief? if officer darren wilson was in pursuit of a robbery suspect, why tell kids to get out of the road? lie"
twitter15__500279189405433858,twitter15,500279189405433858,unverified,True,119,False,True,193395018,500279189405433858,True,0.0,0.00,121,120,121,0.00,2283.38,0.00,2283.38,2283.38,False,0,0,6,13,data_raw/Twitter15_16_dataset/twitter15/tree/500279189405433858.txt,"that was very ""slick"" of the police chief to create a narrative that #mikebrown was a ""suspect"" in a robbery! #ferguson"
twitter15__500280422295937024,twitter15,500280422295937024,unverified,True,104,False,True,89887215,500280422295937024,True,0.0,0.00,109,108,109,0.00,599.30,0.00,599.30,599.30,False,0,0,0,1,data_raw/Twitter15_16_dataset/twitter15/tree/500280422295937024.txt,darren wilson is a six year veteran of the #ferguson police and had no disciplinary actions against him.
twitter15__500280838710247424,twitter15,500280838710247424,unverified,True,111,False,True,56539746,500280838710247424,True,0.0,0.00,166,173,166,0.00,647.88,0.00,647.88,647.88,False,0,0,0,5,data_raw/Twitter15_16_dataset/twitter15/tree/500280838710247424.txt,"police reports released this morning indicate mike brown was a suspect in a ""strong-armed"" robbery in #ferguson"
twitter15__500281094239817728,twitter15,500281094239817728,unverified,True,133,False,True,172869874,500281094239817728,True,0.0,0.00,101,100,101,0.00,5758.35,0.00,5758.35,5758.35,False,0,0,0,1,data_raw/Twitter15_16_dataset/twitter15/tree/500281094239817728.txt,#mikebrown wanted to walk down the street. and he is dead. and the #ferguson pd is using his silence in death to make him a criminal.
twitter15__500281131057811456,twitter15,500281131057811456,unverified,True,121,True,True,2725579568,500281131057811456,True,0.0,0.00,102,102,102,0.00,415.70,0.00,415.70,415.70,False,0,0,1,4,data_raw/Twitter15_16_dataset/twitter15/tree/500281131057811456.txt,"breaking news: according to documents released to the press, #mikebrown was connected to an earlier robbery #ferguson URL"
twitter15__500284699546517505,twitter15,500284699546517505,unverified,True,92,False,True,325076723,500284699546517505,True,0.0,0.00,123,123,123,0.00,948.28,0.00,948.28,948.28,False,0,0,0,4,data_raw/Twitter15_16_dataset/twitter15/tree/500284699546517505.txt,if there is surveillance of a robbery why release stills and not the video itself? #ferguson
twitter15__500286058664579072,twitter15,500286058664579072,unverified,True,94,True,True,972651,500286058664579072,True,0.0,0.00,217,232,217,0.00,2012.93,0.00,2012.93,2012.93,False,0,0,0,35,data_raw/Twitter15_16_dataset/twitter15/tree/500286058664579072.txt,update: #ferguson police release stills from convenience store footage showing robbery URL URL
twitter15__500288349924782080,twitter15,500288349924782080,unverified,True,137,False,True,2725579568,500288349924782080,True,0.0,0.00,303,304,303,0.00,4265.57,0.00,4265.57,4265.57,False,0,0,0,4,data_raw/Twitter15_16_dataset/twitter15/tree/500288349924782080.txt,did anyone think of comparing the clothes that #mikebrown was wearing when he was laying on the street to the security footage? #ferguson
twitter15__500290456845299714,twitter15,500290456845299714,unverified,True,120,True,True,1363520268,500290456845299714,True,0.0,0.00,470,482,470,0.00,5845.45,0.00,5845.45,5845.45,False,0,0,1,8,data_raw/Twitter15_16_dataset/twitter15/tree/500290456845299714.txt,here's the police report. somehow #ferguson cops valued a box of swishers at nearly $50. time to stop smokin i guess URL
twitter15__500294803402137600,twitter15,500294803402137600,unverified,True,83,True,True,14173315,500294803402137600,True,0.0,0.00,243,244,243,0.00,8074.70,0.00,8074.70,8074.70,False,0,0,0,3,data_raw/Twitter15_16_dataset/twitter15/tree/500294803402137600.txt,photos of alleged robbery involving michael brown in #ferguson (via police) URL URL
twitter15__500295393301647360,twitter15,500295393301647360,unverified,True,112,False,True,346809444,500295393301647360,True,0.0,0.00,147,149,147,0.00,782.87,0.00,782.87,782.87,False,0,0,0,1,data_raw/Twitter15_16_dataset/twitter15/tree/500295393301647360.txt,the other day i asked a manager at the #ferguson market if police had requested surveillance video. she said no.
twitter15__500298752469770240,twitter15,500298752469770240,unverified,True,134,False,True,231094495,500298752469770240,True,0.0,0.00,724,729,724,0.00,29302.15,0.00,29302.15,29302.15,False,0,0,2,24,data_raw/Twitter15_16_dataset/twitter15/tree/500298752469770240.txt,shoot unarmed kid. conceal evidence. impose martial law. harass reporters. smear the victim. worst. police. ever. #ferguson #mikebrown
twitter15__500303431928922113,twitter15,500303431928922113,unverified,True,140,False,True,18643437,500303431928922113,True,0.0,0.00,121,122,121,0.00,2341.78,0.00,2341.78,2341.78,False,0,0,0,1,data_raw/Twitter15_16_dataset/twitter15/tree/500303431928922113.txt,"reminder: forget the robbery, forget the minor looting. nothing justifies militarized police pointing sniper rifles at journalists #ferguson"
twitter15__500307001629745152,twitter15,500307001629745152,unverified,True,119,False,True,59042511,500307001629745152,True,0.0,0.00,218,229,218,0.00,3487.35,0.00,3487.35,3487.35,False,0,0,0,69,data_raw/Twitter15_16_dataset/twitter15/tree/500307001629745152.txt,it appears that #ferguson pd are trying to assassinate mike brown's character after literally assassinating mike brown.
twitter15__500308076004929537,twitter15,500308076004929537,unverified,True,137,False,True,1363520268,500308076004929537,True,0.0,0.00,121,127,121,0.00,3373.93,0.00,3373.93,3373.93,False,0,0,0,4,data_raw/Twitter15_16_dataset/twitter15/tree/500308076004929537.txt,"possible ""robbery"" took place and bam! like magic it's as if another unarmed black youth being murdered has been forgotten #smh #ferguson"
twitter15__500319675797209088,twitter15,500319675797209088,unverified,True,100,False,True,6482142,500319675797209088,True,0.0,0.00,127,128,127,0.00,6989.25,0.00,6989.25,6989.25,False,0,0,0,0,data_raw/Twitter15_16_dataset/twitter15/tree/500319675797209088.txt,"if we shot everyone in the street for stealing, imagine the carnage on wall st. #mikebrown #ferguson"
twitter15__500319801344929795,twitter15,500319801344929795,unverified,True,77,True,True,23995748,500319801344929795,True,0.0,0.00,258,260,258,0.00,9062.95,0.00,9062.95,9062.95,False,0,0,0,1,data_raw/Twitter15_16_dataset/twitter15/tree/500319801344929795.txt,"the day #ferguson cops told a dirty, bloody lie (via @thedailybeast): URL URL"
twitter15__500327106824245249,twitter15,500327106824245249,unverified,True,135,False,True,46822887,500327106824245249,True,0.0,0.00,112,111,112,0.00,1201.85,0.00,1201.85,1201.85,False,0,0,0,2,data_raw/Twitter15_16_dataset/twitter15/tree/500327106824245249.txt,"all weekend ppl will be talking about the ""robbery"" instead of the shooting bc #ferguson pd didn't release any info about the shooting."
twitter15__500327120770301952,twitter15,500327120770301952,unverified,True,104,False,True,325076723,500327120770301952,True,0.0,0.00,235,237,235,0.00,4407.18,0.00,4407.18,4407.18,False,0,0,0,0,data_raw/Twitter15_16_dataset/twitter15/tree/500327120770301952.txt,how many white celebrities have been caught shoplifting and end up dead in streets? i'll wait. #ferguson
twitter15__500332933098385408,twitter15,500332933098385408,unverified,True,140,False,True,360738490,500332933098385408,True,0.0,0.00,209,211,209,0.00,3274.08,0.00,3274.08,3274.08,False,0,0,0,1,data_raw/Twitter15_16_dataset/twitter15/tree/500332933098385408.txt,"if you can justify shooting an unarmed teenager by saying ""he might have been committing a misdemeanor"" you are a fucking asshole. #ferguson"
twitter15__500341884678836224,twitter15,500341884678836224,unverified,True,129,False,True,179732982,500341884678836224,True,0.0,0.00,152,152,152,0.00,3090.65,0.00,3090.65,3090.65,False,0,0,0,0,data_raw/Twitter15_16_dataset/twitter15/tree/500341884678836224.txt,"hobby lobby asks #ferguson pd for clarification: ""we thought chopping off someone's hand was the maximum penalty for shoplifting"""
twitter15__500347114975944705,twitter15,500347114975944705,unverified,True,98,True,True,236488883,500347114975944705,True,0.0,0.00,422,448,422,0.00,5373.02,0.00,5373.02,5373.02,False,0,0,1,55,data_raw/Twitter15_16_dataset/twitter15/tree/500347114975944705.txt,new link: #ferguson police release video they say shows a robbery involving #michaelbrown: URL URL
twitter15__500354773133299713,twitter15,500354773133299713,unverified,True,78,True,True,13049362,500354773133299713,True,0.0,0.00,221,221,221,0.00,1471.68,0.00,1471.68,1471.68,False,0,0,0,2,data_raw/Twitter15_16_dataset/twitter15/tree/500354773133299713.txt,"in 2009, #ferguson police beat a man and charged him for bleeding on them: URL"
twitter15__500363126294863876,twitter15,500363126294863876,unverified,True,132,False,True,325265073,500363126294863876,True,0.0,0.00,189,188,189,0.00,1941.17,0.00,1941.17,1941.17,False,0,0,0,4,data_raw/Twitter15_16_dataset/twitter15/tree/500363126294863876.txt,the #ferguson police chief just basically confirmed #mikebrown was gunned to death for the crime of walking in the street? horrific.
twitter15__500363740311982081,twitter15,500363740311982081,unverified,True,113,False,True,21879831,500363740311982081,True,0.0,0.00,223,224,223,0.00,5036.77,0.00,5036.77,5036.77,False,0,0,0,2,data_raw/Twitter15_16_dataset/twitter15/tree/500363740311982081.txt,what's so frustrating is that now we are talking about a robbery and not the killing of an unarmed kid. #ferguson
twitter15__500371149713178625,twitter15,500371149713178625,unverified,True,75,True,True,46822887,500371149713178625,True,0.0,0.00,180,182,180,0.00,1484.77,0.00,1484.77,1484.77,False,0,0,0,3,data_raw/Twitter15_16_dataset/twitter15/tree/500371149713178625.txt,in what world do you let a cop who killed someone leave town? URL #ferguson
twitter15__500377145349521411,twitter15,500377145349521411,unverified,True,128,False,True,14464766,500377145349521411,True,0.0,0.00,179,179,179,0.00,11555.13,0.00,11555.13,11555.13,False,0,0,0,0,data_raw/Twitter15_16_dataset/twitter15/tree/500377145349521411.txt,to be clear: an unarmed teenager possibly stealing a box of cigars does not warrant being shot to death by the police. #ferguson
twitter15__500377906305327104,twitter15,500377906305327104,unverified,True,101,True,True,23831448,500377906305327104,True,0.0,0.00,187,188,187,0.00,1551.08,0.00,1551.08,1551.08,False,0,0,0,4,data_raw/Twitter15_16_dataset/twitter15/tree/500377906305327104.txt,"#ferguson pd charged #henrydavis w/ ""destruction of property"" for bleeding on their uniforms: URL URL"
twitter15__500378522788315137,twitter15,500378522788315137,unverified,True,120,True,True,3108351,500378522788315137,True,0.0,0.00,107,109,107,0.00,5475.87,0.00,5475.87,5475.87,False,0,0,0,3,data_raw/Twitter15_16_dataset/twitter15/tree/500378522788315137.txt,#ferguson police: officer involved in fatal shooting of michael brown didn't know he was suspect in alleged robbery. URL
twitter15__500381163866062848,twitter15,500381163866062848,unverified,True,105,True,True,14717197,500381163866062848,True,0.0,0.00,127,127,127,0.00,581.42,0.00,581.42,581.42,False,0,0,0,2,data_raw/Twitter15_16_dataset/twitter15/tree/500381163866062848.txt,report: #ferguson police beat up wrong suspect then charged him for getting blood on uniforms in 2009 URL
twitter15__500389488217309184,twitter15,500389488217309184,unverified,True,137,False,True,15996661,500389488217309184,True,0.0,0.00,160,166,160,0.00,3148.68,0.00,3148.68,3148.68,False,0,0,0,10,data_raw/Twitter15_16_dataset/twitter15/tree/500389488217309184.txt,#ferguson chief let most of day go by b4 disclosing (after repeated qs) that cop who killed #mikebrown knew nothing about robbery. danger
twitter15__500391222075076610,twitter15,500391222075076610,unverified,True,125,False,True,347451363,500391222075076610,True,0.0,0.00,118,125,118,0.00,4803.60,0.00,4803.60,4803.60,False,0,0,1,31,data_raw/Twitter15_16_dataset/twitter15/tree/500391222075076610.txt,"store owner told @fox2now monday that there was a theft, but said it was not michaelbrown; said it was someone else #ferguson"
twitter15__500394061887709184,twitter15,500394061887709184,unverified,True,140,False,True,14155907,500394061887709184,True,0.0,0.00,133,135,133,0.00,2512.50,0.00,2512.50,2512.50,False,0,0,0,5,data_raw/Twitter15_16_dataset/twitter15/tree/500394061887709184.txt,"the press conf makes #ferguson pd look like they've gone from stonewalling to counter punching. we give up a name, we drag his thru the mud."
twitter15__500413818368184321,twitter15,500413818368184321,unverified,True,109,True,True,179732982,500413818368184321,True,0.0,0.00,123,124,123,0.00,3687.63,0.00,3687.63,3687.63,False,0,0,2,5,data_raw/Twitter15_16_dataset/twitter15/tree/500413818368184321.txt,"remarkably, despite the military-style police presence in #ferguson, a known killer was able to skip town URL"
twitter15__501474962935648256,twitter15,501474962935648256,false,True,137,False,True,25073877,501474962935648256,True,0.0,0.00,716,728,716,0.00,60359.27,0.00,60359.27,60359.27,False,0,0,2,55,data_raw/Twitter15_16_dataset/twitter15/tree/501474962935648256.txt,"the first general killed in a combat zone since vietnam, it is a travesty that obama did not attend major general harold greene’s funeral"
twitter15__501760566160289794,twitter15,501760566160289794,false,True,98,True,True,156743986,501760566160289794,True,0.0,0.00,1281,1295,1281,0.00,18529.25,0.00,18529.25,18529.25,False,0,0,1,10,data_raw/Twitter15_16_dataset/twitter15/tree/501760566160289794.txt,"78 were arrested overnight in ferguson, more than double the total reported by authorities URL URL"
twitter15__501768276523761666,twitter15,501768276523761666,false,True,98,True,True,14173315,501768276523761666,True,0.0,0.00,1153,1171,1153,0.00,226686.37,0.00,226686.37,226686.37,False,0,0,2,66,data_raw/Twitter15_16_dataset/twitter15/tree/501768276523761666.txt,a list of overnight arrests in ferguson shows a much higher number than officials reported URL URL
twitter15__501774251901198336,twitter15,501774251901198336,false,True,98,True,True,2512264104,501774251901198336,True,0.0,0.00,159,160,159,0.00,1387.72,0.00,1387.72,1387.72,False,0,0,0,1,data_raw/Twitter15_16_dataset/twitter15/tree/501774251901198336.txt,a list of overnight arrests in ferguson shows a much higher number than officials reported URL URL
twitter15__501774615837163521,twitter15,501774615837163521,false,True,101,True,True,279390084,501774615837163521,True,0.0,0.00,351,350,351,0.00,1942.47,0.00,1942.47,1942.47,False,0,0,0,1,data_raw/Twitter15_16_dataset/twitter15/tree/501774615837163521.txt,list of overnight arrests in #ferguson much higher than officials reported URL URL via @fergusonunity
twitter15__501781217411215360,twitter15,501781217411215360,false,True,48,True,True,617825073,501781217411215360,True,0.0,0.00,162,163,162,0.00,443.45,0.00,443.45,443.45,False,0,0,0,2,data_raw/Twitter15_16_dataset/twitter15/tree/501781217411215360.txt,"78, not 31, arrested overnight in #ferguson. URL"
twitter15__501785003144273921,twitter15,501785003144273921,false,True,110,True,True,382376904,501785003144273921,True,0.0,0.00,362,364,362,0.00,1374.03,0.00,1374.03,1374.03,False,0,0,0,21,data_raw/Twitter15_16_dataset/twitter15/tree/501785003144273921.txt,nbc: arrest records show #ferguson cops jailed twice as many people last night as they originally claimed. URL
twitter15__501827465032237056,twitter15,501827465032237056,true,True,105,True,True,48956231,501827465032237056,True,0.0,0.00,1202,1244,1202,0.00,21496.02,0.00,21496.02,21496.02,False,0,0,2,56,data_raw/Twitter15_16_dataset/twitter15/tree/501827465032237056.txt,#isis beheads photojournalist james wright foley in a massage to us to end its intervention in #iraq. URL
twitter15__501881262240694272,twitter15,501881262240694272,true,True,105,True,True,18294521,501881262240694272,True,0.0,0.00,470,475,470,0.00,17425.42,0.00,17425.42,17425.42,False,0,0,1,12,data_raw/Twitter15_16_dataset/twitter15/tree/501881262240694272.txt,"please pray for steven sotloff, [another captive american] that #isis has threatened to behead. #tcot URL"
twitter15__501934077612941312,twitter15,501934077612941312,unverified,True,137,False,True,47739450,501934077612941312,True,0.0,0.00,348,366,348,0.00,9467.72,0.00,9467.72,9467.72,False,0,0,0,37,data_raw/Twitter15_16_dataset/twitter15/tree/501934077612941312.txt,wapo: 'british examining [foley] video...to compare it with former guantanamo bay prisoners...believed to have joined the islamic state.'
twitter15__503498696273965056,twitter15,503498696273965056,unverified,True,106,True,True,50769180,503498696273965056,True,0.0,0.00,134,137,134,0.00,3685.57,0.00,3685.57,3685.57,False,0,0,0,3,data_raw/Twitter15_16_dataset/twitter15/tree/503498696273965056.txt,"“key [foley beheading] suspect is abdel majed bary, 23, who left his $1m west london home last year….” URL"
twitter15__503609826128044032,twitter15,503609826128044032,unverified,True,90,True,True,129834917,503609826128044032,True,0.0,0.00,163,179,163,0.00,169960.12,0.00,169960.12,169960.12,False,0,0,1,45,data_raw/Twitter15_16_dataset/twitter15/tree/503609826128044032.txt,suspect in beheading of journalist james foley named as 24 y/o abdel-majed abdel bary. URL
twitter15__503610065769598976,twitter15,503610065769598976,unverified,True,121,True,True,379962842,503610065769598976,True,0.0,0.00,146,160,146,0.00,151740.37,0.00,151740.37,151740.37,False,0,0,1,30,data_raw/Twitter15_16_dataset/twitter15/tree/503610065769598976.txt,#breaking: suspect in beheading of journalist james foley named as 24 y/o abdel-majed abdel bary. URL via @israelbreaking
twitter15__503714147138166784,twitter15,503714147138166784,unverified,True,120,True,True,15595632,503714147138166784,True,0.0,0.00,363,378,363,0.00,6621.27,0.00,6621.27,6621.27,False,0,0,3,16,data_raw/Twitter15_16_dataset/twitter15/tree/503714147138166784.txt,"looks so innocent without the hood. you would never think this london rapper, abdel-majed abdel bary, beheaded foley URL"
twitter15__504106473467944960,twitter15,504106473467944960,true,True,140,False,True,25470710,504106473467944960,True,0.0,0.00,138,138,138,0.00,7114.65,0.00,7114.65,7114.65,False,0,0,2,2,data_raw/Twitter15_16_dataset/twitter15/tree/504106473467944960.txt,this audio tape played on #cnn seems to corroborate witness accounts that #darrenwilson kept shooting after #michaelbrown tried to surrender
twitter15__504109775358287872,twitter15,504109775358287872,true,True,64,True,True,1675592408,504109775358287872,True,0.0,0.00,152,154,152,0.00,5728.05,0.00,5728.05,5728.05,False,0,0,0,1,data_raw/Twitter15_16_dataset/twitter15/tree/504109775358287872.txt,@antoniofrench alleged new shooting audio of #michaelbrown / URL
twitter15__504131150429061121,twitter15,504131150429061121,true,True,98,True,True,166329578,504131150429061121,True,0.0,0.00,202,205,202,0.00,5653.47,0.00,5653.47,5653.47,False,0,0,0,5,data_raw/Twitter15_16_dataset/twitter15/tree/504131150429061121.txt,"breaking: fbi uncovers new audio from neighbor on skype, lawyer counts 11 shots #mikebrown URL URL"
twitter15__504131654810877952,twitter15,504131654810877952,true,True,77,True,True,428333,504131654810877952,True,0.0,0.00,627,645,627,0.00,449566.70,0.00,449566.70,449566.70,False,0,0,3,74,data_raw/Twitter15_16_dataset/twitter15/tree/504131654810877952.txt,attorney: new audio reveals pause in gunfire when michael brown was shot. URL
twitter15__504243239084236800,twitter15,504243239084236800,true,True,103,True,True,11740172,504243239084236800,True,0.0,0.00,166,166,166,0.00,104070.43,0.00,104070.43,104070.43,False,0,0,0,0,data_raw/Twitter15_16_dataset/twitter15/tree/504243239084236800.txt,"new audio recording reveals shots, pause, more shots at mike brown killing.more shots than 6 fired. URL"
twitter15__504244627680272384,twitter15,504244627680272384,true,True,102,True,True,14849562,504244627680272384,True,0.0,0.00,590,594,590,0.00,29630.45,0.00,29630.45,29630.45,False,0,0,0,12,data_raw/Twitter15_16_dataset/twitter15/tree/504244627680272384.txt,cnn: new audio reveals 10 shots fired at michael brown. cluster of 6... a pause... and then 4 more URL
twitter15__504267796424163328,twitter15,504267796424163328,true,True,121,True,True,759251,504267796424163328,True,0.0,0.00,115,116,115,0.00,1476.83,0.00,1476.83,1476.83,False,0,0,1,14,data_raw/Twitter15_16_dataset/twitter15/tree/504267796424163328.txt,can new audio help the michael brown investigation? listen to what an attorney says could be key to the investigation URL
twitter15__504304227246538752,twitter15,504304227246538752,true,True,50,True,True,15754281,504304227246538752,True,0.0,0.00,157,156,157,0.00,366.23,0.00,366.23,366.23,False,0,0,0,0,data_raw/Twitter15_16_dataset/twitter15/tree/504304227246538752.txt,audio may have captured michael brown shooting URL
twitter15__504387128013246465,twitter15,504387128013246465,true,True,59,True,True,14173315,504387128013246465,True,0.0,0.00,334,367,334,0.00,32774.28,0.00,32774.28,32774.28,False,0,0,9,457,data_raw/Twitter15_16_dataset/twitter15/tree/504387128013246465.txt,fbi probing alleged audio of michael brown shooting URL URL
twitter15__504419526998360064,twitter15,504419526998360064,false,True,63,True,True,15256225,504419526998360064,True,0.0,0.00,595,621,595,0.00,2358.57,0.00,2358.57,2358.57,False,0,0,1,30,data_raw/Twitter15_16_dataset/twitter15/tree/504419526998360064.txt,nhl expansion to las vegas is reportedly 'a done deal.' URL URL
twitter15__504433135036407808,twitter15,504433135036407808,false,True,89,False,True,328810158,504433135036407808,True,0.0,0.00,1609,1617,1609,0.00,1031962.12,0.00,1031962.12,1031962.12,False,0,0,2,20,data_raw/Twitter15_16_dataset/twitter15/tree/504433135036407808.txt,gonna be unreal when las vegas goes undefeated at home every year........ #nhl #expansion
twitter15__504441156575297536,twitter15,504441156575297536,false,True,93,True,True,22292529,504441156575297536,True,0.0,0.00,172,171,172,0.00,8466.28,0.00,8466.28,8466.28,False,0,0,1,4,data_raw/Twitter15_16_dataset/twitter15/tree/504441156575297536.txt,looking forward to first matchup between las vegas nhl expansion team and a canadian team URL
twitter15__504448356584677377,twitter15,504448356584677377,false,True,110,False,True,29849267,504448356584677377,True,0.0,0.00,1080,1116,1080,0.00,641668.22,0.00,641668.22,641668.22,False,0,0,6,31,data_raw/Twitter15_16_dataset/twitter15/tree/504448356584677377.txt,"nhl expansion – four teams added by 2017, quebec city, toronto, seattle, and las vegas $1.4b in expansion fees"
twitter15__504450741126582275,twitter15,504450741126582275,false,True,70,True,True,258856976,504450741126582275,True,0.0,0.00,229,228,229,0.00,77671.62,0.00,77671.62,77671.62,False,0,0,0,5,data_raw/Twitter15_16_dataset/twitter15/tree/504450741126582275.txt,waking up late for pre-game skate in vegas like... #nhl #expansion URL
twitter15__504453071041482753,twitter15,504453071041482753,false,True,57,True,True,21660529,504453071041482753,True,0.0,0.00,526,542,526,0.00,63495.85,0.00,63495.85,63495.85,False,0,0,1,7,data_raw/Twitter15_16_dataset/twitter15/tree/504453071041482753.txt,report: #nhl expansion to las vegas ‘a done deal’ URL URL
twitter15__504478567062056962,twitter15,504478567062056962,false,True,78,True,True,119482229,504478567062056962,True,0.0,0.00,213,214,213,0.00,947.90,0.00,947.90,947.90,False,0,0,1,5,data_raw/Twitter15_16_dataset/twitter15/tree/504478567062056962.txt,"report: toronto, seattle, quebec city to join vegas in 2017 nhl expansion: URL"
twitter15__504500863944376321,twitter15,504500863944376321,false,True,131,False,True,493658381,504500863944376321,True,0.0,0.00,102,102,102,0.00,2136.48,0.00,2136.48,2136.48,False,0,0,0,4,data_raw/Twitter15_16_dataset/twitter15/tree/504500863944376321.txt,"quebec city, seattle, and toronto to join las vegas in 2017 nhl expansion, number of nhl teams will be raised to 34. (howard bloom)"
twitter15__504652021601800193,twitter15,504652021601800193,false,True,81,True,True,21416670,504652021601800193,True,0.0,0.00,179,179,179,0.00,19781.22,0.00,19781.22,19781.22,False,0,0,0,6,data_raw/Twitter15_16_dataset/twitter15/tree/504652021601800193.txt,#icebucketchallenge donations exceed $94 million. thank you for your support! URL
twitter15__504771233557147648,twitter15,504771233557147648,false,True,36,False,True,130834875,504771233557147648,True,0.0,0.00,185,186,185,0.00,358830.75,0.00,358830.75,358830.75,False,0,0,0,1,data_raw/Twitter15_16_dataset/twitter15/tree/504771233557147648.txt,maybe tupac is alive and we're dead.
twitter15__504830161993609216,twitter15,504830161993609216,false,True,95,False,True,935434568,504830161993609216,True,0.0,0.00,274,275,274,0.00,895475.43,0.00,895475.43,895475.43,False,0,0,0,3,data_raw/Twitter15_16_dataset/twitter15/tree/504830161993609216.txt,"still waiting for tupac to accept my als ice bucket challenge. bruh, i know you're still alive."
twitter15__505369323922522113,twitter15,505369323922522113,false,True,35,True,True,221939499,505369323922522113,True,0.0,0.00,333,338,333,0.00,524581.63,0.00,524581.63,524581.63,False,0,0,0,9,data_raw/Twitter15_16_dataset/twitter15/tree/505369323922522113.txt,tupac was hiding for 18 years 😳 URL
twitter15__505611045897924608,twitter15,505611045897924608,false,True,103,True,True,1266239359,505611045897924608,True,0.0,0.00,334,356,334,0.00,7658.03,0.00,7658.03,7658.03,False,0,0,1,9,data_raw/Twitter15_16_dataset/twitter15/tree/505611045897924608.txt,"15 year old who ""swatted"" gamer convicted of domestic terrorism; 25 years to life in federal prison URL"
twitter15__505657661120348163,twitter15,505657661120348163,false,True,38,True,True,174172366,505657661120348163,True,0.0,0.00,172,175,172,0.00,1095.78,0.00,1095.78,1095.78,False,0,0,1,8,data_raw/Twitter15_16_dataset/twitter15/tree/505657661120348163.txt,"15 year old ""swatter"" got 25 years URL"
twitter15__506118402466152449,twitter15,506118402466152449,false,True,25,False,True,2757239331,506118402466152449,True,0.0,0.00,890,898,890,0.00,519184.48,0.00,519184.48,519184.48,False,0,0,0,19,data_raw/Twitter15_16_dataset/twitter15/tree/506118402466152449.txt,"i'm alive, see you soon !"
twitter15__506656271517622272,twitter15,506656271517622272,false,True,37,True,True,2565473791,506656271517622272,True,0.0,0.00,579,581,579,0.00,69286.78,0.00,69286.78,69286.78,False,0,0,0,3,data_raw/Twitter15_16_dataset/twitter15/tree/506656271517622272.txt,cant believe tupac is still alive URL
twitter15__506784541696991232,twitter15,506784541696991232,false,True,84,True,True,14173315,506784541696991232,True,0.0,0.00,107,106,107,0.00,3752.27,0.00,3752.27,3752.27,False,0,0,0,2,data_raw/Twitter15_16_dataset/twitter15/tree/506784541696991232.txt,"47 days after his plane was shot down over ukraine, #mh17 pilot laid to rest URL URL"
twitter15__507242819623587841,twitter15,507242819623587841,true,True,72,True,True,20402945,507242819623587841,True,0.0,0.00,164,165,164,0.00,1092591.80,0.00,1092591.80,1092591.80,False,0,0,0,0,data_raw/Twitter15_16_dataset/twitter15/tree/507242819623587841.txt,"breaking: tesla to choose nevada for gigafactory, sources tell cnbc. URL"
twitter15__507257950868885504,twitter15,507257950868885504,true,True,99,False,True,51241574,507257950868885504,True,0.0,0.00,361,362,361,0.00,1672.18,0.00,1672.18,1672.18,False,0,0,0,3,data_raw/Twitter15_16_dataset/twitter15/tree/507257950868885504.txt,breaking: ap source: tesla motors has selected nevada as site for $5b electric car battery factory.
twitter15__507261372313640961,twitter15,507261372313640961,true,True,104,True,True,51241574,507261372313640961,True,0.0,0.00,137,136,137,0.00,2156.92,0.00,2156.92,2156.92,False,0,0,0,1,data_raw/Twitter15_16_dataset/twitter15/tree/507261372313640961.txt,"more: tesla motors picks nevada as home of new electric car battery factory, beating 4 other states: URL"
twitter15__507263441359613953,twitter15,507263441359613953,true,True,100,True,True,1367531,507263441359613953,True,0.0,0.00,168,167,168,0.00,6641.52,0.00,6641.52,6641.52,False,0,0,0,5,data_raw/Twitter15_16_dataset/twitter15/tree/507263441359613953.txt,#tesla reportedly selects nevada to build massive $5 billion battery plant URL via @foxcarreport URL
twitter15__507354546041925632,twitter15,507354546041925632,false,True,102,True,True,2883841,507354546041925632,True,0.0,0.00,181,180,181,0.00,29238.12,0.00,29238.12,29238.12,False,0,0,0,0,data_raw/Twitter15_16_dataset/twitter15/tree/507354546041925632.txt,betty white is victim of death hoax after fans misread satirical story about 92-year-old's dye job URL
twitter15__507454543169617920,twitter15,507454543169617920,false,True,60,True,True,14511951,507454543169617920,True,0.0,0.00,420,422,420,0.00,220385.23,0.00,220385.23,220385.23,False,0,0,0,5,data_raw/Twitter15_16_dataset/twitter15/tree/507454543169617920.txt,"no, internet, betty white is not dead URL (photo: getty) URL"
twitter15__507557659206516736,twitter15,507557659206516736,false,True,69,False,True,68577152,507557659206516736,True,0.0,0.00,215,214,215,0.00,20188.78,0.00,20188.78,20188.78,False,0,0,0,1,data_raw/Twitter15_16_dataset/twitter15/tree/507557659206516736.txt,betty white never die she my lady still i never have the sex with her
twitter15__507634536176300032,twitter15,507634536176300032,false,True,140,False,True,74669397,507634536176300032,True,0.0,0.00,522,521,522,0.00,26430.55,0.00,26430.55,26430.55,False,0,0,0,12,data_raw/Twitter15_16_dataset/twitter15/tree/507634536176300032.txt,if betty white dies today and steals joan's thunder i will unleash a reign of terror upon this nation the likes of which u have never seen!!
twitter15__507918114567499776,twitter15,507918114567499776,true,True,100,True,True,428333,507918114567499776,True,0.0,0.00,343,343,343,0.00,434517.17,0.00,434517.17,434517.17,False,0,0,5,34,data_raw/Twitter15_16_dataset/twitter15/tree/507918114567499776.txt,"al-shabaab leader ahmed abdi godane killed in monday's u.s. airstrike in somalia, pentagon says. URL"
twitter15__508002575858561024,twitter15,508002575858561024,true,True,115,True,True,1652541,508002575858561024,True,0.0,0.00,139,138,139,0.00,435943.73,0.00,435943.73,435943.73,False,0,0,0,0,data_raw/Twitter15_16_dataset/twitter15/tree/508002575858561024.txt,"pentagon confirms ahmed abdi godane, a leader of the al shabaab islamist group, was killed in a u.s. airstrike: URL"
twitter15__509031495101874176,twitter15,509031495101874176,false,True,73,True,True,5695632,509031495101874176,True,0.0,0.00,382,382,382,0.00,517674.82,0.00,517674.82,517674.82,False,0,0,0,9,data_raw/Twitter15_16_dataset/twitter15/tree/509031495101874176.txt,breaking news: durex has not come out with a pumpkin spice condom URL URL
twitter15__509077805296914432,twitter15,509077805296914432,false,True,66,True,True,342737639,509077805296914432,True,0.0,0.00,144,153,144,0.00,13193.78,0.00,13193.78,13193.78,False,0,0,4,28,data_raw/Twitter15_16_dataset/twitter15/tree/509077805296914432.txt,#muslim arrested in #texas today with #isis flag on body armor URL
twitter15__509084603617792001,twitter15,509084603617792001,false,True,116,True,True,342737639,509084603617792001,True,0.0,0.00,176,184,176,0.00,60307.15,0.00,60307.15,60307.15,False,0,0,4,19,data_raw/Twitter15_16_dataset/twitter15/tree/509084603617792001.txt,don't worry ppl #isis isn't a threat to homeland. man wearing body armor with isis flag on it arrested in #texas URL
twitter15__509114008587100160,twitter15,509114008587100160,false,True,76,True,True,2883841,509114008587100160,True,0.0,0.00,739,744,739,0.00,27627.68,0.00,27627.68,27627.68,False,0,0,6,13,data_raw/Twitter15_16_dataset/twitter15/tree/509114008587100160.txt,"sorry, everyone—durex is not making pumpkin spice condoms this fall: URL URL"
twitter15__509152237503778816,twitter15,509152237503778816,false,True,75,True,True,5695632,509152237503778816,True,0.0,0.00,221,224,221,0.00,395302.50,0.00,395302.50,395302.50,False,0,0,0,3,data_raw/Twitter15_16_dataset/twitter15/tree/509152237503778816.txt,calm yourselves- durex has not come out with a pumpkin spice condom URL URL
twitter15__509463916586762241,twitter15,509463916586762241,true,True,68,True,True,3108351,509463916586762241,True,0.0,0.00,142,141,142,0.00,4619.77,0.00,4619.77,4619.77,False,0,0,0,1,data_raw/Twitter15_16_dataset/twitter15/tree/509463916586762241.txt,breaking: microsoft is near a deal to buy minecraft maker mojang URL
twitter15__509463933564891137,twitter15,509463933564891137,true,True,117,True,True,13461662,509463933564891137,True,0.0,0.00,160,164,160,0.00,41610.53,0.00,41610.53,41610.53,False,0,0,2,7,data_raw/Twitter15_16_dataset/twitter15/tree/509463933564891137.txt,"huh. the wall street journal reports microsoft is close to a $2b deal with mojang, aka the creators of minecraft. URL"
twitter15__509464217549021184,twitter15,509464217549021184,true,True,65,True,True,11928542,509464217549021184,True,0.0,0.00,180,185,180,0.00,3057.07,0.00,3057.07,3057.07,False,0,0,2,9,data_raw/Twitter15_16_dataset/twitter15/tree/509464217549021184.txt,"report: microsoft trying to buy mojang, creators of minecraft URL"
twitter15__509464271118688257,twitter15,509464271118688257,true,True,100,True,True,6017542,509464271118688257,True,0.0,0.00,460,464,460,0.00,33995.93,0.00,33995.93,33995.93,False,0,0,0,9,data_raw/Twitter15_16_dataset/twitter15/tree/509464271118688257.txt,source: microsoft in discussions to buy 'minecraft' maker mojang for more than $2 billion - @wsj URL
twitter15__509464457836511232,twitter15,509464457836511232,true,True,102,False,True,155620461,509464457836511232,True,0.0,0.00,286,297,286,0.00,4557.58,0.00,4557.58,4557.58,False,0,0,0,78,data_raw/Twitter15_16_dataset/twitter15/tree/509464457836511232.txt,"apparently microsoft are trying to buy mojang, the creators of minecraft, for around $2 billion... o_o"
twitter15__509466295344304129,twitter15,509466295344304129,true,True,78,True,True,14372486,509466295344304129,True,0.0,0.00,130,131,130,0.00,1177.93,0.00,1177.93,1177.93,False,0,0,0,3,data_raw/Twitter15_16_dataset/twitter15/tree/509466295344304129.txt,microsoft is reportedly buying 'minecraft' developer mojang for $2 billion URL
twitter15__509473920060104704,twitter15,509473920060104704,true,True,82,True,True,46146200,509473920060104704,True,0.0,0.00,113,115,113,0.00,4073.07,0.00,4073.07,4073.07,False,0,0,0,1,data_raw/Twitter15_16_dataset/twitter15/tree/509473920060104704.txt,microsoft to buy mojang - report URL $2 billion deal could be signed this week URL
twitter15__509478961705807872,twitter15,509478961705807872,true,True,100,True,True,14799177,509478961705807872,True,0.0,0.00,148,149,148,0.00,90638.82,0.00,90638.82,90638.82,False,0,0,0,6,data_raw/Twitter15_16_dataset/twitter15/tree/509478961705807872.txt,microsoft to buy mojang for $2 billion - report. deal to be finalised as early as this week. URL URL
twitter15__510286132568150016,twitter15,510286132568150016,false,True,56,True,True,1138569926,510286132568150016,True,0.0,0.00,408,408,408,0.00,188873.62,0.00,188873.62,188873.62,False,0,0,0,3,data_raw/Twitter15_16_dataset/twitter15/tree/510286132568150016.txt,detroit niggas are savages they stole the batmobile. URL
twitter15__510507736287961088,twitter15,510507736287961088,unverified,True,118,True,True,17004618,510507736287961088,True,0.0,0.00,156,156,156,0.00,28951.53,0.00,28951.53,28951.53,False,0,0,0,10,data_raw/Twitter15_16_dataset/twitter15/tree/510507736287961088.txt,us govt reportedly threatened to prosecute family of kidnapped journalist jim foley if it paid ransom URL h/t @acarvin
twitter15__510906049549705216,twitter15,510906049549705216,true,True,96,True,True,322572436,510906049549705216,True,0.0,0.00,200,206,200,0.00,13332.85,0.00,13332.85,13332.85,False,0,0,0,20,data_raw/Twitter15_16_dataset/twitter15/tree/510906049549705216.txt,breaking news: isis beheads a british hostage david haines in message to america's partners. URL
twitter15__510908595144519680,twitter15,510908595144519680,true,True,98,True,True,16887175,510908595144519680,True,0.0,0.00,198,203,198,0.00,1868.07,0.00,1868.07,1868.07,False,0,0,2,7,data_raw/Twitter15_16_dataset/twitter15/tree/510908595144519680.txt,david haines 'beheading': isis release video claiming to show execution of british hostage URL URL
twitter15__510916464631889920,twitter15,510916464631889920,true,True,121,True,True,6017542,510916464631889920,True,0.0,0.00,247,248,247,0.00,4981.45,0.00,4981.45,4981.45,False,0,0,1,7,data_raw/Twitter15_16_dataset/twitter15/tree/510916464631889920.txt,islamic state video purports to show beheading of british hostage david haines; officials can't confirm- @dailymirror URL
twitter15__510916647373516800,twitter15,510916647373516800,true,True,100,True,True,87818409,510916647373516800,True,0.0,0.00,189,188,189,0.00,3595.38,0.00,3595.38,3595.38,False,0,0,0,5,data_raw/Twitter15_16_dataset/twitter15/tree/510916647373516800.txt,a video has been released by isis apparently showing the murder of british hostage david haines: URL
twitter15__510916725953417218,twitter15,510916725953417218,true,True,67,True,True,14511951,510916725953417218,True,0.0,0.00,149,149,149,0.00,4709.77,0.00,4709.77,4709.77,False,0,0,0,1,data_raw/Twitter15_16_dataset/twitter15/tree/510916725953417218.txt,just in: isis video claims to show beheading of british citizen URL
twitter15__510918747188514816,twitter15,510918747188514816,true,True,85,False,True,1367531,510918747188514816,True,0.0,0.00,376,381,376,0.00,67631.40,0.00,67631.40,67631.40,False,0,0,0,41,data_raw/Twitter15_16_dataset/twitter15/tree/510918747188514816.txt,breaking: video claims to show beheading of british aid worker david haines by #isis.
twitter15__510921017972514817,twitter15,510921017972514817,true,True,115,True,True,16172991,510921017972514817,True,0.0,0.00,921,931,921,0.00,8580.08,0.00,8580.08,8580.08,False,0,0,0,22,data_raw/Twitter15_16_dataset/twitter15/tree/510921017972514817.txt,uk aid worker david haines beheaded by #isis remember this great & giving man this way not as isis wants @acted URL
twitter15__510922415468449792,twitter15,510922415468449792,true,True,119,True,True,9397732,510922415468449792,True,0.0,0.00,144,144,144,0.00,2156.78,0.00,2156.78,2156.78,False,0,0,0,0,data_raw/Twitter15_16_dataset/twitter15/tree/510922415468449792.txt,awful mt @scclemons:uk aid worker david haines beheaded by #isis remember this great man this way not as isis wants URL
twitter15__510931521306243072,twitter15,510931521306243072,true,True,115,True,True,1367531,510931521306243072,True,0.0,0.00,330,331,330,0.00,12720.58,0.00,12720.58,12720.58,False,0,0,0,13,data_raw/Twitter15_16_dataset/twitter15/tree/510931521306243072.txt,update: uk prime minister david #cameron describes apparent beheading of david #haines as 'an act of pure evil' URL
twitter15__511330322831507456,twitter15,511330322831507456,unverified,True,119,True,True,91882544,511330322831507456,True,0.0,0.00,585,589,585,0.00,71566.10,0.00,71566.10,71566.10,False,0,0,1,14,data_raw/Twitter15_16_dataset/twitter15/tree/511330322831507456.txt,life in obama's america: govt officials threaten to prosecute american families for trying to save their loved ones URL
twitter15__511918957255991296,twitter15,511918957255991296,false,True,98,True,True,121656624,511918957255991296,True,0.0,0.00,152,152,152,0.00,132421.85,0.00,132421.85,132421.85,False,0,0,0,10,data_raw/Twitter15_16_dataset/twitter15/tree/511918957255991296.txt,three of five detainees swapped are now isis leaders: URL #talibanswap #tcot #ccot #usa #bowie URL
twitter15__513015596879867904,twitter15,513015596879867904,false,True,117,True,True,18548136,513015596879867904,True,0.0,0.00,369,368,369,0.00,188.35,0.00,188.35,188.35,False,0,0,0,0,data_raw/Twitter15_16_dataset/twitter15/tree/513015596879867904.txt,@legendgary #hitemup! bad boy c.e.o. @iamdiddy arrested in connection with murder of tupac shakur: ... URL @wethewest
twitter15__513437031020916738,twitter15,513437031020916738,false,True,97,True,True,2741313561,513437031020916738,True,0.0,0.00,219,218,219,0.00,2709.50,0.00,2709.50,2709.50,False,0,0,0,0,data_raw/Twitter15_16_dataset/twitter15/tree/513437031020916738.txt,'sean combs hoax: puff daddy arrested in tupac shakur murder totally fake; p diddy is ok' URL URL
twitter15__513749585391390720,twitter15,513749585391390720,true,True,75,True,True,774187063,513749585391390720,True,0.0,0.00,267,273,267,0.00,11851.63,0.00,11851.63,11851.63,False,0,0,0,14,data_raw/Twitter15_16_dataset/twitter15/tree/513749585391390720.txt,starbucks is testing a new latte that tastes exactly like guinness: URL URL
twitter15__513779458340569088,twitter15,513779458340569088,true,True,70,True,True,5695632,513779458340569088,True,0.0,0.00,189,190,189,0.00,2509.58,0.00,2509.58,2509.58,False,0,0,0,4,data_raw/Twitter15_16_dataset/twitter15/tree/513779458340569088.txt,starbucks is testing a new latte that tastes exactly like guinness URL
twitter15__513922322915282945,twitter15,513922322915282945,false,True,71,True,True,93637779,513922322915282945,True,0.0,0.00,195,196,195,0.00,37240.83,0.00,37240.83,37240.83,False,0,0,0,10,data_raw/Twitter15_16_dataset/twitter15/tree/513922322915282945.txt,three of five detainees swapped are now isis leaders claims URL URL URL
twitter15__514039286845698048,twitter15,514039286845698048,true,True,99,True,True,23482952,514039286845698048,True,0.0,0.00,682,683,682,0.00,147853.13,0.00,147853.13,147853.13,False,0,0,0,7,data_raw/Twitter15_16_dataset/twitter15/tree/514039286845698048.txt,"alaskan reporter says ""f*ck this,"" quits on live tv — her coworker's reaction is priceless: URL URL"
twitter15__514057033419849728,twitter15,514057033419849728,true,True,94,True,True,23482952,514057033419849728,True,0.0,0.00,140,139,140,0.00,3346.70,0.00,3346.70,3346.70,False,0,0,0,4,data_raw/Twitter15_16_dataset/twitter15/tree/514057033419849728.txt,"alaskan reporter says ""f*ck this,"" quits on live tv in marijuana legalization protest: URL URL"
twitter15__514062859987595264,twitter15,514062859987595264,false,True,83,True,True,380285402,514062859987595264,True,0.0,0.00,910,941,910,0.00,31808.35,0.00,31808.35,31808.35,False,0,0,2,66,data_raw/Twitter15_16_dataset/twitter15/tree/514062859987595264.txt,florida woman surgically adds third breast in bid to become reality tv star URL URL
twitter15__514067907475959808,twitter15,514067907475959808,false,True,94,True,True,292777349,514067907475959808,True,0.0,0.00,524,542,524,0.00,6490.32,0.00,6490.32,6490.32,False,0,0,1,46,data_raw/Twitter15_16_dataset/twitter15/tree/514067907475959808.txt,florida woman surgically adds third breast in bid to become reality tv star URL via daily mail
twitter15__514072132301910016,twitter15,514072132301910016,false,True,97,True,True,9763482,514072132301910016,True,0.0,0.00,189,199,189,0.00,252680.97,0.00,252680.97,252680.97,False,0,0,0,15,data_raw/Twitter15_16_dataset/twitter15/tree/514072132301910016.txt,"a florida woman had surgery to add a third breast to make herself ""unatttractive to men."" URL URL"
twitter15__514081464171102208,twitter15,514081464171102208,false,True,65,True,True,13049362,514081464171102208,True,0.0,0.00,639,651,639,0.00,140809.55,0.00,140809.55,140809.55,False,0,0,2,27,data_raw/Twitter15_16_dataset/twitter15/tree/514081464171102208.txt,a florida woman had surgery to give herself a third boob: URL URL
twitter15__514098803347951616,twitter15,514098803347951616,true,True,136,False,True,292777349,514098803347951616,True,0.0,0.00,126,127,126,0.00,338.48,0.00,338.48,338.48,False,0,0,0,5,data_raw/Twitter15_16_dataset/twitter15/tree/514098803347951616.txt,breaking news: the 3 missing afghan soldiers have been found trying to cross into canada at the rainbow bridge in niagara falls. ny. nbc
twitter15__514098833253748736,twitter15,514098833253748736,true,True,136,False,True,8839632,514098833253748736,True,0.0,0.00,197,201,197,0.00,13053.88,0.00,13053.88,13053.88,False,0,0,0,5,data_raw/Twitter15_16_dataset/twitter15/tree/514098833253748736.txt,"breaking: 3 missing afghan soldiers have been found trying to cross the border into canada, senior law enforcement source tells nbc news"
twitter15__514100169307348992,twitter15,514100169307348992,true,True,121,True,True,6017542,514100169307348992,True,0.0,0.00,172,171,172,0.00,3259.53,0.00,3259.53,3259.53,False,0,0,0,1,data_raw/Twitter15_16_dataset/twitter15/tree/514100169307348992.txt,"reports: missing afghan soldiers found trying to cross into canada, source says -@wcvb, @7news, @nbcnews URL (fixes typo)"
twitter15__514106273852174337,twitter15,514106273852174337,true,True,88,True,True,14173315,514106273852174337,True,0.0,0.00,534,542,534,0.00,36074.58,0.00,36074.58,36074.58,False,0,0,0,17,data_raw/Twitter15_16_dataset/twitter15/tree/514106273852174337.txt,just in: missing afghan soldiers found trying to enter canada near niagara falls URL URL
twitter15__514106939173634048,twitter15,514106939173634048,true,True,76,True,True,1367531,514106939173634048,True,0.0,0.00,241,244,241,0.00,4784.37,0.00,4784.37,4784.37,False,0,0,0,7,data_raw/Twitter15_16_dataset/twitter15/tree/514106939173634048.txt,#breaking: missing afghan soldiers reportedly found near canadian border URL
twitter15__514109888138842113,twitter15,514109888138842113,true,True,99,True,True,23482952,514109888138842113,True,0.0,0.00,167,166,167,0.00,373317.22,0.00,373317.22,373317.22,False,0,0,0,0,data_raw/Twitter15_16_dataset/twitter15/tree/514109888138842113.txt,"alaskan reporter says ""f*ck this,"" quits on live tv — her coworker's reaction is priceless: URL URL"
twitter15__514142113601437696,twitter15,514142113601437696,true,True,101,True,True,759251,514142113601437696,True,0.0,0.00,984,985,984,0.00,30824.02,0.00,30824.02,30824.02,False,0,0,0,15,data_raw/Twitter15_16_dataset/twitter15/tree/514142113601437696.txt,"well, this is one way to quit your job. watch alaskan reporter charlo green quit live on air. URL URL"
twitter15__514148279601606656,twitter15,514148279601606656,true,True,94,True,True,972651,514148279601606656,True,0.0,0.00,203,207,203,0.00,9697.62,0.00,9697.62,9697.62,False,0,0,1,7,data_raw/Twitter15_16_dataset/twitter15/tree/514148279601606656.txt,starbucks is experimenting with a beer-flavored latte that reportedly tastes like guinness URL
twitter15__514150992552931328,twitter15,514150992552931328,false,True,53,True,True,1269837428,514150992552931328,True,0.0,0.00,1353,1380,1353,0.00,1006951.70,0.00,1006951.70,1006951.70,False,0,0,0,55,data_raw/Twitter15_16_dataset/twitter15/tree/514150992552931328.txt,"florida woman pays $20,000 for third breast | URL URL"
twitter15__514201362729828352,twitter15,514201362729828352,true,True,87,True,True,428333,514201362729828352,True,0.0,0.00,351,351,351,0.00,409526.35,0.00,409526.35,409526.35,False,0,0,1,16,data_raw/Twitter15_16_dataset/twitter15/tree/514201362729828352.txt,"three missing afghan officers are in custody at the u.s.-canada border, police say. URL"
twitter15__514308277803294721,twitter15,514308277803294721,unverified,True,116,True,True,18548136,514308277803294721,True,0.0,0.00,319,318,319,0.00,1689.45,0.00,1689.45,1689.45,False,0,0,0,3,data_raw/Twitter15_16_dataset/twitter15/tree/514308277803294721.txt,#hiphop #rap #news apple to shut down beats music streaming service: insiders at beats and apple sa... URL @djscrill
twitter15__514395350615203841,twitter15,514395350615203841,true,True,100,True,True,1562935142,514395350615203841,True,0.0,0.00,164,167,164,0.00,1420.87,0.00,1420.87,1420.87,False,0,0,0,7,data_raw/Twitter15_16_dataset/twitter15/tree/514395350615203841.txt,reporter charlo green quit on air to start a marijuana business URL will quitting on tv pay off? URL
twitter15__514420223873941504,twitter15,514420223873941504,true,True,79,True,True,19636948,514420223873941504,True,0.0,0.00,118,117,118,0.00,4755.33,0.00,4755.33,4755.33,False,0,0,0,0,data_raw/Twitter15_16_dataset/twitter15/tree/514420223873941504.txt,police officers deliver the pie after pizza hut driver injured in crash URL URL
twitter15__514429381737852929,twitter15,514429381737852929,false,True,93,True,True,14861285,514429381737852929,True,0.0,0.00,228,234,228,0.00,4121.75,0.00,4121.75,4121.75,False,0,0,0,9,data_raw/Twitter15_16_dataset/twitter15/tree/514429381737852929.txt,some iphone 6 plus owners accidentally bending their iphones in pockets URL by @kellyhodgkins
twitter15__514451906211893248,twitter15,514451906211893248,true,True,109,True,True,430048955,514451906211893248,True,0.0,0.00,121,121,121,0.00,95446.57,0.00,95446.57,95446.57,False,0,0,0,1,data_raw/Twitter15_16_dataset/twitter15/tree/514451906211893248.txt,oregon police officers step in and make delivery after pizza hut driver gets injured in a car crash: URL #odd
twitter15__514468018970034176,twitter15,514468018970034176,false,True,76,True,True,5695632,514468018970034176,True,0.0,0.00,146,149,146,0.00,1729.83,0.00,1729.83,1729.83,False,0,0,0,10,data_raw/Twitter15_16_dataset/twitter15/tree/514468018970034176.txt,iphone 6 plus users are sitting on and bending their enormous new phones URL
twitter15__514478918636535808,twitter15,514478918636535808,true,True,79,True,True,14173315,514478918636535808,True,0.0,0.00,530,530,530,0.00,82707.90,0.00,82707.90,82707.90,False,0,0,0,8,data_raw/Twitter15_16_dataset/twitter15/tree/514478918636535808.txt,portland cops complete delivery after pizza hut driver injured in crash URL URL
twitter15__514483762566922240,twitter15,514483762566922240,false,True,84,True,True,106514999,514483762566922240,True,0.0,0.00,202,202,202,0.00,13267.53,0.00,13267.53,13267.53,False,0,0,0,1,data_raw/Twitter15_16_dataset/twitter15/tree/514483762566922240.txt,iphone 6 users report that their phones are bending in their pockets... lol. URL URL
twitter15__514495841600811009,twitter15,514495841600811009,false,True,55,True,True,14293310,514495841600811009,True,0.0,0.00,279,281,279,0.00,5030.28,0.00,5030.28,5030.28,False,0,0,0,8,data_raw/Twitter15_16_dataset/twitter15/tree/514495841600811009.txt,iphone 6 owners claim it's bending in their pockets URL
twitter15__514508854990999553,twitter15,514508854990999553,false,True,72,True,True,12579352,514508854990999553,True,0.0,0.00,277,278,277,0.00,2777.68,0.00,2777.68,2777.68,False,0,0,0,1,data_raw/Twitter15_16_dataset/twitter15/tree/514508854990999553.txt,apple fans' tight pants are bending the iphone 6 plus URL #bendghazi URL
twitter15__514512849876836352,twitter15,514512849876836352,false,True,52,True,True,575853327,514512849876836352,True,0.0,0.00,1372,1375,1372,0.00,44972.18,0.00,44972.18,44972.18,False,0,0,1,16,data_raw/Twitter15_16_dataset/twitter15/tree/514512849876836352.txt,don't put your iphone 6 in your pocket y'all URL URL
twitter15__514517213022543872,twitter15,514517213022543872,false,True,73,True,True,29873662,514517213022543872,True,0.0,0.00,411,426,411,-15.80,9855.45,0.00,9855.45,9855.45,True,0,0,5,31,data_raw/Twitter15_16_dataset/twitter15/tree/514517213022543872.txt,"2,000,000 views incoming… rt @unboxtherapy: iphone 6 plus bend test - URL"
twitter15__514517470238240768,twitter15,514517470238240768,false,True,69,True,True,2890961,514517470238240768,True,0.0,0.00,956,981,956,0.00,22908.02,0.00,22908.02,22908.02,False,0,0,1,36,data_raw/Twitter15_16_dataset/twitter15/tree/514517470238240768.txt,and here's a guy bending an iphone 6 plus with his bare hands URL URL
twitter15__514535408126795776,twitter15,514535408126795776,false,True,108,True,True,23055689,514535408126795776,True,0.0,0.00,160,162,160,0.00,1214.13,0.00,1214.13,1214.13,False,0,0,0,4,data_raw/Twitter15_16_dataset/twitter15/tree/514535408126795776.txt,"quite a design flaw rt @nymag: if you sit with your iphone 6 plus in your pocket, it bends beyond repair URL"
twitter15__514540926640087040,twitter15,514540926640087040,false,True,60,True,True,20562637,514540926640087040,True,0.0,0.00,191,192,191,0.00,9459.90,0.00,9459.90,9459.90,False,0,0,2,6,data_raw/Twitter15_16_dataset/twitter15/tree/514540926640087040.txt,the iphone 6 plus really does have a bending problem URL URL
twitter15__514546272972574721,twitter15,514546272972574721,false,True,77,True,True,14511951,514546272972574721,True,0.0,0.00,115,114,115,0.00,957.72,0.00,957.72,957.72,False,0,0,0,0,data_raw/Twitter15_16_dataset/twitter15/tree/514546272972574721.txt,"if you put an iphone 6 in your pocket, it may not come out the same shape URL"
twitter15__514550436377137152,twitter15,514550436377137152,false,True,84,True,True,624413,514550436377137152,True,0.0,0.00,222,224,222,0.00,11707.03,0.00,11707.03,11707.03,False,0,0,0,1,data_raw/Twitter15_16_dataset/twitter15/tree/514550436377137152.txt,iphone 6 plus owners are complaining that their phones are actually bending: URL URL
twitter15__514555852351479808,twitter15,514555852351479808,false,True,99,True,True,16675569,514555852351479808,True,0.0,0.00,197,199,197,0.00,3876.42,0.00,3876.42,3876.42,False,0,0,0,4,data_raw/Twitter15_16_dataset/twitter15/tree/514555852351479808.txt,"dubbed #bendgate, iphone 6 plus users report the aluminium body is bending in pants pockets URL URL"
twitter15__515519742355185664,twitter15,515519742355185664,true,True,131,False,True,22844997,515519742355185664,True,0.0,0.00,135,135,135,0.00,3172.07,0.00,3172.07,3172.07,False,0,0,0,4,data_raw/Twitter15_16_dataset/twitter15/tree/515519742355185664.txt,vaughn foods co-worker who witnessed murder tells #news9 murder suspect alton nolen was shouting islamic phrases. fbi investigating
twitter15__515538937058971648,twitter15,515538937058971648,true,True,82,True,True,469194846,515538937058971648,True,0.0,0.00,175,187,175,0.00,7962.03,0.00,7962.03,7962.03,False,0,0,0,14,data_raw/Twitter15_16_dataset/twitter15/tree/515538937058971648.txt,"update: photo of suspect, alton nolen, in moore, okla. beheading released. URL URL"
twitter15__515598200796090369,twitter15,515598200796090369,true,True,121,True,True,1603939555,515598200796090369,True,0.0,0.00,96,95,96,0.00,2429.17,0.00,2429.17,2429.17,False,0,0,0,0,data_raw/Twitter15_16_dataset/twitter15/tree/515598200796090369.txt,"#workplace hero shoots #altonnolen #stabbings #beheading priors drugs/manhunt, recent radical convert #judicialgrinds URL"
twitter15__515717938025078784,twitter15,515717938025078784,true,True,135,False,True,627830911,515717938025078784,True,0.0,0.00,163,189,163,0.00,3930.48,0.00,3930.48,3930.48,False,0,0,0,39,data_raw/Twitter15_16_dataset/twitter15/tree/515717938025078784.txt,"let's stop calling her the lady who was beheaded, etc. that dehumanizes her. she was colleen hufford. people loved her. she had a life."
twitter15__515918632178577408,twitter15,515918632178577408,false,True,83,True,True,219937434,515918632178577408,True,0.0,0.00,511,535,511,0.00,16558.85,0.00,16558.85,16558.85,False,0,0,1,46,data_raw/Twitter15_16_dataset/twitter15/tree/515918632178577408.txt,groundbreaking female pilot who bombed #isis is now disowned by her family: URL URL
twitter15__516313006427602944,twitter15,516313006427602944,unverified,True,99,True,True,2422891823,516313006427602944,True,0.0,0.00,150,151,150,0.00,1350.22,0.00,1350.22,1350.22,False,0,0,0,1,data_raw/Twitter15_16_dataset/twitter15/tree/516313006427602944.txt,"incredible! rt @ryan ""hands up don't shoot has travelled from #ferguson, missouri to #hongkong"" URL"
twitter15__516321020815228929,twitter15,516321020815228929,true,True,117,True,True,457984599,516321020815228929,True,0.0,0.00,112,112,112,0.00,6141.03,0.00,6141.03,6141.03,False,0,0,0,2,data_raw/Twitter15_16_dataset/twitter15/tree/516321020815228929.txt,"beheading suspect attended same mosque as 9/11 terrorist: moore, oklahoma -- alton nolen, the man who beheaded... URL"
twitter15__516345893139001346,twitter15,516345893139001346,unverified,True,104,True,True,9228382,516345893139001346,True,0.0,0.00,1413,1420,1413,0.00,83214.48,0.00,83214.48,83214.48,False,0,0,0,4,data_raw/Twitter15_16_dataset/twitter15/tree/516345893139001346.txt,hands up don't shoot is being used by tens of thousands as a form of protest in hong kong. powerful. URL
twitter15__516358319317852160,twitter15,516358319317852160,unverified,True,118,True,True,292777349,516358319317852160,True,0.0,0.00,94,93,94,0.00,1690.43,0.00,1690.43,1690.43,False,0,0,0,0,data_raw/Twitter15_16_dataset/twitter15/tree/516358319317852160.txt,hands up don't shoot is being used by tens of thousands as a form of protest in hong kong. powerful. via @mrmedina URL
twitter15__516361247223058432,twitter15,516361247223058432,unverified,True,94,True,True,6267962,516361247223058432,True,0.0,0.00,688,692,688,0.00,138815.92,0.00,138815.92,138815.92,False,0,0,0,3,data_raw/Twitter15_16_dataset/twitter15/tree/516361247223058432.txt,"hong kong ""hands up, don't shoot"" emulation of ferguson protests is such a powerful image: URL"
twitter15__516371936604352513,twitter15,516371936604352513,unverified,True,117,True,True,65375759,516371936604352513,True,0.0,0.00,185,186,185,-42.48,18792.20,0.00,18792.20,18792.20,True,0,0,0,2,data_raw/Twitter15_16_dataset/twitter15/tree/516371936604352513.txt,"oh, my. rt @dangillmor hong kong ""hands up, don't shoot"" emulation of ferguson protests is such a powerful image: URL"
twitter15__516377014790782977,twitter15,516377014790782977,unverified,True,110,True,True,472552916,516377014790782977,True,0.0,0.00,1326,1335,1326,0.00,48460.10,0.00,48460.10,48460.10,False,0,0,0,13,data_raw/Twitter15_16_dataset/twitter15/tree/516377014790782977.txt,"protestors in hong kong mimicking the ""hands up, don't shoot"" of ferguson demonstrations (alex ogle/getty) URL"
twitter15__516386101766782976,twitter15,516386101766782976,unverified,True,117,True,True,6267962,516386101766782976,True,0.0,0.00,170,174,170,0.00,60889.15,0.00,60889.15,60889.15,False,0,0,1,2,data_raw/Twitter15_16_dataset/twitter15/tree/516386101766782976.txt,"some authoritarian americans are pissed that i'm helping this hong kong ""hands up, don't shoot"" picture go viral: URL"
twitter15__516390549012480001,twitter15,516390549012480001,unverified,True,109,True,True,43289988,516390549012480001,True,0.0,0.00,253,255,253,0.00,2357.12,0.00,2357.12,2357.12,False,0,0,0,1,data_raw/Twitter15_16_dataset/twitter15/tree/516390549012480001.txt,"rt @dangillmor hong kong ""hands up, don't shoot"" emulation of ferguson protests is such a powerful image: URL"
twitter15__516394449065496577,twitter15,516394449065496577,unverified,True,86,True,True,2347049341,516394449065496577,True,0.0,0.00,120,123,120,0.00,1156.85,0.00,1156.85,1156.85,False,0,0,2,3,data_raw/Twitter15_16_dataset/twitter15/tree/516394449065496577.txt,"hong kong's protesters are using the ""hands up, don't shoot"" gesture from ferguson URL"
twitter15__516395112201736192,twitter15,516395112201736192,unverified,True,49,True,True,15446531,516395112201736192,True,0.0,0.00,134,133,134,0.00,184606.53,0.00,184606.53,184606.53,False,0,0,0,1,data_raw/Twitter15_16_dataset/twitter15/tree/516395112201736192.txt,"hands up, don’t shoot —hong kong edition: URL URL"
twitter15__516411927506206721,twitter15,516411927506206721,unverified,True,116,True,True,60919240,516411927506206721,True,0.0,0.00,155,165,155,0.00,6043.32,0.00,6043.32,6043.32,False,0,0,3,38,data_raw/Twitter15_16_dataset/twitter15/tree/516411927506206721.txt,"hong kong's protesters are using the ""hands up, don't shoot"" gesture from ferguson, missouri. #handsupdontshoot. URL"
twitter15__516414874348298240,twitter15,516414874348298240,unverified,True,118,True,True,282977213,516414874348298240,True,0.0,0.00,189,189,189,0.00,8145.63,0.00,8145.63,8145.63,False,0,0,0,2,data_raw/Twitter15_16_dataset/twitter15/tree/516414874348298240.txt,"the globalisation of civil disobedience: #hongkong's protesters use the #ferguson ""hands up, don't shoot"" gesture. URL"
twitter15__516420964834611201,twitter15,516420964834611201,unverified,True,90,True,True,466519303,516420964834611201,True,0.0,0.00,105,105,105,0.00,5334.07,0.00,5334.07,5334.07,False,0,0,0,2,data_raw/Twitter15_16_dataset/twitter15/tree/516420964834611201.txt,"from #ferguson to #hongkong. #hongkongdemocracy protests adopt ""hands up, don't shoot"" URL"
twitter15__516423807394131968,twitter15,516423807394131968,unverified,True,121,True,True,24258355,516423807394131968,True,0.0,0.00,335,335,335,0.00,96722.43,0.00,96722.43,96722.43,False,0,0,0,8,data_raw/Twitter15_16_dataset/twitter15/tree/516423807394131968.txt,"beautiful global solidarity in #hongkong where protesters are marching with ""hands up, don't shoot"" gesture #ferguson URL"
twitter15__516425769560866817,twitter15,516425769560866817,unverified,True,119,True,True,16001350,516425769560866817,True,0.0,0.00,197,198,197,0.00,124492.77,0.00,124492.77,124492.77,False,0,0,0,1,data_raw/Twitter15_16_dataset/twitter15/tree/516425769560866817.txt,hong kong's pro-democracy protesters use 'hands up don't shoot' symbol of #ferguson via @gettyimages #occupycentral URL
twitter15__516434071631974400,twitter15,516434071631974400,unverified,True,83,True,True,528915816,516434071631974400,True,0.0,0.00,746,748,746,0.00,20073.85,0.00,20073.85,20073.85,False,0,0,1,4,data_raw/Twitter15_16_dataset/twitter15/tree/516434071631974400.txt,"breaking: show of solidarity from #hongkong to #ferguson; hands up, don't shoot URL"
twitter15__516435293235183617,twitter15,516435293235183617,unverified,True,86,True,True,53429839,516435293235183617,True,0.0,0.00,367,380,367,0.00,19444.90,0.00,19444.90,19444.90,False,0,0,5,11,data_raw/Twitter15_16_dataset/twitter15/tree/516435293235183617.txt,no connection between hong kong protesters and ferguson “hands up don’t shoot” URL URL
twitter15__516475930097643520,twitter15,516475930097643520,unverified,True,102,True,True,341908197,516475930097643520,True,0.0,0.00,112,111,112,0.00,16733.82,0.00,16733.82,16733.82,False,0,0,0,0,data_raw/Twitter15_16_dataset/twitter15/tree/516475930097643520.txt,"breaking: show of solidarity from #hongkong to #ferguson; hands up, don't shoot hong kong protests URL"
twitter15__516539137646542848,twitter15,516539137646542848,unverified,True,90,True,True,2347049341,516539137646542848,True,0.0,0.00,165,166,165,0.00,340598.75,0.00,340598.75,340598.75,False,0,0,0,9,data_raw/Twitter15_16_dataset/twitter15/tree/516539137646542848.txt,"hong kong's protesters are using the ""hands up, don't shoot"" gesture from ferguson URL URL"
twitter15__516545908813475841,twitter15,516545908813475841,unverified,True,91,True,True,16711026,516545908813475841,True,0.0,0.00,305,308,305,0.00,17499.27,0.00,17499.27,17499.27,False,0,0,0,7,data_raw/Twitter15_16_dataset/twitter15/tree/516545908813475841.txt,"#hongkong’s protesters are using the “hands up, don’t shoot” gesture from #ferguson URL URL"
twitter15__516636338679197697,twitter15,516636338679197697,false,True,100,True,True,1125937411,516636338679197697,True,0.0,0.00,970,1050,970,0.00,836446.87,0.00,836446.87,836446.87,False,0,0,9,132,data_raw/Twitter15_16_dataset/twitter15/tree/516636338679197697.txt,"kfc ban wipes because they offend muslims URL ban islam instead, why are there halal only kfc's? URL"
twitter15__516682897864916992,twitter15,516682897864916992,unverified,True,94,True,True,14861285,516682897864916992,True,0.0,0.00,220,226,220,0.00,2545.08,0.00,2545.08,2545.08,False,0,0,0,16,data_raw/Twitter15_16_dataset/twitter15/tree/516682897864916992.txt,bug in ios 8's 'reset all settings' option also erases icloud drive documents URL by @julipuli
twitter15__516705572373397504,twitter15,516705572373397504,unverified,True,137,False,True,136004952,516705572373397504,True,0.0,0.00,148,152,148,0.00,1094.42,0.00,1094.42,1094.42,False,0,0,1,8,data_raw/Twitter15_16_dataset/twitter15/tree/516705572373397504.txt,fierce fighting reported on the outskirts of baghdad as isis jihadists fight one mile from western city boundary. so much for airstrikes.
twitter15__516727880571572225,twitter15,516727880571572225,unverified,True,90,True,True,2347049341,516727880571572225,True,0.0,0.00,134,134,134,0.00,1429.78,0.00,1429.78,1429.78,False,0,0,1,0,data_raw/Twitter15_16_dataset/twitter15/tree/516727880571572225.txt,"hong kong's protesters are using the ""hands up, don't shoot"" gesture from ferguson URL URL"
twitter15__516729950091493376,twitter15,516729950091493376,true,True,140,False,True,67973271,516729950091493376,True,0.0,0.00,134,135,134,0.00,7080.82,0.00,7080.82,7080.82,False,0,0,0,6,data_raw/Twitter15_16_dataset/twitter15/tree/516729950091493376.txt,"on cnn alton nolen's mother (the oklahoma man who beheaded a coworker) said ""there are two sides to every story!"" he cut a woman's head off!"
twitter15__516804849619705859,twitter15,516804849619705859,false,True,99,True,True,954124423,516804849619705859,True,0.0,0.00,132,148,132,0.00,32914.70,0.00,32914.70,32914.70,False,0,0,0,19,data_raw/Twitter15_16_dataset/twitter15/tree/516804849619705859.txt,coming 2 america soon! .@kfc bans alcohol-based wet wipes so #muslims aren’t offended URL #tcot URL
twitter15__516856061182345216,twitter15,516856061182345216,false,True,140,False,True,21439144,516856061182345216,True,0.0,0.00,140,143,140,0.00,14697.82,0.00,14697.82,14697.82,False,0,0,0,6,data_raw/Twitter15_16_dataset/twitter15/tree/516856061182345216.txt,leicester kfc refusing hand wipes to a customer because they anti islamic. what's next? a separate door for woman? sharia sauce? @kfc arses.
twitter15__516861311725342722,twitter15,516861311725342722,unverified,True,67,True,True,972651,516861311725342722,True,0.0,0.00,103,103,103,0.00,2898.53,0.00,2898.53,2898.53,False,0,0,0,1,data_raw/Twitter15_16_dataset/twitter15/tree/516861311725342722.txt,report: nasty ios 8 bug could erase your icloud drive documents URL
twitter15__516978780171436032,twitter15,516978780171436032,true,True,94,True,True,15669672,516978780171436032,True,0.0,0.00,181,192,181,0.00,65581.58,0.00,65581.58,65581.58,False,0,0,0,14,data_raw/Twitter15_16_dataset/twitter15/tree/516978780171436032.txt,"okla beheading victim colleen hufford, rest in peace #beheading #jihad #jahkeemyisrael URL URL"
twitter15__517003426832453633,twitter15,517003426832453633,true,True,118,True,True,166990746,517003426832453633,True,0.0,0.00,260,263,260,0.00,6418.07,0.00,6418.07,6418.07,False,0,0,0,15,data_raw/Twitter15_16_dataset/twitter15/tree/517003426832453633.txt,"let's please remember the victim in the ok beheading, colleen hufford-> rt ""victim was loving grandma"" URL via @nypost"
twitter15__517034091028676608,twitter15,517034091028676608,unverified,True,94,True,True,7144422,517034091028676608,True,0.0,0.00,153,155,153,0.00,8683.12,0.00,8683.12,8683.12,False,0,0,0,0,data_raw/Twitter15_16_dataset/twitter15/tree/517034091028676608.txt,this little ios 8 bug deletes all your icloud data if you try and reset your settings: URL URL
twitter15__517038566061658114,twitter15,517038566061658114,unverified,True,60,True,True,18927441,517038566061658114,True,0.0,0.00,259,261,259,0.00,15651.05,0.00,15651.05,15651.05,False,0,0,1,10,data_raw/Twitter15_16_dataset/twitter15/tree/517038566061658114.txt,a new ios 8 bug is deleting users' icloud documents. URL URL
twitter15__517051126466625536,twitter15,517051126466625536,true,True,101,True,True,43182702,517051126466625536,True,0.0,0.00,577,606,577,0.00,99081.22,0.00,99081.22,99081.22,False,0,0,0,30,data_raw/Twitter15_16_dataset/twitter15/tree/517051126466625536.txt,"colleen hufford was a white woman, hardly worth a mention from pres. obama (unlike #ferguson) URL URL"
twitter15__517053056211357696,twitter15,517053056211357696,true,True,137,False,True,15791186,517053056211357696,True,0.0,0.00,168,171,168,0.00,1436.52,0.00,1436.52,1436.52,False,0,0,0,5,data_raw/Twitter15_16_dataset/twitter15/tree/517053056211357696.txt,cdc has confirmed that the patient in dallas has tested positive for the ebola virus. we'll have more coming up on khou 11 news at 4 p.m.
twitter15__517416417164263424,twitter15,517416417164263424,true,True,72,True,True,1367531,517416417164263424,True,0.0,0.00,152,151,152,0.00,61384.25,0.00,61384.25,61384.25,False,0,0,0,4,data_raw/Twitter15_16_dataset/twitter15/tree/517416417164263424.txt,oklahoma beheading suspect alton nolen ordered held without bond URL URL
twitter15__517487705978966016,twitter15,517487705978966016,true,True,82,True,True,110445334,517487705978966016,True,0.0,0.00,197,202,197,0.00,5718.30,0.00,5718.30,5718.30,False,0,0,0,7,data_raw/Twitter15_16_dataset/twitter15/tree/517487705978966016.txt,"d.a. to seek death in #moore, #oklahoma beheading case. #altonnolen #kellyfile URL"
twitter15__517712193841037312,twitter15,517712193841037312,unverified,True,52,False,True,526951671,517712193841037312,True,0.0,0.00,121,121,121,0.00,842352.72,0.00,842352.72,842352.72,False,0,0,0,9,data_raw/Twitter15_16_dataset/twitter15/tree/517712193841037312.txt,kim jong un broke his ankles because he's too fat...
twitter15__517850508380618752,twitter15,517850508380618752,true,True,124,False,True,110445334,517850508380618752,True,0.0,0.00,142,155,142,0.00,5441.70,0.00,5441.70,5441.70,False,0,0,5,18,data_raw/Twitter15_16_dataset/twitter15/tree/517850508380618752.txt,#oklahoma prosecutor files formal notification that he will seek death penalty for beheading suspect #altonnolen. #kellyfile
twitter15__518192429153783808,twitter15,518192429153783808,false,True,56,True,True,17076385,518192429153783808,True,0.0,0.00,126,128,126,0.00,12938.20,0.00,12938.20,12938.20,False,0,0,0,5,data_raw/Twitter15_16_dataset/twitter15/tree/518192429153783808.txt,atheists are mad at @carrieunderwood. i applaud her. URL
twitter15__518620083342835712,twitter15,518620083342835712,false,True,73,True,True,754485,518620083342835712,True,0.0,0.00,160,160,160,0.00,2075.50,0.00,2075.50,2075.50,False,0,0,0,1,data_raw/Twitter15_16_dataset/twitter15/tree/518620083342835712.txt,mass grave found in mexico town where over 40 students went missing - URL
twitter15__518665533089406976,twitter15,518665533089406976,false,True,73,True,True,64643056,518665533089406976,True,0.0,0.00,170,170,170,0.00,11827.72,0.00,11827.72,11827.72,False,0,0,0,1,data_raw/Twitter15_16_dataset/twitter15/tree/518665533089406976.txt,#mexico mass grave discovered after student protesters go missing URL URL
twitter15__518827403452637184,twitter15,518827403452637184,true,True,65,True,True,1652541,518827403452637184,True,0.0,0.00,160,159,160,0.00,392764.52,0.00,392764.52,392764.52,False,0,0,0,0,data_raw/Twitter15_16_dataset/twitter15/tree/518827403452637184.txt,hewlett-packard plans to split into two companies: wsj report URL
twitter15__518830518792892416,twitter15,518830518792892416,false,True,96,True,True,51241574,518830518792892416,True,0.0,0.00,116,115,116,0.00,1914.25,0.00,1914.25,1914.25,False,0,0,0,0,data_raw/Twitter15_16_dataset/twitter15/tree/518830518792892416.txt,mexico security forces hunting 43 missing students after clashes with police find mass grave URL
twitter15__518866406512025602,twitter15,518866406512025602,true,True,58,True,True,428333,518866406512025602,True,0.0,0.00,726,727,726,0.00,390969.10,0.00,390969.10,390969.10,False,0,0,1,11,data_raw/Twitter15_16_dataset/twitter15/tree/518866406512025602.txt,"hewlett-packard to split into two companies, wsj says. URL"
twitter15__518870005677826050,twitter15,518870005677826050,true,True,99,True,True,3108351,518870005677826050,True,0.0,0.00,248,247,248,0.00,4301.67,0.00,4301.67,4301.67,False,0,0,0,1,data_raw/Twitter15_16_dataset/twitter15/tree/518870005677826050.txt,hewlett-packard to split pc and printer business from corporate hardware and services: URL $hpq URL
twitter15__518924377791164420,twitter15,518924377791164420,true,True,99,True,True,972651,518924377791164420,True,0.0,0.00,119,118,119,0.00,7788.62,0.00,7788.62,7788.62,False,0,0,0,2,data_raw/Twitter15_16_dataset/twitter15/tree/518924377791164420.txt,"hewlett-packard to split pc, printer business from corporate hardware, according to reports URL URL"
twitter15__518981379963777025,twitter15,518981379963777025,false,True,118,True,True,28785486,518981379963777025,True,0.0,0.00,137,136,137,0.00,4781.55,0.00,4781.55,4781.55,False,0,0,0,2,data_raw/Twitter15_16_dataset/twitter15/tree/518981379963777025.txt,mass grave found in mexico near area where 43 students vanished after a confrontation with police: URL - @thisisfusion
twitter15__519078654635409410,twitter15,519078654635409410,true,True,50,True,True,3108351,519078654635409410,True,0.0,0.00,117,116,117,0.00,2303.60,0.00,2303.60,2303.60,False,0,0,0,0,data_raw/Twitter15_16_dataset/twitter15/tree/519078654635409410.txt,hewlett-packard announces it will break in two URL
twitter15__519112613800972288,twitter15,519112613800972288,true,True,113,True,True,3108351,519112613800972288,True,0.0,0.00,136,135,136,0.00,6137.22,0.00,6137.22,6137.22,False,0,0,0,1,data_raw/Twitter15_16_dataset/twitter15/tree/519112613800972288.txt,"in announcing split, hewlett-packard also boosted the number of its expected layoffs by 5,000 to 55,000. URL $hpq"
twitter15__519131101798100992,twitter15,519131101798100992,true,True,87,True,True,14885549,519131101798100992,True,0.0,0.00,148,147,148,0.00,685.08,0.00,685.08,685.08,False,0,0,0,1,data_raw/Twitter15_16_dataset/twitter15/tree/519131101798100992.txt,"hp confirms that it's splitting into two companies. and cutting 5,000 jobs. URL $hp URL"
twitter15__519178213441167360,twitter15,519178213441167360,true,True,78,True,True,468082397,519178213441167360,True,0.0,0.00,98,98,98,0.00,633.12,0.00,633.12,633.12,False,0,0,0,0,data_raw/Twitter15_16_dataset/twitter15/tree/519178213441167360.txt,are two hewlett-packards better than one? how the new h-ps would look: URL URL
twitter15__519275971758026752,twitter15,519275971758026752,true,True,93,True,True,807095,519275971758026752,True,0.0,0.00,101,100,101,0.00,5975.53,0.00,5975.53,5975.53,False,0,0,0,0,data_raw/Twitter15_16_dataset/twitter15/tree/519275971758026752.txt,hewlett-packard will split into two companies to adapt to a changing technology landscape URL
twitter15__519311120914722816,twitter15,519311120914722816,true,True,101,True,True,229139732,519311120914722816,True,0.0,0.00,227,227,227,0.00,29938.92,0.00,29938.92,29938.92,False,0,0,0,1,data_raw/Twitter15_16_dataset/twitter15/tree/519311120914722816.txt,corporations have sold or spun off $1.6 trillion worth of subsidiaries & biz lines this year. URL URL
twitter15__519348106836860929,twitter15,519348106836860929,true,True,88,True,True,14885549,519348106836860929,True,0.0,0.00,175,174,175,0.00,9606.82,0.00,9606.82,9606.82,False,0,0,0,4,data_raw/Twitter15_16_dataset/twitter15/tree/519348106836860929.txt,"hp confirmed that it's splitting into two companies. and cutting 5,000 jobs. URL $hp URL"
twitter15__519375764165509121,twitter15,519375764165509121,false,True,80,True,True,64643056,519375764165509121,True,0.0,0.00,112,112,112,0.00,5565.42,0.00,5565.42,5565.42,False,0,0,0,0,data_raw/Twitter15_16_dataset/twitter15/tree/519375764165509121.txt,#viral: mexico mass grave discovered after student protesters go missing URL URL
twitter15__519447199164665856,twitter15,519447199164665856,false,True,68,True,True,807095,519447199164665856,True,0.0,0.00,253,253,253,0.00,4580.22,0.00,4580.22,4580.22,False,0,0,0,6,data_raw/Twitter15_16_dataset/twitter15/tree/519447199164665856.txt,"43 missing students, a mass grave and a suspect: mexico’s police URL"
twitter15__519530210795216896,twitter15,519530210795216896,true,True,88,True,True,14885549,519530210795216896,True,0.0,0.00,98,97,98,0.00,4091.37,0.00,4091.37,4091.37,False,0,0,0,2,data_raw/Twitter15_16_dataset/twitter15/tree/519530210795216896.txt,"hp confirmed that it's splitting into two companies. and cutting 5,000 jobs. URL $hp URL"
twitter15__519704006826807296,twitter15,519704006826807296,false,True,75,True,True,16331010,519704006826807296,True,0.0,0.00,348,353,348,0.00,2775.13,0.00,2775.13,2775.13,False,0,0,1,5,data_raw/Twitter15_16_dataset/twitter15/tree/519704006826807296.txt,stephen collins -- cops swarm home after suicide report ... false alarm URL
twitter15__519867098945044480,twitter15,519867098945044480,false,True,71,True,True,13049362,519867098945044480,True,0.0,0.00,2552,2566,2552,0.00,687033.10,0.00,687033.10,687033.10,False,0,0,3,18,data_raw/Twitter15_16_dataset/twitter15/tree/519867098945044480.txt,someone spray painted a penis on a $2.4 million bugatti veyron: URL URL
twitter15__519868410599993344,twitter15,519868410599993344,false,True,102,True,True,7452872,519868410599993344,True,0.0,0.00,348,355,348,-5.22,687007.13,0.00,687007.13,687007.13,True,0,0,4,6,data_raw/Twitter15_16_dataset/twitter15/tree/519868410599993344.txt,thumbs up emoji rt @complexmag someone spray painted a penis on a $2.4 million bugatti veyron: URL URL
twitter15__519921456730607616,twitter15,519921456730607616,false,True,77,True,True,16331010,519921456730607616,True,0.0,0.00,120,119,120,0.00,2745.58,0.00,2745.58,2745.58,False,0,0,0,2,data_raw/Twitter15_16_dataset/twitter15/tree/519921456730607616.txt,cops swarm #7thheaven star stephen collins' home after suicide report URL URL
twitter15__519929168864497664,twitter15,519929168864497664,false,True,97,True,True,970717333,519929168864497664,True,0.0,0.00,514,523,514,-246.65,686765.70,0.00,686765.70,686765.70,True,0,0,3,6,data_raw/Twitter15_16_dataset/twitter15/tree/519929168864497664.txt,“@complexmag: someone spray painted a penis on a $2.4 million bugatti veyron: URL URL ” legendary
twitter15__519935535083565056,twitter15,519935535083565056,false,True,63,True,True,187179778,519935535083565056,True,0.0,0.00,215,215,215,0.00,23026.38,0.00,23026.38,23026.38,False,0,0,0,1,data_raw/Twitter15_16_dataset/twitter15/tree/519935535083565056.txt,someone spray painted a penis on a €1.9m bugatti veyron URL URL
twitter15__519962130859429888,twitter15,519962130859429888,false,True,122,False,True,25073877,519962130859429888,True,0.0,0.00,410,426,410,0.00,1035637.18,0.00,1035637.18,1035637.18,False,0,0,3,47,data_raw/Twitter15_16_dataset/twitter15/tree/519962130859429888.txt,the fight against isis starts at our border. ‘at least’ 10 isis have been caught crossing the mexico border. build a wall!
twitter15__519965814175567872,twitter15,519965814175567872,false,True,86,True,True,15163466,519965814175567872,True,0.0,0.00,121,120,121,0.00,551904.20,0.00,551904.20,551904.20,False,0,0,0,3,data_raw/Twitter15_16_dataset/twitter15/tree/519965814175567872.txt,a vandal painted a brilliantly simple penis on a $2 million bugatti veyron ( URL ) URL
twitter15__520132836594970625,twitter15,520132836594970625,false,True,53,True,True,143145579,520132836594970625,True,0.0,0.00,172,172,172,0.00,11743.48,0.00,11743.48,11743.48,False,0,0,0,1,data_raw/Twitter15_16_dataset/twitter15/tree/520132836594970625.txt,penis graffiti drawn on £1.5m bugatti veyron. URL URL
twitter15__520244836084228096,twitter15,520244836084228096,false,True,83,True,True,972651,520244836084228096,True,0.0,0.00,134,134,134,0.00,7507.15,0.00,7507.15,7507.15,False,0,0,0,1,data_raw/Twitter15_16_dataset/twitter15/tree/520244836084228096.txt,a penis spray-painted on a $2.5 million bugatti was just for a prank video. URL URL
twitter15__520265722967375872,twitter15,520265722967375872,unverified,True,101,True,True,1652541,520265722967375872,True,0.0,0.00,236,235,236,0.00,387041.77,0.00,387041.77,387041.77,False,0,0,0,6,data_raw/Twitter15_16_dataset/twitter15/tree/520265722967375872.txt,"kim jong un may have an injured leg - but he is still in control of north korea, source says: URL URL"
twitter15__520284654755381249,twitter15,520284654755381249,false,True,70,True,True,972651,520284654755381249,True,0.0,0.00,130,129,130,0.00,7360.63,0.00,7360.63,7360.63,False,0,0,0,0,data_raw/Twitter15_16_dataset/twitter15/tree/520284654755381249.txt,"report: amazon plans to open its first physical store, in new york URL"
twitter15__520299904934371328,twitter15,520299904934371328,true,True,119,True,True,1681324362,520299904934371328,True,0.0,0.00,1557,1557,1557,0.00,916972.03,0.00,916972.03,916972.03,False,0,0,0,8,data_raw/Twitter15_16_dataset/twitter15/tree/520299904934371328.txt,officials took away this halloween decoration after reports of it being a real suicide victim. it is still unknown. URL
twitter15__520338188213444608,twitter15,520338188213444608,false,True,91,True,True,3108351,520338188213444608,True,0.0,0.00,229,228,229,0.00,7147.77,0.00,7147.77,7147.77,False,0,0,0,3,data_raw/Twitter15_16_dataset/twitter15/tree/520338188213444608.txt,"amazon's physical store in nyc would offer same-day delivery, pickups and dropoffs. URL URL"
twitter15__520630231531802624,twitter15,520630231531802624,false,True,102,True,True,16153562,520630231531802624,True,0.0,0.00,178,177,178,0.00,44241.22,0.00,44241.22,44241.22,False,0,0,0,1,data_raw/Twitter15_16_dataset/twitter15/tree/520630231531802624.txt,#mexico: doubts grow over the fate of 43 missing students as more bodies found in a mass grave URL URL
twitter15__521098692326350848,twitter15,521098692326350848,false,True,100,True,True,742143,521098692326350848,True,0.0,0.00,178,177,178,0.00,15888.57,0.00,15888.57,15888.57,False,0,0,0,0,data_raw/Twitter15_16_dataset/twitter15/tree/521098692326350848.txt,"mexico: iguala mass grave bodies ""not all of missing students"", guerrero state governor says URL URL"
twitter15__521444489697583104,twitter15,521444489697583104,unverified,True,114,True,True,320655939,521444489697583104,True,0.0,0.00,157,163,157,0.00,4884.30,0.00,4884.30,4884.30,False,0,0,0,1,data_raw/Twitter15_16_dataset/twitter15/tree/521444489697583104.txt,photos proved that terrorists used chemical weapons against the kurds #kobanî #airdrop2kobane #kurdistan #isis URL
twitter15__521496155310796800,twitter15,521496155310796800,false,True,100,True,True,954124423,521496155310796800,True,0.0,0.00,219,236,219,0.00,57995.23,0.00,57995.23,57995.23,False,0,0,4,30,data_raw/Twitter15_16_dataset/twitter15/tree/521496155310796800.txt,"move! get out! dumbass! kristen stewart trashes our #military, defends 9/11 terrorists URL #tcot URL"
twitter15__521533372280369152,twitter15,521533372280369152,false,True,77,True,True,16331010,521533372280369152,True,0.0,0.00,135,136,135,0.00,2303.62,0.00,2303.62,2303.62,False,0,0,0,8,data_raw/Twitter15_16_dataset/twitter15/tree/521533372280369152.txt,cops swarm #7thheaven star stephen collins' home after suicide report URL URL
twitter15__521663202183348224,twitter15,521663202183348224,false,True,66,False,True,16638685,521663202183348224,True,0.0,0.00,420,420,420,0.00,8256.05,0.00,8256.05,8256.05,False,0,0,0,10,data_raw/Twitter15_16_dataset/twitter15/tree/521663202183348224.txt,so ebola was found in hair extensions? all my bitches wear weave 😳
twitter15__521717368264093696,twitter15,521717368264093696,false,True,62,True,True,24544452,521717368264093696,True,0.0,0.00,230,234,230,0.00,7763.97,0.00,7763.97,7763.97,False,0,0,0,21,data_raw/Twitter15_16_dataset/twitter15/tree/521717368264093696.txt,kristen stewart: reality: URL demented right-wing fantasy: URL
twitter15__521727831307722753,twitter15,521727831307722753,false,True,56,True,True,221452291,521727831307722753,True,0.0,0.00,1435,1442,1435,0.00,535535.17,0.00,535535.17,535535.17,False,0,0,1,14,data_raw/Twitter15_16_dataset/twitter15/tree/521727831307722753.txt,someone spray painted a penis on a $2.4 mill bugatti URL
twitter15__521769631519092736,twitter15,521769631519092736,unverified,True,95,True,True,58966831,521769631519092736,True,0.0,0.00,158,160,158,0.00,2630.47,0.00,2630.47,2630.47,False,0,0,3,9,data_raw/Twitter15_16_dataset/twitter15/tree/521769631519092736.txt,#recall iraqi chem weapons gwb lied about? kobani kurds report isis using chem weapons! URL URL
twitter15__521770744855134208,twitter15,521770744855134208,unverified,True,115,True,True,1292439571,521770744855134208,True,0.0,0.00,141,144,141,0.00,10256.48,0.00,10256.48,10256.48,False,0,0,3,7,data_raw/Twitter15_16_dataset/twitter15/tree/521770744855134208.txt,"#isis barbarians are using chemical weapons , against kurds in #kobane #airdrop2kobane #كوباني @barackobama #un URL"
twitter15__521772674155286528,twitter15,521772674155286528,unverified,True,92,True,True,88210310,521772674155286528,True,0.0,0.00,128,128,128,0.00,4112.63,0.00,4112.63,4112.63,False,0,0,0,2,data_raw/Twitter15_16_dataset/twitter15/tree/521772674155286528.txt,alarming isis uses chemical weapons against kurds in #kobane ☛ URL #savekobane #drwidad☮ URL
twitter15__521777301470871553,twitter15,521777301470871553,unverified,True,118,True,True,2453115420,521777301470871553,True,0.0,0.00,130,130,130,0.00,11956.38,0.00,11956.38,11956.38,False,0,0,0,2,data_raw/Twitter15_16_dataset/twitter15/tree/521777301470871553.txt,#isis used chemical weapons in #kobani . against civilian #kurds• #retweeet to #savekobani _ #twitterkurds #kobane URL
twitter15__521788572933062657,twitter15,521788572933062657,unverified,True,116,True,True,565726567,521788572933062657,True,0.0,0.00,147,152,147,0.00,8094.90,0.00,8094.90,8094.90,False,0,0,4,5,data_raw/Twitter15_16_dataset/twitter15/tree/521788572933062657.txt,now kurds are being killed by the chemical weapons of isis what more excuses do you have to not help us? #kobane URL
twitter15__521789009576476673,twitter15,521789009576476673,false,True,103,True,True,18480977,521789009576476673,True,0.0,0.00,339,344,339,0.00,2387.25,0.00,2387.25,2387.25,False,0,0,0,9,data_raw/Twitter15_16_dataset/twitter15/tree/521789009576476673.txt,breaking: ks patient at risk for ebola: in strict isolation at ku med center in kansas city URL #kwch12
twitter15__521790189715615744,twitter15,521790189715615744,false,True,121,False,True,17878322,521790189715615744,True,0.0,0.00,178,178,178,0.00,7567.10,0.00,7567.10,7567.10,False,0,0,0,0,data_raw/Twitter15_16_dataset/twitter15/tree/521790189715615744.txt,stop believing what you see on facebook. rt @lilduval: so ebola was found in hair extensions? all my bitches wear weave 😳
twitter15__521821037726797824,twitter15,521821037726797824,false,True,58,True,True,2836421,521821037726797824,True,0.0,0.00,121,121,121,0.00,830.05,0.00,830.05,830.05,False,0,0,0,2,data_raw/Twitter15_16_dataset/twitter15/tree/521821037726797824.txt,breaking: patient being tested for ebola in kansas URL URL
twitter15__521835345059389440,twitter15,521835345059389440,false,True,86,True,True,34310801,521835345059389440,True,0.0,0.00,189,190,189,0.00,620043.18,0.00,620043.18,620043.18,False,0,0,0,4,data_raw/Twitter15_16_dataset/twitter15/tree/521835345059389440.txt,north korea media says kim jong un has made appearance after 40+ days missing: URL URL
twitter15__521882110789824512,twitter15,521882110789824512,unverified,True,53,True,True,342894187,521882110789824512,True,0.0,0.00,177,180,177,0.00,11750.47,0.00,11750.47,11750.47,False,0,0,0,6,data_raw/Twitter15_16_dataset/twitter15/tree/521882110789824512.txt,meria: signs #isis is using chemical weapons. URL URL
twitter15__521922785254580225,twitter15,521922785254580225,unverified,True,116,True,True,1014922465,521922785254580225,True,0.0,0.00,107,106,107,0.00,4033.35,0.00,4033.35,4033.35,False,0,0,0,2,data_raw/Twitter15_16_dataset/twitter15/tree/521922785254580225.txt,#live from #kobane border: growing concern that #isis has been using chemical weapons against #kurdish fighters. URL
twitter15__522321383716818944,twitter15,522321383716818944,true,True,117,True,True,15012486,522321383716818944,True,0.0,0.00,106,108,106,0.00,7179.50,0.00,7179.50,7179.50,False,0,0,0,4,data_raw/Twitter15_16_dataset/twitter15/tree/522321383716818944.txt,texas health officials say 2nd person to test positive for ebola at dallas hospital did treat thomas eric duncan: URL
twitter15__522443333831262208,twitter15,522443333831262208,unverified,True,102,True,True,299802277,522443333831262208,True,0.0,0.00,205,206,205,0.00,30000.50,0.00,30000.50,30000.50,False,0,0,0,5,data_raw/Twitter15_16_dataset/twitter15/tree/522443333831262208.txt,ok what mt @alexpappas: photo of passenger at dulles waiting for flight -- wearing hazmat suit URL URL
twitter15__522453569702989824,twitter15,522453569702989824,unverified,True,87,True,True,879161563,522453569702989824,True,0.0,0.00,177,179,177,0.00,33158.80,0.00,33158.80,33158.80,False,0,0,0,8,data_raw/Twitter15_16_dataset/twitter15/tree/522453569702989824.txt,passenger wears personal protective equipment (ppe) for flight at dulles #ebola URL URL
twitter15__522468118082633729,twitter15,522468118082633729,unverified,True,99,True,True,17602896,522468118082633729,True,0.0,0.00,369,371,369,0.00,56853.17,0.00,56853.17,56853.17,False,0,0,0,7,data_raw/Twitter15_16_dataset/twitter15/tree/522468118082633729.txt,"christian bale in talks to play steve jobs in danny boyle's #jobs, written by aaron sorkin. URL URL"
twitter15__522534012544638976,twitter15,522534012544638976,unverified,True,51,True,True,2890961,522534012544638976,True,0.0,0.00,169,170,169,0.00,42336.20,0.00,42336.20,42336.20,False,0,0,0,2,data_raw/Twitter15_16_dataset/twitter15/tree/522534012544638976.txt,report: christian bale will play steve jobs URL URL
twitter15__522553662996901888,twitter15,522553662996901888,false,True,103,True,True,1854274926,522553662996901888,True,0.0,0.00,122,121,122,0.00,6807.62,0.00,6807.62,6807.62,False,0,0,0,0,data_raw/Twitter15_16_dataset/twitter15/tree/522553662996901888.txt,ebola is not real and the only people who have gotten sick are those who got shots fr the red cross URL
twitter15__522654603675176960,twitter15,522654603675176960,unverified,True,76,True,True,15438913,522654603675176960,True,0.0,0.00,183,188,183,0.00,44043.30,0.00,44043.30,44043.30,False,0,0,0,6,data_raw/Twitter15_16_dataset/twitter15/tree/522654603675176960.txt,spider burrows through man's appendix scar and crawls under his skin URL URL
twitter15__522684367647559681,twitter15,522684367647559681,unverified,True,55,True,True,16973333,522684367647559681,True,0.0,0.00,117,118,117,0.00,1400.88,0.00,1400.88,1400.88,False,0,0,0,3,data_raw/Twitter15_16_dataset/twitter15/tree/522684367647559681.txt,isis militants are beheading their own fighters URL URL
twitter15__522692223952228353,twitter15,522692223952228353,unverified,True,81,True,True,380285402,522692223952228353,True,0.0,0.00,1144,1150,1144,0.00,33852.07,0.00,33852.07,33852.07,False,0,0,0,13,data_raw/Twitter15_16_dataset/twitter15/tree/522692223952228353.txt,passenger waiting for flight at washington airport isn't taking any risks URL URL
twitter15__522782267215982592,twitter15,522782267215982592,unverified,True,121,True,True,14569869,522782267215982592,True,0.0,0.00,230,231,230,0.00,1945.40,0.00,1945.40,1945.40,False,0,0,0,7,data_raw/Twitter15_16_dataset/twitter15/tree/522782267215982592.txt,a passenger at dulles international airport has been spotted wearing a homemade hazmat suit (via @dailycaller) #ebola URL
twitter15__522815405451407360,twitter15,522815405451407360,unverified,True,120,True,True,331672974,522815405451407360,True,0.0,0.00,158,158,158,0.00,4707.78,0.00,4707.78,4707.78,False,0,0,0,3,data_raw/Twitter15_16_dataset/twitter15/tree/522815405451407360.txt,"a passenger at an african airport? no, the man in a homemade hazmat suit is flying out of dulles, washington: #ebola URL"
twitter15__523026678419714048,twitter15,523026678419714048,true,True,90,True,True,18208354,523026678419714048,True,0.0,0.00,296,299,296,0.00,5657.77,0.00,5657.77,5657.77,False,0,0,1,20,data_raw/Twitter15_16_dataset/twitter15/tree/523026678419714048.txt,"man walks in south american rainforest at night, sees spider the size of a small puppy URL"
twitter15__523098334421319680,twitter15,523098334421319680,false,True,32,True,True,732773016,523098334421319680,True,0.0,0.00,183,182,183,0.00,362.27,0.00,362.27,362.27,False,0,0,0,0,data_raw/Twitter15_16_dataset/twitter15/tree/523098334421319680.txt,ebola vaccines? URL #news #today
twitter15__523123023646175233,twitter15,523123023646175233,false,True,120,True,True,14569869,523123023646175233,True,0.0,0.00,264,264,264,0.00,6947.35,0.00,6947.35,6947.35,False,0,0,0,6,data_raw/Twitter15_16_dataset/twitter15/tree/523123023646175233.txt,the nigerian government says it has secured the release of 200 schoolgirls after agreeing ceasefire with boko haram. URL
twitter15__523123779124600833,twitter15,523123779124600833,false,True,103,True,True,5402612,523115432736460802,False,-33.17,0.00,1116,1118,1116,-33.17,31510.62,0.00,31510.62,31510.62,True,0,0,2,10,data_raw/Twitter15_16_dataset/twitter15/tree/523123779124600833.txt,"boko haram ceasefire includes release of 200+ #bringbackourgirls hostages, nigerian government says URL"
twitter15__523126268603031552,twitter15,523126268603031552,true,True,99,True,True,15913,523126268603031552,True,0.0,0.00,443,455,443,0.00,20622.95,0.00,20622.95,20622.95,False,0,0,2,18,data_raw/Twitter15_16_dataset/twitter15/tree/523126268603031552.txt,the stuff of nightmares: this guy ran into a puppy sized spider. in a rainforest. at night. URL URL
twitter15__523535962962280448,twitter15,523535962962280448,false,True,138,False,True,87940072,523535962962280448,True,0.0,0.00,130,131,130,0.00,3490.62,0.00,3490.62,3490.62,False,0,0,0,2,data_raw/Twitter15_16_dataset/twitter15/tree/523535962962280448.txt,"currently boycotting walmart & sam's on w. florissant they donated 10,000 to darren wilson!!!!!! cars are turning around! #fergusonoctober"
twitter15__523545090099523584,twitter15,523545090099523584,unverified,True,77,True,True,374356748,523545090099523584,True,0.0,0.00,203,203,203,0.00,5829.30,0.00,5829.30,5829.30,False,0,0,0,2,data_raw/Twitter15_16_dataset/twitter15/tree/523545090099523584.txt,concerned airport passenger suits up in homemade hazmat before flight URL URL
twitter15__523555724807262208,twitter15,523555724807262208,false,True,117,True,True,635745335,523555724807262208,True,0.0,0.00,853,888,853,0.00,60492.08,0.00,60492.08,60492.08,False,0,0,3,44,data_raw/Twitter15_16_dataset/twitter15/tree/523555724807262208.txt,"walmart donates $10,000 to support darren wilson and the on going racist police murders #ferguson #boycottwalmart URL"
twitter15__523558773345255424,twitter15,523558773345255424,false,True,140,False,True,311660957,523558773345255424,True,0.0,0.00,124,127,124,0.00,56316.30,0.00,56316.30,56316.30,False,0,0,0,8,data_raw/Twitter15_16_dataset/twitter15/tree/523558773345255424.txt,"walmart donates $10,000 to support darren wilson, but won't give tracy morgan a penny for the accident their company caused. #boycottwalmart"
twitter15__523562674487975937,twitter15,523562674487975937,false,True,118,True,True,944425148,523562674487975937,True,0.0,0.00,1203,1209,1203,0.00,54813.75,0.00,54813.75,54813.75,False,0,0,0,9,data_raw/Twitter15_16_dataset/twitter15/tree/523562674487975937.txt,"#walmart donates $10,000 to #darrenwilson fund to continue police racial profiling, brutality, murder of black ppl URL"
twitter15__523566838958284801,twitter15,523566838958284801,false,True,101,True,True,98040681,523566838958284801,True,0.0,0.00,139,142,139,0.00,4345.23,0.00,4345.23,4345.23,False,0,0,2,2,data_raw/Twitter15_16_dataset/twitter15/tree/523566838958284801.txt,"what? rt @70torinoman: walmart donates $10,000 to support darren wilson #ferguson #boycottwalmart URL"
twitter15__523581212175392768,twitter15,523581212175392768,true,True,78,True,True,16906137,523581212175392768,True,0.0,0.00,1327,1383,1327,0.00,295494.17,0.00,295494.17,295494.17,False,0,0,1,74,data_raw/Twitter15_16_dataset/twitter15/tree/523581212175392768.txt,"hello everyone. ""puppy-sized spider surprises scientist in rainforest"" URL URL"
twitter15__523655026485366784,twitter15,523655026485366784,true,True,101,True,True,18490175,523655026485366784,True,0.0,0.00,234,233,234,0.00,7291.95,0.00,7291.95,7291.95,False,0,0,0,11,data_raw/Twitter15_16_dataset/twitter15/tree/523655026485366784.txt,"wtf. rt @pourmecoffee: hello everyone. ""puppy-sized spider surprises scientist in rainforest"" URL URL"
twitter15__523820806917603328,twitter15,523820806917603328,true,True,99,True,True,39585367,523820806917603328,True,0.0,0.00,203,210,203,0.00,142919.50,0.00,142919.50,142919.50,False,0,0,2,6,data_raw/Twitter15_16_dataset/twitter15/tree/523820806917603328.txt,"researcher @naskrecki on his encounter with a goliath birdeater, the world's largest spider URL URL"
twitter15__523863683928457216,twitter15,523863683928457216,true,True,81,True,True,15012486,523863683928457216,True,0.0,0.00,1588,1668,1588,0.00,111812.35,0.00,111812.35,111812.35,False,0,0,7,96,data_raw/Twitter15_16_dataset/twitter15/tree/523863683928457216.txt,goliath encounter: puppy-sized spider surprises scientist in rainforest - URL URL
twitter15__523888836456108032,twitter15,523888836456108032,true,True,100,True,True,15791186,523888836456108032,True,0.0,0.00,1614,1658,1614,0.00,72715.23,0.00,72715.23,72715.23,False,0,0,1,56,data_raw/Twitter15_16_dataset/twitter15/tree/523888836456108032.txt,"scientist discover a puppy-sized spider in the rainforest, better known as the 'nope' spider URL URL"
twitter15__523939598691741696,twitter15,523939598691741696,true,True,102,True,True,58524428,523939598691741696,True,0.0,0.00,118,121,118,0.00,2567.92,0.00,2567.92,2567.92,False,0,0,0,3,data_raw/Twitter15_16_dataset/twitter15/tree/523939598691741696.txt,cool dog! mt @cbsnews: goliath encounter: puppy-sized spider surprises scientist in rainforest URL URL
twitter15__523943647449198592,twitter15,523943647449198592,true,True,101,True,True,17004618,523943647449198592,True,0.0,0.00,160,160,160,0.00,90726.83,0.00,90726.83,90726.83,False,0,0,0,6,data_raw/Twitter15_16_dataset/twitter15/tree/523943647449198592.txt,now he's a one-handed scientist rt @cbsnews: puppy-sized spider surprises scientist in rainforest URL
twitter15__524144369235140608,twitter15,524144369235140608,false,True,100,True,True,1620343501,524144369235140608,True,0.0,0.00,150,162,150,0.00,482.43,0.00,482.43,482.43,False,0,0,0,2,data_raw/Twitter15_16_dataset/twitter15/tree/524144369235140608.txt,graffiti artist banksy arrested in london; identity revealed - national report | national report URL
twitter15__524152657783820288,twitter15,524152657783820288,false,True,112,True,True,211346617,524152657783820288,True,0.0,0.00,103,102,103,0.00,5862.37,0.00,5862.37,5862.37,False,0,0,0,1,data_raw/Twitter15_16_dataset/twitter15/tree/524152657783820288.txt,graffiti artist banksy arrested in london; identity revealed - national report | national report URL via @wpusta
twitter15__524168442841010176,twitter15,524168442841010176,false,True,63,True,True,16973333,524168442841010176,True,0.0,0.00,193,193,193,0.00,5850.62,0.00,5850.62,5850.62,False,0,0,0,2,data_raw/Twitter15_16_dataset/twitter15/tree/524168442841010176.txt,"no, banksy has not been arrested - this story is a hoax URL URL"
twitter15__524176293450223616,twitter15,524176293450223616,false,True,69,True,True,239825437,524176293450223616,True,0.0,0.00,190,192,190,0.00,2937.55,0.00,2937.55,2937.55,False,0,0,0,0,data_raw/Twitter15_16_dataset/twitter15/tree/524176293450223616.txt,banksy has not been arrested: internet falls for hoax report: URL URL
twitter15__524178388282802176,twitter15,524178388282802176,false,True,48,True,True,1430400949,524178388282802176,True,0.0,0.00,100,99,100,0.00,5773.85,0.00,5773.85,5773.85,False,0,0,0,0,data_raw/Twitter15_16_dataset/twitter15/tree/524178388282802176.txt,"no, banksy hasn’t actually been arrested URL URL"
twitter15__524181699043663872,twitter15,524181699043663872,false,True,63,True,True,16887175,524181699043663872,True,0.0,0.00,277,277,277,0.00,39307.40,0.00,39307.40,39307.40,False,0,0,0,3,data_raw/Twitter15_16_dataset/twitter15/tree/524181699043663872.txt,"calm down everyone, banksy hasn't been arrested #banksy URL URL"
twitter15__524185876931162112,twitter15,524185876931162112,true,True,75,True,True,107114063,524185876931162112,True,0.0,0.00,620,651,620,0.00,16339.62,0.00,16339.62,16339.62,False,0,0,1,63,data_raw/Twitter15_16_dataset/twitter15/tree/524185876931162112.txt,puppy-sized spider surprises scientist in rainforest @livescience | URL URL
twitter15__524186749002473472,twitter15,524186749002473472,false,True,52,False,True,216299334,524186749002473472,True,0.0,0.00,294,298,294,0.00,8666.48,0.00,8666.48,8666.48,False,0,0,0,14,data_raw/Twitter15_16_dataset/twitter15/tree/524186749002473472.txt,"breaking news: banksy not arrested, cover not blown."
twitter15__524191650420367360,twitter15,524191650420367360,false,True,70,True,True,104815494,524191650420367360,True,0.0,0.00,125,128,125,0.00,9103.83,0.00,9103.83,9103.83,False,0,0,0,1,data_raw/Twitter15_16_dataset/twitter15/tree/524191650420367360.txt,win: macy's stops stocking sodastream URL #bds #palestine @aicnews URL
twitter15__524206851450486785,twitter15,524206851450486785,false,True,41,True,True,14138785,524206851450486785,True,0.0,0.00,117,118,117,0.00,5697.60,0.00,5697.60,5697.60,False,0,0,0,2,data_raw/Twitter15_16_dataset/twitter15/tree/524206851450486785.txt,"no, #banksy has not been arrested URL URL"
twitter15__524211911668543488,twitter15,524211911668543488,false,True,63,True,True,8936082,524211911668543488,True,0.0,0.00,116,116,116,0.00,5677.50,0.00,5677.50,5677.50,False,0,0,0,1,data_raw/Twitter15_16_dataset/twitter15/tree/524211911668543488.txt,"that old ""banksy arrested"" hoax is back. don't buy into it. URL"
twitter15__524227209976745984,twitter15,524227209976745984,false,True,52,True,True,14669951,524227209976745984,True,0.0,0.00,170,171,170,0.00,4769.85,0.00,4769.85,4769.85,False,0,0,0,6,data_raw/Twitter15_16_dataset/twitter15/tree/524227209976745984.txt,up to 34 million green cards and work permits... URL
twitter15__524263570985340928,twitter15,524263570985340928,true,True,101,True,True,15428397,524263570985340928,True,0.0,0.00,139,141,139,0.00,532869.67,0.00,532869.67,532869.67,False,0,0,0,2,data_raw/Twitter15_16_dataset/twitter15/tree/524263570985340928.txt,goliath encounter: puppy-sized spider surprises scientist in rainforest @beargrylls @midnight URL URL
twitter15__524289058290159616,twitter15,524289058290159616,false,True,100,True,True,16343974,524289058290159616,True,0.0,0.00,321,321,321,0.00,20965.65,0.00,20965.65,20965.65,False,0,0,0,3,data_raw/Twitter15_16_dataset/twitter15/tree/524289058290159616.txt,"he's not arrested, but he has been busy... new banksy mural appears in bristol URL (pic: banksy) URL"
twitter15__524291188422356993,twitter15,524291188422356993,true,True,59,True,True,52146755,524291188422356993,True,0.0,0.00,134,136,134,0.00,35555.27,0.00,35555.27,35555.27,False,0,0,2,3,data_raw/Twitter15_16_dataset/twitter15/tree/524291188422356993.txt,adam we should do a test with this spider! ...adam? URL URL
twitter15__524294016435634178,twitter15,524294016435634178,true,True,87,True,True,2435960576,524294016435634178,True,0.0,0.00,114,116,114,0.00,22136.45,0.00,22136.45,22136.45,False,0,0,0,1,data_raw/Twitter15_16_dataset/twitter15/tree/524294016435634178.txt,spiders ↑ scientist finds puppy-sized spider in rainforest. sit. stay. forever. URL URL
twitter15__524312881823637504,twitter15,524312881823637504,true,True,101,False,True,28638191,524312881823637504,True,0.0,0.00,334,339,334,0.00,8735.28,0.00,8735.28,8735.28,False,0,0,0,23,data_raw/Twitter15_16_dataset/twitter15/tree/524312881823637504.txt,google south american goliath birdeater. helllll noooooo✋✋✋✋✋✋✋✋✋✋✋✋✋✋✋✋✋✋✋✋✋✋✋✋✋✋✋✋✋✋✋✋✋✋✋✋✋✋✋✋✋✋✋✋✋
twitter15__524317344730869760,twitter15,524317344730869760,false,True,94,True,True,11319582,524317344730869760,True,0.0,0.00,97,96,97,0.00,377879.23,0.00,377879.23,377879.23,False,0,0,0,1,data_raw/Twitter15_16_dataset/twitter15/tree/524317344730869760.txt,"banksy proves he hasn't been arrested, puts up new piece in bristol. take a look here: URL URL"
twitter15__524320261667950592,twitter15,524320261667950592,false,True,28,True,True,19743731,524320261667950592,True,0.0,0.00,679,681,679,0.00,67688.07,0.00,67688.07,67688.07,False,0,0,0,58,data_raw/Twitter15_16_dataset/twitter15/tree/524320261667950592.txt,i feel some type of way. URL
twitter15__524586367456919552,twitter15,524586367456919552,true,True,101,True,True,17469289,524586367456919552,True,0.0,0.00,108,108,108,0.00,111807.47,0.00,111807.47,111807.47,False,0,0,0,4,data_raw/Twitter15_16_dataset/twitter15/tree/524586367456919552.txt,scientist releases this horrifying picture of a puppy-sized spider he found in the rainforest URL URL
twitter15__524593547807178753,twitter15,524593547807178753,true,True,82,True,True,10252962,524593547807178753,True,0.0,0.00,262,267,262,0.00,5030.05,0.00,5030.05,5030.05,False,0,0,0,5,data_raw/Twitter15_16_dataset/twitter15/tree/524593547807178753.txt,giant puppy-sized spider found in south america said to be world's largest URL URL
twitter15__524646141938647043,twitter15,524646141938647043,false,True,111,True,True,331311644,524646141938647043,True,0.0,0.00,206,206,206,0.00,1444.58,0.00,1444.58,1444.58,False,0,0,0,2,data_raw/Twitter15_16_dataset/twitter15/tree/524646141938647043.txt,"after the fake news of banksy being arrested and unmasked, the real banksy has shockingly revealed himself! URL"
twitter15__524685073979678721,twitter15,524685073979678721,true,True,82,True,True,28785486,524685073979678721,True,0.0,0.00,332,341,332,0.00,145435.08,0.00,145435.08,145435.08,False,0,0,1,22,data_raw/Twitter15_16_dataset/twitter15/tree/524685073979678721.txt,meet the south american goliath birdeater -- a spider the size of a puppy: URL URL
twitter15__524699123971534848,twitter15,524699123971534848,true,True,80,True,True,2883841,524699123971534848,True,0.0,0.00,132,132,132,0.00,16768.40,0.00,16768.40,16768.40,False,0,0,1,6,data_raw/Twitter15_16_dataset/twitter15/tree/524699123971534848.txt,we only have one thing to say about that giant goliath birdeater spider: URL URL
twitter15__524757333608394752,twitter15,524757333608394752,true,True,82,True,True,28785486,524757333608394752,True,0.0,0.00,299,305,299,0.00,22798.22,0.00,22798.22,22798.22,False,0,0,1,21,data_raw/Twitter15_16_dataset/twitter15/tree/524757333608394752.txt,meet the south american goliath birdeater -- a spider the size of a puppy: URL URL
twitter15__524881688825167872,twitter15,524881688825167872,false,True,85,True,True,20622594,524881688825167872,True,0.0,0.00,182,184,182,0.00,151263.18,0.00,151263.18,151263.18,False,0,0,0,5,data_raw/Twitter15_16_dataset/twitter15/tree/524881688825167872.txt,"after speculation that he’s been arrested, banksy debuts new mural in bristol URL URL"
twitter15__524923293711998976,twitter15,524923293711998976,true,True,105,True,True,180887271,524923293711998976,True,0.0,0.00,600,607,600,0.00,1963.02,0.00,1963.02,1963.02,False,0,0,0,4,data_raw/Twitter15_16_dataset/twitter15/tree/524923293711998976.txt,at the war memorial in. ottawa. a soldier has been shot. they are giving him treatment now. #breaking URL
twitter15__524923341359300608,twitter15,524923341359300608,true,True,59,False,True,19038934,524923341359300608,True,0.0,0.00,360,360,360,0.00,256.27,0.00,256.27,256.27,False,0,0,3,1,data_raw/Twitter15_16_dataset/twitter15/tree/524923341359300608.txt,uniformed canadian soldier shot at war memorial in #ottawa.
twitter15__524924619812511746,twitter15,524924619812511746,unverified,True,107,False,True,19038934,524924619812511746,True,0.0,0.00,158,158,158,0.00,1318.88,0.00,1318.88,1318.88,False,0,0,0,4,data_raw/Twitter15_16_dataset/twitter15/tree/524924619812511746.txt,witness tells #cbcnews suspected shooter of uniformed soldier at #ottawa's war memorial was carrying rifle.
twitter15__524925033626738688,twitter15,524925033626738688,true,True,55,True,True,24215395,524925033626738688,True,0.0,0.00,110,109,110,0.00,457.20,0.00,457.20,457.20,False,0,0,0,0,data_raw/Twitter15_16_dataset/twitter15/tree/524925033626738688.txt,scene at ottawa war memorial. soldier on duty shot. URL
twitter15__524925124303396864,twitter15,524925124303396864,true,True,99,False,True,19038934,524925124303396864,True,0.0,0.00,527,527,527,0.00,878.13,0.00,878.13,878.13,False,0,0,0,0,data_raw/Twitter15_16_dataset/twitter15/tree/524925124303396864.txt,"parliament hill in lockdown after soldier shot at #ottawa's war memorial, just south of east block."
twitter15__524925600318754816,twitter15,524925600318754816,true,True,47,True,True,14216661,524925600318754816,True,0.0,0.00,200,201,200,0.00,1341.67,0.00,1341.67,1341.67,False,0,0,1,2,data_raw/Twitter15_16_dataset/twitter15/tree/524925600318754816.txt,the scene at the war memorial in ottawa URL URL
twitter15__524925730053181440,twitter15,524925730053181440,unverified,True,140,False,True,19038934,524925730053181440,True,0.0,0.00,753,757,753,0.00,700.17,0.00,700.17,700.17,False,0,0,0,3,data_raw/Twitter15_16_dataset/twitter15/tree/524925730053181440.txt,"shooter still on loose after uniformed soldier shot at #ottawa's war memorial, across road from parliament. mp's being taken out of offices."
twitter15__524926472432410625,twitter15,524926472432410625,unverified,True,106,True,True,21106414,524926472432410625,True,0.0,0.00,110,109,110,0.00,955.82,0.00,955.82,955.82,False,0,0,0,0,data_raw/Twitter15_16_dataset/twitter15/tree/524926472432410625.txt,"one person shot outside centre block, a second wounded inside the building in parliament hill shooting URL"
twitter15__524927281048080385,twitter15,524927281048080385,unverified,True,111,True,True,359138243,524927281048080385,True,0.0,0.00,866,870,866,0.00,36014.17,0.00,36014.17,36014.17,False,0,0,5,16,data_raw/Twitter15_16_dataset/twitter15/tree/524927281048080385.txt,snipers set up on national art gallery as we remain barricaded in centre block on parliament hill #cdnpoli. URL
twitter15__524928119955013632,twitter15,524928119955013632,true,True,133,False,True,19038934,524928119955013632,True,0.0,0.00,332,331,332,0.00,257.85,0.00,257.85,257.85,False,0,0,0,1,data_raw/Twitter15_16_dataset/twitter15/tree/524928119955013632.txt,"police say they have located car belonging to suspect in #ottawa shooting. uniformed soldier shot at war memorial, condition unknown."
twitter15__524928878075457536,twitter15,524928878075457536,true,True,55,True,True,6433472,524928878075457536,True,0.0,0.00,410,409,410,0.00,607.00,0.00,607.00,607.00,False,0,0,0,1,data_raw/Twitter15_16_dataset/twitter15/tree/524928878075457536.txt,soldier shot at national war memorial in ottawa URL URL
twitter15__524929106987991040,twitter15,524929106987991040,true,True,97,True,True,23655688,524929106987991040,True,0.0,0.00,192,191,192,0.00,266.60,0.00,266.60,266.60,False,0,0,0,1,data_raw/Twitter15_16_dataset/twitter15/tree/524929106987991040.txt,"breaking: soldier shot at war memorial in ottawa, hill on lockdown, shooter at large URL #ottnews"
twitter15__524929497205055488,twitter15,524929497205055488,unverified,True,120,True,True,6017542,524929497205055488,True,0.0,0.00,259,258,259,0.00,476.02,0.00,476.02,476.02,False,0,0,0,0,data_raw/Twitter15_16_dataset/twitter15/tree/524929497205055488.txt,"canada's parliament hill is on lockdown as police hunt shooting suspect; at least 1 injured - @cbcnews, @torontostar URL"
twitter15__524929796862918656,twitter15,524929796862918656,true,True,55,True,True,19636948,524929796862918656,True,0.0,0.00,212,211,212,0.00,1446.30,0.00,1446.30,1446.30,False,0,0,0,0,data_raw/Twitter15_16_dataset/twitter15/tree/524929796862918656.txt,soldier shot at national war memorial in ottawa URL URL
twitter15__524930365400821761,twitter15,524930365400821761,true,True,47,True,True,428333,524930365400821761,True,0.0,0.00,585,585,585,0.00,366848.63,0.00,366848.63,366848.63,False,0,0,0,6,data_raw/Twitter15_16_dataset/twitter15/tree/524930365400821761.txt,1 shot at war memorial in canada's capital. URL
twitter15__524930671220105216,twitter15,524930671220105216,true,True,99,True,True,24000965,524930671220105216,True,0.0,0.00,199,201,199,0.00,3274.52,0.00,3274.52,3274.52,False,0,0,0,4,data_raw/Twitter15_16_dataset/twitter15/tree/524930671220105216.txt,developing news: soldier shot at war memorial. watch cbc nn for coverage. or follow online: URL URL
twitter15__524932056560963584,twitter15,524932056560963584,unverified,True,105,False,True,20639175,524932056560963584,True,0.0,0.00,89,88,89,0.00,340.28,0.00,340.28,340.28,False,0,0,0,0,data_raw/Twitter15_16_dataset/twitter15/tree/524932056560963584.txt,"breaking: at least 20 shots have been fired in the canadian parliament in ottawa, according to witnesses."
twitter15__524933380929245184,twitter15,524933380929245184,true,True,94,True,True,203123011,524933380929245184,True,0.0,0.00,881,882,881,0.00,5095.23,0.00,5095.23,5095.23,False,0,0,0,3,data_raw/Twitter15_16_dataset/twitter15/tree/524933380929245184.txt,"developing story: shots fired on parliament hill, soldier shot at war memorial URL #ottawa URL"
twitter15__524934138563133440,twitter15,524934138563133440,true,True,113,True,True,292777349,524934138563133440,True,0.0,0.00,129,129,129,0.00,129.60,0.00,129.60,129.60,False,0,0,1,1,data_raw/Twitter15_16_dataset/twitter15/tree/524934138563133440.txt,breaking news: cbs reports multiple suspects at large after more than 30 shots fired at canadian parliament - URL
twitter15__524935246647926784,twitter15,524935246647926784,true,True,109,True,True,3108351,524935246647926784,True,0.0,0.00,107,106,107,0.00,374.75,0.00,374.75,374.75,False,0,0,0,0,data_raw/Twitter15_16_dataset/twitter15/tree/524935246647926784.txt,"shots were fired at canada's national war memorial in ottawa and a ceremonial guard was shot, police say. URL"
twitter15__524935769614331904,twitter15,524935769614331904,true,True,95,True,True,1367531,524935769614331904,True,0.0,0.00,133,133,133,0.00,830.18,0.00,830.18,830.18,False,0,0,0,4,data_raw/Twitter15_16_dataset/twitter15/tree/524935769614331904.txt,update: reports of gunfire inside the halls of the canadian parliament building in #ottawa: URL
twitter15__524937542131793920,twitter15,524937542131793920,unverified,True,65,False,True,1900801694,524937542131793920,True,0.0,0.00,193,194,193,0.00,518.28,0.00,518.28,518.28,False,0,0,0,0,data_raw/Twitter15_16_dataset/twitter15/tree/524937542131793920.txt,we are in full lock down until further notice from ottawa police.
twitter15__524940659778920448,twitter15,524940659778920448,unverified,True,93,True,True,8736882,524940659778920448,True,0.0,0.00,199,198,199,0.00,634.75,0.00,634.75,634.75,False,0,0,0,1,data_raw/Twitter15_16_dataset/twitter15/tree/524940659778920448.txt,attack on parliament: soldier shot; gunman on the loose. follow our developing story: URL URL
twitter15__524941041301225472,twitter15,524941041301225472,true,True,96,True,True,15012486,524941041301225472,True,0.0,0.00,286,287,286,0.00,660.10,0.00,660.10,660.10,False,0,0,0,0,data_raw/Twitter15_16_dataset/twitter15/tree/524941041301225472.txt,a canadian soldier has been shot at the country's national war memorial near parliament. URL URL
twitter15__524941504796962816,twitter15,524941504796962816,true,True,100,True,True,6433472,524941504796962816,True,0.0,0.00,384,385,384,0.00,897.43,0.00,897.43,897.43,False,0,0,0,9,data_raw/Twitter15_16_dataset/twitter15/tree/524941504796962816.txt,"breaking news photo gallery: parliament hill attacked, soldier shot at national war memorial URL URL"
twitter15__524944881941495809,twitter15,524944881941495809,true,True,99,True,True,6433472,524944881941495809,True,0.0,0.00,1038,1041,1038,0.00,3033.38,0.00,3033.38,3033.38,False,0,0,0,10,data_raw/Twitter15_16_dataset/twitter15/tree/524944881941495809.txt,update: attacker shot dead in parliament after soldier shot at war memorial URL #ottawashooting URL
twitter15__524946179390701568,twitter15,524946179390701568,true,True,99,True,True,6433472,524946179390701568,True,0.0,0.00,250,249,250,0.00,1384.52,0.00,1384.52,1384.52,False,0,0,0,0,data_raw/Twitter15_16_dataset/twitter15/tree/524946179390701568.txt,latest update: attacker shot dead in parliament after soldier shot at national war memorial URL URL
twitter15__524947149134774272,twitter15,524947149134774272,true,True,108,True,True,18999969,524947149134774272,True,0.0,0.00,117,116,117,0.00,147.10,0.00,147.10,147.10,False,0,0,0,0,data_raw/Twitter15_16_dataset/twitter15/tree/524947149134774272.txt,updated | attacker shot dead in parliament after soldier shot at national war memorial: URL #cbcott #ottnews
twitter15__524948703850029056,twitter15,524948703850029056,true,True,99,True,True,292777349,524948703850029056,True,0.0,0.00,125,124,125,0.00,107.83,0.00,107.83,107.83,False,0,0,0,0,data_raw/Twitter15_16_dataset/twitter15/tree/524948703850029056.txt,breaking news: ottawa police confirm at least 3 separate shooting sites and multiple suspects - URL
twitter15__524949828711620608,twitter15,524949828711620608,true,True,95,True,True,1367531,524949828711620608,True,0.0,0.00,105,104,105,0.00,484.40,0.00,484.40,484.40,False,0,0,0,1,data_raw/Twitter15_16_dataset/twitter15/tree/524949828711620608.txt,update: one shooter possibly on the loose in #ottawa amid reports of shootings in the city: URL
twitter15__524950264303075328,twitter15,524950264303075328,true,True,116,True,True,292777349,524950264303075328,True,0.0,0.00,215,214,215,0.00,446.75,0.00,446.75,446.75,False,0,0,0,1,data_raw/Twitter15_16_dataset/twitter15/tree/524950264303075328.txt,canada parliament shooting: - still active shooter - 3 separate shooting sites - multiple gunmen - 1 gunmen dead URL
twitter15__524950339074523137,twitter15,524950339074523137,true,True,64,True,True,22968158,524950339074523137,True,0.0,0.00,562,561,562,0.00,19090.42,0.00,19090.42,19090.42,False,0,0,0,4,data_raw/Twitter15_16_dataset/twitter15/tree/524950339074523137.txt,dramatic photos from @wcuddington on the scene in ottawa URL URL
twitter15__524950507023245313,twitter15,524950507023245313,true,True,76,True,True,17679977,524950507023245313,True,0.0,0.00,98,97,98,0.00,268.17,0.00,268.17,268.17,False,0,0,0,0,data_raw/Twitter15_16_dataset/twitter15/tree/524950507023245313.txt,listen to our live special coverage of parliament hill shooting here URL URL
twitter15__524951893467234304,twitter15,524951893467234304,true,True,117,True,True,6433472,524951893467234304,True,0.0,0.00,121,120,121,0.00,667.38,0.00,667.38,667.38,False,0,0,0,1,data_raw/Twitter15_16_dataset/twitter15/tree/524951893467234304.txt,"cxn: 1 gunman shot dead in parliament hill attack, soldier shot in ottawa URL no report soldier dead. #ottawashooting"
twitter15__524952094986350592,twitter15,524952094986350592,true,True,127,False,True,99028224,524952094986350592,True,0.0,0.00,123,122,123,0.00,2756.03,0.00,2756.03,2756.03,False,0,0,0,0,data_raw/Twitter15_16_dataset/twitter15/tree/524952094986350592.txt,our thoughts and prayers are with the canadian soldier shot while guarding the national war memorial in ottawa. #ableg #cdnpoli
twitter15__524958128392376320,twitter15,524958128392376320,true,True,117,True,True,3108351,524958128392376320,True,0.0,0.00,147,151,147,0.00,2071.22,0.00,2071.22,2071.22,False,0,0,0,2,data_raw/Twitter15_16_dataset/twitter15/tree/524958128392376320.txt,"ottawa police confirm that there were multiple suspects in the shooting, saying there were ""possibly 3"" shooters. URL"
twitter15__524958992330522624,twitter15,524958992330522624,true,True,95,True,True,14216661,524958992330522624,True,0.0,0.00,154,155,154,0.00,1271.35,0.00,1271.35,1271.35,False,0,0,0,1,data_raw/Twitter15_16_dataset/twitter15/tree/524958992330522624.txt,"police, bystanders and soldiers rushed in to help after the memorial shooting in ottawa URL URL"
twitter15__524959836778536961,twitter15,524959836778536961,true,True,118,True,True,15012486,524959836778536961,True,0.0,0.00,108,107,108,0.00,249.55,0.00,249.55,249.55,False,0,0,0,0,data_raw/Twitter15_16_dataset/twitter15/tree/524959836778536961.txt,update: ottawa police confirm gunman in canada shooting shot and killed. search on for possible additional gunmen. URL
twitter15__524961721744900097,twitter15,524961721744900097,true,True,140,False,True,19038934,524961721744900097,True,0.0,0.00,736,737,736,0.00,720.58,0.00,720.58,720.58,False,0,0,0,5,data_raw/Twitter15_16_dataset/twitter15/tree/524961721744900097.txt,"canadian soldier who was shot at #ottawa's war memorial is a reservist serving with the argyll and sutherland highlanders in #hamilton, ont."
twitter15__524961908903149568,twitter15,524961908903149568,true,True,119,True,True,6017542,524961908903149568,True,0.0,0.00,204,203,204,0.00,436.42,0.00,436.42,436.42,False,0,0,0,0,data_raw/Twitter15_16_dataset/twitter15/tree/524961908903149568.txt,"2 new victims en route to ottawa hospital; 1 shot, both non-life-threatening, hospital says - @michaelctv, @cbcnews URL"
twitter15__524962676665888769,twitter15,524962676665888769,true,True,66,True,True,1367531,524962676665888769,True,0.0,0.00,144,143,144,0.00,1649.58,0.00,1649.58,1649.58,False,0,0,0,14,data_raw/Twitter15_16_dataset/twitter15/tree/524962676665888769.txt,"update: 'most of downtown #ottawa is in lockdown,' police say: URL"
twitter15__524965786059026432,twitter15,524965786059026432,true,True,90,True,True,292777349,524965786059026432,True,0.0,0.00,97,96,97,0.00,64.60,0.00,64.60,64.60,False,0,0,0,1,data_raw/Twitter15_16_dataset/twitter15/tree/524965786059026432.txt,"breaking news: one soldier has died after ottawa shooting, suspect(s) still at large - URL"
twitter15__524967711492014080,twitter15,524967711492014080,true,True,120,True,True,292777349,524967711492014080,True,0.0,0.00,138,137,138,0.00,514.53,0.00,514.53,514.53,False,0,0,0,0,data_raw/Twitter15_16_dataset/twitter15/tree/524967711492014080.txt,canada parliament shooting: - active shooter - 3 separate shooting sites - 3 injd - multiple gunmen - 1 soldier dead URL
twitter15__524970097711267841,twitter15,524970097711267841,true,True,127,False,True,747398809,524970097711267841,True,0.0,0.00,337,337,337,0.00,3647.43,0.00,3647.43,3647.43,False,0,0,0,3,data_raw/Twitter15_16_dataset/twitter15/tree/524970097711267841.txt,conservative caucas informed soldier shot at war memorial in ottawa this morning has died. a sad development on a shocking day.
twitter15__524970851675176960,twitter15,524970851675176960,unverified,True,102,True,True,28186908,524970851675176960,True,0.0,0.00,159,158,159,0.00,1674.35,0.00,1674.35,1674.35,False,0,0,0,3,data_raw/Twitter15_16_dataset/twitter15/tree/524970851675176960.txt,canada's parliament building locked down after shooting; at least one guard injured: URL photo: ap URL
twitter15__524972443308683264,twitter15,524972443308683264,unverified,True,79,True,True,18711754,524972443308683264,True,0.0,0.00,147,149,147,0.00,283.57,0.00,283.57,283.57,False,0,0,1,2,data_raw/Twitter15_16_dataset/twitter15/tree/524972443308683264.txt,statement from ottawa hospital: received 3 patients. 2 in stable condition. URL
twitter15__524976106861236226,twitter15,524976106861236226,true,True,104,True,True,51241574,524976106861236226,True,0.0,0.00,301,300,301,0.00,1346.28,0.00,1346.28,1346.28,False,0,0,0,2,data_raw/Twitter15_16_dataset/twitter15/tree/524976106861236226.txt,"man who saw gunman shoot canadian soldier at war memorial says shooter ""raised his arms in triumph"": URL"
twitter15__524976526891417600,twitter15,524976526891417600,true,True,120,True,True,428333,524976526891417600,True,0.0,0.00,625,626,625,0.00,366664.68,0.00,366664.68,366664.68,False,0,0,0,8,data_raw/Twitter15_16_dataset/twitter15/tree/524976526891417600.txt,"the canadian soldier shot at the war memorial in ottawa has died, according to two members of parliament. live blog: URL"
twitter15__524976963862429697,twitter15,524976963862429697,true,True,99,True,True,759251,524976963862429697,True,0.0,0.00,1155,1158,1155,0.00,23477.07,0.00,23477.07,23477.07,False,0,0,0,18,data_raw/Twitter15_16_dataset/twitter15/tree/524976963862429697.txt,"the canadian soldier shot at the war memorial has died, officials reported. URL #ottawashooting URL"
twitter15__524976980799000578,twitter15,524976980799000578,true,True,113,True,True,292777349,524976980799000578,True,0.0,0.00,105,106,105,0.00,503.32,0.00,503.32,503.32,False,0,0,0,2,data_raw/Twitter15_16_dataset/twitter15/tree/524976980799000578.txt,"breaking news: ottawa police confirm to abc news they are looking for 3 suspects, one has been 'dealt with' - URL"
twitter15__524977992683237376,twitter15,524977992683237376,true,True,118,True,True,18999969,524977992683237376,True,0.0,0.00,125,126,125,0.00,225.12,0.00,225.12,225.12,False,0,0,0,1,data_raw/Twitter15_16_dataset/twitter15/tree/524977992683237376.txt,shooting investigation going on for more than 3 hours. much of downtown ottawa still in lockdown: URL #cbcott #ottnews
twitter15__524979548195024898,twitter15,524979548195024898,true,True,83,True,True,22968158,524979548195024898,True,0.0,0.00,582,583,582,0.00,12419.45,0.00,12419.45,12419.45,False,0,0,0,3,data_raw/Twitter15_16_dataset/twitter15/tree/524979548195024898.txt,surreal photos out of ottawa: this is a vip being escorted on sparks street URL URL
twitter15__524981436252950528,twitter15,524981436252950528,unverified,True,136,False,True,16299754,524981436252950528,True,0.0,0.00,173,173,173,0.00,2224.97,0.00,2224.97,2224.97,False,0,0,0,1,data_raw/Twitter15_16_dataset/twitter15/tree/524981436252950528.txt,canadian authorities have given name of suspect in ottawa attacks to u.s. feds; ask for fbi assistance: sr u.s. law enforcement official
twitter15__524983325275197440,twitter15,524983325275197440,true,True,90,True,True,19038934,524983325275197440,True,0.0,0.00,161,160,161,0.00,400.93,0.00,400.93,400.93,False,0,0,0,2,data_raw/Twitter15_16_dataset/twitter15/tree/524983325275197440.txt,#rcmp news conference on #ottawa shootings expected to begin momentarily. watch live @ URL
twitter15__524987184836005889,twitter15,524987184836005889,true,True,93,True,True,18999969,524987184836005889,True,0.0,0.00,125,124,125,0.00,639.27,0.00,639.27,639.27,False,0,0,0,0,data_raw/Twitter15_16_dataset/twitter15/tree/524987184836005889.txt,the rcmp and ottawa police news conference is beginning now. watch live: URL #cbcott #ottnews
twitter15__524988712367955970,twitter15,524988712367955970,true,True,110,True,True,51241574,524988712367955970,True,0.0,0.00,235,235,235,0.00,798.92,0.00,798.92,798.92,False,0,0,1,11,data_raw/Twitter15_16_dataset/twitter15/tree/524988712367955970.txt,"more: canadian soldier shot at war memorial has died; one of three suspected gunmen also dead, police say: URL"
twitter15__524991067675189250,twitter15,524991067675189250,true,True,98,True,True,6433472,524991067675189250,True,0.0,0.00,305,305,305,0.00,1841.45,0.00,1841.45,1841.45,False,0,0,0,2,data_raw/Twitter15_16_dataset/twitter15/tree/524991067675189250.txt,"update: parliament hill attack: soldier dies of injuries, gunman shot dead URL #ottawashooting URL"
twitter15__524991240270807042,twitter15,524991240270807042,true,True,140,False,True,19038934,524991240270807042,True,0.0,0.00,117,116,117,0.00,204.62,0.00,204.62,204.62,False,0,0,0,1,data_raw/Twitter15_16_dataset/twitter15/tree/524991240270807042.txt,"police in #ottawa cannot confirm whether gunman shot dead in parliament is the same person that shot and killed soldier at the war memorial,"
twitter15__524993533212897281,twitter15,524993533212897281,unverified,True,84,False,True,203123011,524993533212897281,True,0.0,0.00,213,213,213,0.00,462.58,0.00,462.58,462.58,False,0,0,0,0,data_raw/Twitter15_16_dataset/twitter15/tree/524993533212897281.txt,"fbi assisting in the case of the ottawa shooting, sources have confirmed to ctv news"
twitter15__524998384357486592,twitter15,524998384357486592,true,True,84,True,True,3108351,524998384357486592,True,0.0,0.00,138,137,138,0.00,12478.72,0.00,12478.72,12478.72,False,0,0,0,0,data_raw/Twitter15_16_dataset/twitter15/tree/524998384357486592.txt,canadian government offices are locked down in ottawa after an armed attack: URL URL
twitter15__525005886272843776,twitter15,525005886272843776,true,True,96,True,True,18999969,525005886272843776,True,0.0,0.00,501,500,501,0.00,11318.65,0.00,11318.65,11318.65,False,0,0,1,1,data_raw/Twitter15_16_dataset/twitter15/tree/525005886272843776.txt,kevin vickers hailed as hero who took down attacker at parliament hill: URL #cbcott #ottnews URL
twitter15__525008463819464704,twitter15,525008463819464704,unverified,True,93,True,True,6038642,525008463819464704,True,0.0,0.00,111,111,111,0.00,1149.52,0.00,1149.52,1149.52,False,0,0,0,4,data_raw/Twitter15_16_dataset/twitter15/tree/525008463819464704.txt,"meet kevin vickers, the hero who shot down the parliament hill gunman #ottawashooting URL URL"
twitter15__525009850104037376,twitter15,525009850104037376,true,True,94,True,True,24000965,525009850104037376,True,0.0,0.00,307,306,307,0.00,2503.42,0.00,2503.42,2503.42,False,0,0,0,5,data_raw/Twitter15_16_dataset/twitter15/tree/525009850104037376.txt,#kevinvickers hailed as hero who took down attacker at parliament hill URL #ottawashooting URL
twitter15__525024066152169473,twitter15,525024066152169473,true,True,140,False,True,19038934,525024066152169473,True,0.0,0.00,442,444,442,0.00,1927.90,0.00,1927.90,1927.90,False,0,0,0,3,data_raw/Twitter15_16_dataset/twitter15/tree/525024066152169473.txt,"corporal nathan cirillo, shot dead at #ottawa war memorial today, was 24. reservist was member of argyll and sutherland highlanders #cdnpoli"
twitter15__525024181218725888,twitter15,525024181218725888,true,True,119,True,True,18999969,525024181218725888,True,0.0,0.00,1473,1480,1473,0.00,110772.12,0.00,110772.12,110772.12,False,0,0,0,17,data_raw/Twitter15_16_dataset/twitter15/tree/525024181218725888.txt,"cpl. nathan cirillo, 24, identified as the soldier who was shot, killed at the war memorial today. #cbcott #ottnews URL"
twitter15__525024518713397249,twitter15,525024518713397249,true,True,121,True,True,24630719,525024518713397249,True,0.0,0.00,181,183,181,0.00,1632.55,0.00,1632.55,1632.55,False,0,0,0,3,data_raw/Twitter15_16_dataset/twitter15/tree/525024518713397249.txt,twenty-four-year-old cpl. nathan cirillo was shot dead today at the war memorial in #ottawa. #cdnpoli #ottawashooting URL
twitter15__525029684095221760,twitter15,525029684095221760,true,True,74,True,True,292777349,525029684095221760,True,0.0,0.00,128,127,128,0.00,1275.40,0.00,1275.40,1275.40,False,0,0,0,4,data_raw/Twitter15_16_dataset/twitter15/tree/525029684095221760.txt,soldier killed at war memorial identified as cpl. nathan cirillo - URL URL
twitter15__525032872647065600,twitter15,525032872647065600,unverified,True,120,True,True,635608354,525032872647065600,True,0.0,0.00,122,125,122,0.00,1165.52,0.00,1165.52,1165.52,False,0,0,0,1,data_raw/Twitter15_16_dataset/twitter15/tree/525032872647065600.txt,"breaking: michael zehaf-bebeau had been designated ""high-risk traveller"" by cdn govt, which confiscated his passport URL"
twitter15__525033697045925888,twitter15,525033697045925888,true,True,96,True,True,6433472,525033697045925888,True,0.0,0.00,140,139,140,0.00,532.95,0.00,532.95,532.95,False,0,0,0,0,data_raw/Twitter15_16_dataset/twitter15/tree/525033697045925888.txt,"ottawa shooting: how events unfolded, first shots fired at 9:52 a.m. at the war memorial URL URL"
twitter15__525039784503541760,twitter15,525039784503541760,true,True,116,True,True,18999969,525039784503541760,True,0.0,0.00,830,848,830,0.00,3812.32,0.00,3812.32,3812.32,False,0,0,2,17,data_raw/Twitter15_16_dataset/twitter15/tree/525039784503541760.txt,"cpl. nathan cirillo pictured on the left, minutes before he was shot at the war memorial today. #cbcott #ottnews URL"
twitter15__525040767317082113,twitter15,525040767317082113,true,True,111,True,True,51241574,525040767317082113,True,0.0,0.00,138,137,138,0.00,699.10,0.00,699.10,699.10,False,0,0,0,0,data_raw/Twitter15_16_dataset/twitter15/tree/525040767317082113.txt,"more: ottawa shootings suspect identified as michael zehaf-bibeau, 32; unclear if there are other shooters: URL"
twitter15__525040836757958657,twitter15,525040836757958657,true,True,118,True,True,6433472,525040836757958657,True,0.0,0.00,677,681,677,0.00,15036.42,0.00,15036.42,15036.42,False,0,0,0,10,data_raw/Twitter15_16_dataset/twitter15/tree/525040836757958657.txt,"this photo was taken by a tourist at the national war memorial, shortly before nathan cirillo was shot and killed. URL"
twitter15__525041127343550464,twitter15,525041127343550464,true,True,118,True,True,26347394,525041127343550464,True,0.0,0.00,109,109,109,0.00,4051.12,0.00,4051.12,4051.12,False,0,0,0,1,data_raw/Twitter15_16_dataset/twitter15/tree/525041127343550464.txt,"this photo was taken by a tourist at the national war memorial, shortly before nathan cirillo was shot and killed. URL"
twitter15__525043936331857923,twitter15,525043936331857923,true,True,118,True,True,24000965,525043936331857923,True,0.0,0.00,209,211,209,0.00,3795.68,0.00,3795.68,3795.68,False,0,0,0,5,data_raw/Twitter15_16_dataset/twitter15/tree/525043936331857923.txt,"this photo was taken by a tourist at the national war memorial, shortly before nathan cirillo was shot and killed. URL"
twitter15__525077806401994754,twitter15,525077806401994754,true,True,119,True,True,6017542,525077806401994754,True,0.0,0.00,211,210,211,0.00,8220.67,0.00,8220.67,8220.67,False,0,0,0,3,data_raw/Twitter15_16_dataset/twitter15/tree/525077806401994754.txt,prime minister harper on ottawa attack: 'we will not be intimidated. canada will never be intimidated' - live video URL
twitter15__525088864416043008,twitter15,525088864416043008,true,True,84,True,True,8736882,525088864416043008,True,0.0,0.00,97,96,97,0.00,571.50,0.00,571.50,571.50,False,0,0,0,7,data_raw/Twitter15_16_dataset/twitter15/tree/525088864416043008.txt,"it was a long, dark day in ottawa. a timeline of the attack: URL #ottawashooting URL"
twitter15__525116411887513602,twitter15,525116411887513602,true,True,100,True,True,28785486,525116411887513602,True,0.0,0.00,224,223,224,0.00,375817.00,0.00,375817.00,375817.00,False,0,0,0,8,data_raw/Twitter15_16_dataset/twitter15/tree/525116411887513602.txt,canadian cpl. nathan cirillo killed by gunman while guarding canada's national war memorial: URL URL
twitter15__525134787778850818,twitter15,525134787778850818,true,True,82,True,True,28785486,525134787778850818,True,0.0,0.00,320,331,320,0.00,46768.17,0.00,46768.17,46768.17,False,0,0,1,29,data_raw/Twitter15_16_dataset/twitter15/tree/525134787778850818.txt,meet the south american goliath birdeater -- a spider the size of a puppy: URL URL
twitter15__525285199530455040,twitter15,525285199530455040,unverified,True,92,True,True,16887175,525285199530455040,True,0.0,0.00,850,872,850,0.00,88374.98,0.00,88374.98,88374.98,False,0,0,1,26,data_raw/Twitter15_16_dataset/twitter15/tree/525285199530455040.txt,man cut off penis and threw it in bin after girlfriend dumped him over small manhood URL URL
twitter15__525291306000846848,twitter15,525291306000846848,true,True,77,True,True,16973333,525291306000846848,True,0.0,0.00,177,176,177,0.00,20069.83,0.00,20069.83,20069.83,False,0,0,0,1,data_raw/Twitter15_16_dataset/twitter15/tree/525291306000846848.txt,this cartoon is the perfect tribute to nathan cirillo #ottawashooting URL URL
twitter15__525300042207612928,twitter15,525300042207612928,true,True,88,True,True,15438913,525300042207612928,True,0.0,0.00,132,139,132,0.00,25778.55,0.00,25778.55,25778.55,False,0,0,2,12,data_raw/Twitter15_16_dataset/twitter15/tree/525300042207612928.txt,pictured: kevin vickers moments after shooting dead canadian parliament attacker URL URL
twitter15__525301290218553344,twitter15,525301290218553344,true,True,88,True,True,292777349,525301290218553344,True,0.0,0.00,137,137,137,0.00,6379.40,0.00,6379.40,6379.40,False,0,0,0,2,data_raw/Twitter15_16_dataset/twitter15/tree/525301290218553344.txt,hero: kevin vickers moments after shooting dead canadian parliament attacker - URL / URL
twitter15__525305690257379328,twitter15,525305690257379328,true,True,46,True,True,16973333,525305690257379328,True,0.0,0.00,161,165,161,0.00,2361.98,0.00,2361.98,2361.98,False,0,0,0,1,data_raw/Twitter15_16_dataset/twitter15/tree/525305690257379328.txt,a touching tribute to a fallen soldier URL URL
twitter15__525327108520673281,twitter15,525327108520673281,unverified,True,100,True,True,16343974,525327108520673281,True,0.0,0.00,106,105,106,0.00,23263.58,0.00,23263.58,23263.58,False,0,0,0,1,data_raw/Twitter15_16_dataset/twitter15/tree/525327108520673281.txt,video: hero sergeant-at-arms kevin vickers returns to parliament - and an incredible welcome URL URL
twitter15__525408908484280321,twitter15,525408908484280321,true,True,94,True,True,15438913,525408908484280321,True,0.0,0.00,960,975,960,0.00,963805.03,0.00,963805.03,963805.03,False,0,0,0,28,data_raw/Twitter15_16_dataset/twitter15/tree/525408908484280321.txt,dogs of canadian reservist killed at national war memorial wait for him to return home URL URL
twitter15__525411618231169025,twitter15,525411618231169025,true,True,101,True,True,375721095,525411618231169025,True,0.0,0.00,203,206,203,0.00,13832.55,0.00,13832.55,13832.55,False,0,0,0,8,data_raw/Twitter15_16_dataset/twitter15/tree/525411618231169025.txt,photo: dogs of canadian reservist killed at national war memorial wait for him to return home URL URL
twitter15__525711899359318016,twitter15,525711899359318016,false,True,100,True,True,732773016,525711899359318016,True,0.0,0.00,195,194,195,0.00,2673.12,0.00,2673.12,2673.12,False,0,0,0,0,data_raw/Twitter15_16_dataset/twitter15/tree/525711899359318016.txt,cdc whistleblower exposes ebola vaccinations containing rfid chips | national report URL via @wpusta
twitter15__526459255147491328,twitter15,526459255147491328,false,True,85,True,True,16664681,526459255147491328,True,0.0,0.00,364,367,364,0.00,9660.10,0.00,9660.10,9660.10,False,0,0,0,6,data_raw/Twitter15_16_dataset/twitter15/tree/526459255147491328.txt,judd nelson didn't die last night. he sent us this photo to debunk the rumor. URL URL
twitter15__526757033186697216,twitter15,526757033186697216,unverified,True,114,True,True,149913262,526757033186697216,True,0.0,0.00,168,169,168,0.00,2165.20,0.00,2165.20,2165.20,False,0,0,0,10,data_raw/Twitter15_16_dataset/twitter15/tree/526757033186697216.txt,"female peshmerga warrior rehana - credited with killing 100 isis scumbags - reportedly captured, beheaded #rip URL"
twitter15__527131140721623040,twitter15,527131140721623040,unverified,True,89,True,True,342894187,527131140721623040,True,0.0,0.00,541,553,541,0.00,621722.28,0.00,621722.28,621722.28,False,0,0,3,36,data_raw/Twitter15_16_dataset/twitter15/tree/527131140721623040.txt,poster girl for kobane resistance reportedly beheaded. sickening. URL #rehana #kobane URL
twitter15__527138218505175040,twitter15,527138218505175040,true,True,120,True,True,556151596,527138218505175040,True,0.0,0.00,144,145,144,0.00,130008.08,0.00,130008.08,130008.08,False,0,0,0,7,data_raw/Twitter15_16_dataset/twitter15/tree/527138218505175040.txt,"pope francis again appears to suggest progress, but just makes false claims, as his religious belief requires of him URL"
twitter15__527162170531151872,twitter15,527162170531151872,true,True,111,True,True,95023423,527162170531151872,True,0.0,0.00,2863,2911,2863,0.00,961559.53,0.00,961559.53,961559.53,False,0,0,2,71,data_raw/Twitter15_16_dataset/twitter15/tree/527162170531151872.txt,a puppy-sized spider was found in south america and is now known as the 'south american goliath birdeater.' URL
twitter15__527272948680622080,twitter15,527272948680622080,true,True,118,False,True,292777349,527272948680622080,True,0.0,0.00,155,154,155,0.00,575.07,0.00,575.07,575.07,False,0,0,0,3,data_raw/Twitter15_16_dataset/twitter15/tree/527272948680622080.txt,update: police confirm former baseball star jose canseco shot himself in his left hand in an accidental shooting - cnn
twitter15__527286846347567104,twitter15,527286846347567104,true,True,96,True,True,428333,527286846347567104,True,0.0,0.00,1181,1184,1181,0.00,357466.77,0.00,357466.77,357466.77,False,0,0,1,7,data_raw/Twitter15_16_dataset/twitter15/tree/527286846347567104.txt,"former baseball slugger jose canseco accidentally shot himself in the left hand, police say. URL"
twitter15__527295015643394048,twitter15,527295015643394048,true,True,80,True,True,890891,527295015643394048,True,0.0,0.00,586,591,586,0.00,6469.77,0.00,6469.77,6469.77,False,0,0,3,35,data_raw/Twitter15_16_dataset/twitter15/tree/527295015643394048.txt,jose canseco accidentally shot himself in the hand at his las vegas home URL URL
twitter15__527308173112139776,twitter15,527308173112139776,true,True,100,True,True,749963,527308173112139776,True,0.0,0.00,155,158,155,0.00,14732.20,0.00,14732.20,14732.20,False,0,0,0,16,data_raw/Twitter15_16_dataset/twitter15/tree/527308173112139776.txt,matt taibbi has left first look media. sorry to see him go. a great talent and we wish him well. URL
twitter15__527947775905103872,twitter15,527947775905103872,true,True,99,True,True,18927441,527947775905103872,True,0.0,0.00,219,219,219,0.00,4269.00,0.00,4269.00,4269.00,False,0,0,1,4,data_raw/Twitter15_16_dataset/twitter15/tree/527947775905103872.txt,seth rogen has been cast as steve wozniak in the steve jobs biopic starring christian bale. URL URL
twitter15__528237933661544448,twitter15,528237933661544448,true,True,78,True,True,2467791,528237933661544448,True,0.0,0.00,517,526,517,0.00,6204.95,0.00,6204.95,6204.95,False,0,0,1,15,data_raw/Twitter15_16_dataset/twitter15/tree/528237933661544448.txt,"fanged deer pops up in afghanistan, 60 years after its last appearance URL URL"
twitter15__528240834660298753,twitter15,528240834660298753,false,True,89,True,True,15739391,528240834660298753,True,0.0,0.00,321,340,321,0.00,47346.92,0.00,47346.92,47346.92,False,0,0,2,15,data_raw/Twitter15_16_dataset/twitter15/tree/528240834660298753.txt,"wow. obama disses stay at home moms. ""that’s not a choice we want americans to make."" URL"
twitter15__528242965915779072,twitter15,528242965915779072,true,True,103,True,True,2313227480,528242965915779072,True,0.0,0.00,631,630,631,0.00,622569.02,0.00,622569.02,622569.02,False,0,0,0,0,data_raw/Twitter15_16_dataset/twitter15/tree/528242965915779072.txt,officials took away this halloween decoration after reports of it being a real suicide victim. 2003 URL
twitter15__528312406498635777,twitter15,528312406498635777,true,True,78,True,True,2467791,528312406498635777,True,0.0,0.00,733,743,733,0.00,976586.60,0.00,976586.60,976586.60,False,0,0,1,11,data_raw/Twitter15_16_dataset/twitter15/tree/528312406498635777.txt,"fanged deer pops up in afghanistan, 60 years after its last appearance URL URL"
twitter15__528341588867416064,twitter15,528341588867416064,false,True,93,True,True,469194846,528341588867416064,True,0.0,0.00,217,217,217,0.00,7921.55,0.00,7921.55,7921.55,False,0,0,0,22,data_raw/Twitter15_16_dataset/twitter15/tree/528341588867416064.txt,'who is we?' obama says being a stay-at-home mom 'not a choice we want americans to make' URL
twitter15__528357165677817856,twitter15,528357165677817856,true,True,97,True,True,16906137,528357165677817856,True,0.0,0.00,108,107,108,0.00,10594.92,0.00,10594.92,10594.92,False,0,0,0,1,data_raw/Twitter15_16_dataset/twitter15/tree/528357165677817856.txt,"""afghanistan has been through a lot. you know what it needs now? deer with fangs."" -- god URL URL"
twitter15__528389559441444864,twitter15,528389559441444864,false,True,98,True,True,2316246829,528389559441444864,True,0.0,0.00,180,193,180,0.00,15878.87,0.00,15878.87,15878.87,False,0,0,0,41,data_raw/Twitter15_16_dataset/twitter15/tree/528389559441444864.txt,"#obama says ""america doesn't want any stay-at-home-moms! enough is enough! #fireobama now! URL URL"
twitter15__528495998537334785,twitter15,528495998537334785,true,True,73,True,True,2461887810,528495998537334785,True,0.0,0.00,140,144,140,0.00,27201.88,0.00,27201.88,27201.88,False,0,0,0,9,data_raw/Twitter15_16_dataset/twitter15/tree/528495998537334785.txt,"after an absence of 65 years, the afghan fanged deer has returned URL URL"
twitter15__528562608463704064,twitter15,528562608463704064,true,True,78,True,True,2467791,528562608463704064,True,0.0,0.00,940,942,940,0.00,34660.65,0.00,34660.65,34660.65,False,0,0,1,10,data_raw/Twitter15_16_dataset/twitter15/tree/528562608463704064.txt,"fanged deer pops up in afghanistan, 60 years after its last appearance URL URL"
twitter15__528607634099015680,twitter15,528607634099015680,true,True,85,True,True,17842366,528607634099015680,True,0.0,0.00,224,223,224,0.00,9694.93,0.00,9694.93,9694.93,False,0,0,0,5,data_raw/Twitter15_16_dataset/twitter15/tree/528607634099015680.txt,#animaloftheday: the first afghan fanged deer was seen in more than 60 years! URL URL
twitter15__528676615207653376,twitter15,528676615207653376,true,True,73,True,True,16973333,528676615207653376,True,0.0,0.00,180,180,180,0.00,20435.22,0.00,20435.22,20435.22,False,0,0,1,0,data_raw/Twitter15_16_dataset/twitter15/tree/528676615207653376.txt,fanged deer spotted in afghanistan for the first time in 65 years URL URL
twitter15__528822281972498432,twitter15,528822281972498432,true,True,100,True,True,270064609,528822281972498432,True,0.0,0.00,125,125,125,-578.82,19856.40,0.00,19856.40,19856.40,True,0,0,1,2,data_raw/Twitter15_16_dataset/twitter15/tree/528822281972498432.txt,fanged deer spotted in afghanistan for the first time in 65yrs URL rt @independent mt @thewcs cc URL
twitter15__528976109518721024,twitter15,528976109518721024,false,True,116,True,True,65493023,528976109518721024,True,0.0,0.00,507,542,507,0.00,168413.45,0.00,168413.45,168413.45,False,0,0,3,95,data_raw/Twitter15_16_dataset/twitter15/tree/528976109518721024.txt,obama declares stay-at-home moms aren't worth a hill of beans; says it's a choice 'we don't want americans to... URL
twitter15__529088963420909569,twitter15,529088963420909569,false,True,84,True,True,28245852,529088963420909569,True,0.0,0.00,938,941,938,0.00,140601.50,0.00,140601.50,140601.50,False,0,0,1,31,data_raw/Twitter15_16_dataset/twitter15/tree/529088963420909569.txt,seriously?! i must be doing good in life. more fake #fluffydied shit popping up. URL
twitter15__529434230938284032,twitter15,529434230938284032,true,True,79,True,True,14173315,529434230938284032,True,0.0,0.00,355,360,355,0.00,706686.37,0.00,706686.37,706686.37,False,0,0,1,8,data_raw/Twitter15_16_dataset/twitter15/tree/529434230938284032.txt,vampire bambi? rare fanged deer confirmed in afghanistan after 60 years URL URL
twitter15__529747368087126019,twitter15,529747368087126019,true,True,133,False,True,601076863,529747368087126019,True,0.0,0.00,106,112,106,0.00,1139.70,0.00,1139.70,1139.70,False,0,0,0,20,data_raw/Twitter15_16_dataset/twitter15/tree/529747368087126019.txt,wth?! michelle obama tells black ppl they can go eat fried chicken after they vote. just when u thought she could not be more ghetto.
twitter15__529857740059860992,twitter15,529857740059860992,false,True,64,False,True,115557718,529857740059860992,True,0.0,0.00,231,232,231,0.00,7236.80,0.00,7236.80,7236.80,False,0,0,0,5,data_raw/Twitter15_16_dataset/twitter15/tree/529857740059860992.txt,dear president obama...it looks like stay-at-home moms vote too.
twitter15__530017051025604609,twitter15,530017051025604609,false,True,102,True,True,2779009591,530017051025604609,True,0.0,0.00,140,140,140,0.00,86421.93,0.00,86421.93,86421.93,False,0,0,1,3,data_raw/Twitter15_16_dataset/twitter15/tree/530017051025604609.txt,"breaking: huge explosion of an #oil pipeline belonging to @saudi_aramco near sudair, #saudiarabia. URL"
twitter15__530943279161155584,twitter15,530943279161155584,true,True,83,True,True,2883841,530943279161155584,True,0.0,0.00,149,151,149,0.00,2123.02,0.00,2123.02,2123.02,False,0,0,0,3,data_raw/Twitter15_16_dataset/twitter15/tree/530943279161155584.txt,"the end is nigh: pepsi is testing doritos-flavored mountain dew. yes, for real: URL"
twitter15__531085761521528834,twitter15,531085761521528834,true,True,82,True,True,5695632,531085761521528834,True,0.0,0.00,644,648,644,0.00,11621.18,0.00,11621.18,11621.18,False,0,0,1,10,data_raw/Twitter15_16_dataset/twitter15/tree/531085761521528834.txt,"good sweet lord, pepsi is actually testing a doritos-flavored mountain dew URL URL"
twitter15__531108688749404160,twitter15,531108688749404160,false,True,120,True,True,434867400,531108688749404160,True,0.0,0.00,245,245,245,0.00,6317.42,0.00,6317.42,6317.42,False,0,0,0,3,data_raw/Twitter15_16_dataset/twitter15/tree/531108688749404160.txt,"news that 'home alone' star macauley culkin is dead has been confirmed as a hoax, he is alive &well. #macauleyculkin URL"
twitter15__531129816389779456,twitter15,531129816389779456,true,True,53,True,True,94215105,531129816389779456,True,0.0,0.00,384,388,384,0.00,78868.40,0.00,78868.40,78868.40,False,0,0,0,3,data_raw/Twitter15_16_dataset/twitter15/tree/531129816389779456.txt,doritos-flavored mountain dew is a real thing URL URL
twitter15__531131094276382720,twitter15,531131094276382720,unverified,True,100,False,True,747822822,531131094276382720,True,0.0,0.00,132,135,132,0.00,2360.93,0.00,2360.93,2360.93,False,0,0,9,9,data_raw/Twitter15_16_dataset/twitter15/tree/531131094276382720.txt,reports indicate #isis leader abu bakr al-baghdadi has been injured in a us air strike. #syria #iraq
twitter15__531161914689482752,twitter15,531161914689482752,true,True,85,True,True,15464697,531161914689482752,True,0.0,0.00,346,348,346,0.00,167060.27,0.00,167060.27,167060.27,False,0,0,0,5,data_raw/Twitter15_16_dataset/twitter15/tree/531161914689482752.txt,"confirmed: pepsico is making a doritos-flavored mountain dew called ""dewitos"" URL URL"
twitter15__531183173443801088,twitter15,531183173443801088,true,True,121,True,True,26659703,531183173443801088,True,0.0,0.00,306,310,306,0.00,292555.92,0.00,292555.92,292555.92,False,0,0,0,3,data_raw/Twitter15_16_dataset/twitter15/tree/531183173443801088.txt,"i don't want to live on this planet anymore. rt @juddlegum pepsi is making a doritos-flavored mountain dew: ""dewitos"" URL"
twitter15__531193369465470976,twitter15,531193369465470976,unverified,True,100,True,True,130294479,531193369465470976,True,0.0,0.00,166,176,166,0.00,2937.17,0.00,2937.17,2937.17,False,0,0,1,18,data_raw/Twitter15_16_dataset/twitter15/tree/531193369465470976.txt,breaking: isis leader al-baghdadi “critically wounded” after coalition airstrikes near mosul URL URL
twitter15__531206167302012929,twitter15,531206167302012929,true,True,72,False,True,42345999,531206167302012929,True,0.0,0.00,287,287,287,0.00,7475.53,0.00,7475.53,7475.53,False,0,0,0,7,data_raw/Twitter15_16_dataset/twitter15/tree/531206167302012929.txt,holy shit. doritos flavored mountain dew. all is lost. abandon all hope.
twitter15__531287426858487808,twitter15,531287426858487808,unverified,True,99,True,True,143695063,531287426858487808,True,0.0,0.00,105,106,105,0.00,119463.10,0.00,119463.10,119463.10,False,0,0,0,5,data_raw/Twitter15_16_dataset/twitter15/tree/531287426858487808.txt,feel good story: u.s. airstrikes 'hit isis leader'. terror group chief 'critically wounded' URL URL
twitter15__531300385248800768,twitter15,531300385248800768,unverified,True,103,True,True,17004618,531300385248800768,True,0.0,0.00,231,232,231,0.00,4706.93,0.00,4706.93,4706.93,False,0,0,0,8,data_raw/Twitter15_16_dataset/twitter15/tree/531300385248800768.txt,"the head of isis, abu bakr al-baghdadi, is said to have been critically wounded in a us air strike: URL"
twitter15__531493734358061056,twitter15,531493734358061056,unverified,True,132,False,True,322572436,531493734358061056,True,0.0,0.00,94,95,94,0.00,3043.13,0.00,3043.13,3043.13,False,0,0,0,2,data_raw/Twitter15_16_dataset/twitter15/tree/531493734358061056.txt,breaking news: isis terror group confirmed its leader abu bakr al-baghdadi has been injured in a us air strike yesterday - channel 2
twitter15__531498841158082562,twitter15,531498841158082562,unverified,True,67,True,True,24506246,531498841158082562,True,0.0,0.00,628,651,628,0.00,10249.18,0.00,10249.18,10249.18,False,0,0,1,29,data_raw/Twitter15_16_dataset/twitter15/tree/531498841158082562.txt,isis confirms: leader al-baghdadi wounded in u.s. airstrike URL URL
twitter15__531524882325311488,twitter15,531524882325311488,unverified,True,120,False,True,87416722,531524882325311488,True,0.0,0.00,110,109,110,0.00,28201.18,0.00,28201.18,28201.18,False,0,0,0,1,data_raw/Twitter15_16_dataset/twitter15/tree/531524882325311488.txt,ap: iraqi officials say u.s. airstrikes have wounded the leader of the islamic state militant group abu bakr al baghdadi
twitter15__531525016794697729,twitter15,531525016794697729,unverified,True,87,True,True,51241574,531525016794697729,True,0.0,0.00,114,113,114,0.00,1286.13,0.00,1286.13,1286.13,False,0,0,0,0,data_raw/Twitter15_16_dataset/twitter15/tree/531525016794697729.txt,more: officials say they do not know the extent of al-baghdadi's apparent injuries: URL
twitter15__531526274003771392,twitter15,531526274003771392,unverified,True,100,True,True,6017542,531526274003771392,True,0.0,0.00,128,127,128,0.00,3857.15,0.00,3857.15,3857.15,False,0,0,0,3,data_raw/Twitter15_16_dataset/twitter15/tree/531526274003771392.txt,2 iraqi officials and state tv say airstrike wounds islamic state group leader al-baghdadi - @ap URL
twitter15__531530591427391488,twitter15,531530591427391488,unverified,True,56,True,True,14293310,531530591427391488,True,0.0,0.00,106,105,106,0.00,1517.43,0.00,1517.43,1517.43,False,0,0,0,1,data_raw/Twitter15_16_dataset/twitter15/tree/531530591427391488.txt,iraqi officials say isis leader wounded in airstrike URL
twitter15__531531382611513344,twitter15,531531382611513344,unverified,True,99,True,True,292777349,531531382611513344,True,0.0,0.00,120,120,120,0.00,1938.67,0.00,1938.67,1938.67,False,0,0,0,4,data_raw/Twitter15_16_dataset/twitter15/tree/531531382611513344.txt,breaking news: iraqi state tv confirms isis group leader al-baghdadi wounded in airstrike - URL URL
twitter15__531543620856197121,twitter15,531543620856197121,unverified,True,89,True,True,1367531,531543620856197121,True,0.0,0.00,427,429,427,0.00,20069.53,0.00,20069.53,20069.53,False,0,0,1,25,data_raw/Twitter15_16_dataset/twitter15/tree/531543620856197121.txt,"islamic state leader al-baghdadi wounded in airstrikes, iraqi officials say URL #isis URL"
twitter15__531565935128498176,twitter15,531565935128498176,false,True,110,True,True,459872442,531565935128498176,True,0.0,0.00,122,123,122,0.00,3976.50,0.00,3976.50,3976.50,False,0,0,1,0,data_raw/Twitter15_16_dataset/twitter15/tree/531565935128498176.txt,"hey, it looks like... oh. rt @marc_leibowitz: photo of vladimir putin's motorcade. posted without comment. URL"
twitter15__531568534066057217,twitter15,531568534066057217,false,True,95,True,True,1114067306,531568534066057217,True,0.0,0.00,170,170,170,0.00,90696.43,0.00,90696.43,90696.43,False,0,0,0,0,data_raw/Twitter15_16_dataset/twitter15/tree/531568534066057217.txt,alpha male rt @marc_leibowitz: photo of vladimir putin's motorcade. posted without comment. URL
twitter15__531606992788287489,twitter15,531606992788287489,unverified,True,92,True,True,1367531,531606992788287489,True,0.0,0.00,153,154,153,0.00,3730.43,0.00,3730.43,3730.43,False,0,0,0,3,data_raw/Twitter15_16_dataset/twitter15/tree/531606992788287489.txt,pentagon officials skeptical over iraqi claims of wounded islamic state leader URL #isis URL
twitter15__531607884220485632,twitter15,531607884220485632,false,True,107,True,True,14926475,531607884220485632,True,0.0,0.00,1374,1405,1374,-497.28,629517.85,0.00,629517.85,629517.85,True,0,0,2,42,data_raw/Twitter15_16_dataset/twitter15/tree/531607884220485632.txt,apec photo of the day. rt @marc_leibowitz: photo of vladimir putin's motorcade. posted without comment. URL
twitter15__531634492528939008,twitter15,531634492528939008,true,True,90,True,True,18927441,531634492528939008,True,0.0,0.00,1234,1260,1234,0.00,789173.05,0.00,789173.05,789173.05,False,0,0,3,61,data_raw/Twitter15_16_dataset/twitter15/tree/531634492528939008.txt,pepsi is currently taste-testing doritos flavored mountrain dew. would you try it? URL URL
twitter15__531648145613398016,twitter15,531648145613398016,true,True,48,True,True,42345999,531648145613398016,True,0.0,0.00,550,558,550,0.00,935310.03,0.00,935310.03,935310.03,False,0,0,1,24,data_raw/Twitter15_16_dataset/twitter15/tree/531648145613398016.txt,making my own doritos flavored mountain dew! URL
twitter15__531659884430106624,twitter15,531659884430106624,true,True,59,True,True,807095,531659884430106624,True,0.0,0.00,137,136,137,0.00,1499.23,0.00,1499.23,1499.23,False,0,0,0,0,data_raw/Twitter15_16_dataset/twitter15/tree/531659884430106624.txt,"in new york city, marijuana may mean ticket, not arrest URL"
twitter15__531676808836833280,twitter15,531676808836833280,true,True,101,True,True,42345999,531676808836833280,True,0.0,0.00,191,193,191,0.00,25271.40,0.00,25271.40,25271.40,False,0,0,0,6,data_raw/Twitter15_16_dataset/twitter15/tree/531676808836833280.txt,francis teaches you how to make your own doritos flavored mountain dew! watch: URL then share! :) URL
twitter15__531733274968989696,twitter15,531733274968989696,unverified,True,136,False,True,742143,531733274968989696,True,0.0,0.00,100,99,100,0.00,848732.65,0.00,848732.65,848732.65,False,0,0,0,2,data_raw/Twitter15_16_dataset/twitter15/tree/531733274968989696.txt,"reports that is leader abu bakr al-baghdadi was wounded in a coalition air strike are ""unconfirmed"" - us defense sec john kirby #r4today"
twitter15__531833153145823233,twitter15,531833153145823233,true,True,76,True,True,972651,531833153145823233,True,0.0,0.00,263,267,263,0.00,9173.07,0.00,9173.07,9173.07,False,0,0,0,5,data_raw/Twitter15_16_dataset/twitter15/tree/531833153145823233.txt,just your monday reminder that doritos-flavored mountain dew exists. URL URL
twitter15__531833233143783424,twitter15,531833233143783424,false,True,88,True,True,1068121346,531833233143783424,True,0.0,0.00,449,450,449,0.00,11531.97,0.00,11531.97,11531.97,False,0,0,0,6,data_raw/Twitter15_16_dataset/twitter15/tree/531833233143783424.txt,"no, vladimir putin has not been driving round in a motorcade shaped like a penis URL URL"
twitter15__531900034863091712,twitter15,531900034863091712,false,True,95,True,True,53110793,531900034863091712,True,0.0,0.00,337,338,337,0.00,108125.07,0.00,108125.07,108125.07,False,0,0,0,7,data_raw/Twitter15_16_dataset/twitter15/tree/531900034863091712.txt,rt @cl_lfc: “@usvsth3m: vladimir putin’s motorcade looks suspiciously like a massive… URL URL ”
twitter15__531973383198887936,twitter15,531973383198887936,false,True,101,True,True,14094741,531973383198887936,True,0.0,0.00,125,124,125,0.00,4555.98,0.00,4555.98,4555.98,False,0,0,0,3,data_raw/Twitter15_16_dataset/twitter15/tree/531973383198887936.txt,the manager at a chick-fil-a made a list of words his employees are no longer allowed to say. URL URL
twitter15__532007252677656576,twitter15,532007252677656576,false,True,63,True,True,16302129,532007252677656576,True,0.0,0.00,310,322,310,0.00,550827.95,0.00,550827.95,550827.95,False,0,0,0,11,data_raw/Twitter15_16_dataset/twitter15/tree/532007252677656576.txt,*dead* at this list of banned slang by chick-fil-a manager: URL
twitter15__532106726539939841,twitter15,532106726539939841,false,True,56,True,True,143145579,532106726539939841,True,0.0,0.00,497,499,497,0.00,209485.77,0.00,209485.77,209485.77,False,0,0,0,7,data_raw/Twitter15_16_dataset/twitter15/tree/532106726539939841.txt,vladimir putin’s motorcade as seen from the air. URL URL
twitter15__532197572698320896,twitter15,532197572698320896,true,True,65,True,True,16331010,532197572698320896,True,0.0,0.00,175,175,175,0.00,846.22,0.00,846.22,846.22,False,0,0,0,3,data_raw/Twitter15_16_dataset/twitter15/tree/532197572698320896.txt,sugarhill gang's big bank hank dies -- dead at 57 from cancer URL
twitter15__532199717594497024,twitter15,532199717594497024,false,True,64,True,True,26329195,532199717594497024,True,0.0,0.00,257,264,257,0.00,111196.68,0.00,111196.68,111196.68,False,0,0,0,2,data_raw/Twitter15_16_dataset/twitter15/tree/532199717594497024.txt,no baes allowed: a chick-fil-a manager bans 22 hip words URL URL
twitter15__532203605236154368,twitter15,532203605236154368,true,True,65,True,True,24138795,532203605236154368,True,0.0,0.00,747,752,747,0.00,505121.82,0.00,505121.82,505121.82,False,0,0,0,1,data_raw/Twitter15_16_dataset/twitter15/tree/532203605236154368.txt,rest in peace: big bank hank of sugarhill gang dead at 57 URL URL
twitter15__532206910796468224,twitter15,532206910796468224,false,True,81,True,True,20562637,532206910796468224,True,0.0,0.00,125,124,125,0.00,31608.23,0.00,31608.23,31608.23,False,0,0,0,2,data_raw/Twitter15_16_dataset/twitter15/tree/532206910796468224.txt,a chick-fil-a manager allegedly banned this hilarious list of slang words URL URL
twitter15__532208816692416512,twitter15,532208816692416512,false,True,90,True,True,5695632,532208816692416512,True,0.0,0.00,158,159,158,0.00,6066.22,0.00,6066.22,6066.22,False,0,0,1,4,data_raw/Twitter15_16_dataset/twitter15/tree/532208816692416512.txt,"a chick-fil-a manager allegedly banned the words “bae,” “fleek,” and “ratchet” at work URL"
twitter15__532231906364911616,twitter15,532231906364911616,true,True,58,True,True,16312576,532231906364911616,True,0.0,0.00,141,141,141,0.00,15781.47,0.00,15781.47,15781.47,False,0,0,0,0,data_raw/Twitter15_16_dataset/twitter15/tree/532231906364911616.txt,the sugarhill gang's big bank hank has died at 57: URL URL
twitter15__532239131540467712,twitter15,532239131540467712,false,True,102,True,True,219937434,532239131540467712,True,0.0,0.00,168,168,168,0.00,13680.83,0.00,13680.83,13680.83,False,0,0,0,1,data_raw/Twitter15_16_dataset/twitter15/tree/532239131540467712.txt,"employees at a chick-fil-a said to be banned from using slang such as ""bae"", ""bruh"", ""ratchet"" URL URL"
twitter15__532246457609244672,twitter15,532246457609244672,false,True,56,True,True,143145579,532246457609244672,True,0.0,0.00,226,225,226,0.00,102156.53,0.00,102156.53,102156.53,False,0,0,0,3,data_raw/Twitter15_16_dataset/twitter15/tree/532246457609244672.txt,vladimir putin’s motorcade as seen from the air. URL URL
twitter15__532255606623989760,twitter15,532255606623989760,false,True,100,True,True,35586563,532255606623989760,True,0.0,0.00,168,169,168,0.00,27169.83,0.00,27169.83,27169.83,False,0,0,0,4,data_raw/Twitter15_16_dataset/twitter15/tree/532255606623989760.txt,#dointoomuch rt @dahndahlas: @jemelehill a chick-fil-a manager banned slang at his location. URL URL
twitter15__532259028152246272,twitter15,532259028152246272,false,True,90,True,True,15750898,532259028152246272,True,0.0,0.00,103,104,103,0.00,20051.52,0.00,20051.52,20051.52,False,0,0,0,1,data_raw/Twitter15_16_dataset/twitter15/tree/532259028152246272.txt,"chick-fil-a manager reportedly bans list of unprofessional words, internet erupts: URL URL"
twitter15__532275347413544961,twitter15,532275347413544961,true,True,49,True,True,14511951,532275347413544961,True,0.0,0.00,270,269,270,0.00,10272.03,0.00,10272.03,10272.03,False,0,0,0,5,data_raw/Twitter15_16_dataset/twitter15/tree/532275347413544961.txt,sugarhill gang's big bank hank dies at 57 URL URL
twitter15__532275383430041600,twitter15,532275383430041600,true,True,61,True,True,16331010,532275383430041600,True,0.0,0.00,263,264,263,0.00,2236.73,0.00,2236.73,2236.73,False,0,0,1,14,data_raw/Twitter15_16_dataset/twitter15/tree/532275383430041600.txt,sugarhill gang's big bank hank dies at 57 from cancer URL URL
twitter15__532276370953752576,twitter15,532276370953752576,true,True,100,True,True,14173315,532276370953752576,True,0.0,0.00,216,216,216,0.00,7818.90,0.00,7818.90,7818.90,False,0,0,0,2,data_raw/Twitter15_16_dataset/twitter15/tree/532276370953752576.txt,big bank hank of the sugarhill gang - famous for the 1979 hit 'rappers delight' - dead at 57 URL URL
twitter15__532276693931945984,twitter15,532276693931945984,true,True,117,True,True,14780915,532276693931945984,True,0.0,0.00,169,171,169,0.00,6121.73,0.00,6121.73,6121.73,False,0,0,0,0,data_raw/Twitter15_16_dataset/twitter15/tree/532276693931945984.txt,sugarhill gang rapper big bank hank has died at the age of 57. read about his legacy and contribution to hip hop: URL
twitter15__532281981795848192,twitter15,532281981795848192,false,True,102,True,True,138749160,532281981795848192,True,0.0,0.00,1596,1606,1596,0.00,400343.07,0.00,400343.07,400343.07,False,0,0,3,44,data_raw/Twitter15_16_dataset/twitter15/tree/532281981795848192.txt,manager bans teen slang from work including 'chill'. adds stop accusing people of having ebola URL URL
twitter15__532284428542681088,twitter15,532284428542681088,false,True,74,True,True,16973333,532284428542681088,True,0.0,0.00,348,348,348,0.00,7564.68,0.00,7564.68,7564.68,False,0,0,0,3,data_raw/Twitter15_16_dataset/twitter15/tree/532284428542681088.txt,"no, vladimir putin did not travel in a phallic motorcade formation URL URL"
twitter15__532284831783460864,twitter15,532284831783460864,false,True,99,True,True,17469289,532284831783460864,True,0.0,0.00,532,549,532,0.00,279835.65,0.00,279835.65,279835.65,False,0,0,0,19,data_raw/Twitter15_16_dataset/twitter15/tree/532284831783460864.txt,irritated chick-fil-a manager makes a list of teen slang his employees are forbidden to use URL URL
twitter15__532297096356167680,twitter15,532297096356167680,true,True,88,True,True,2883841,532297096356167680,True,0.0,0.00,370,371,370,0.00,99176.28,0.00,99176.28,99176.28,False,0,0,0,8,data_raw/Twitter15_16_dataset/twitter15/tree/532297096356167680.txt,so sad to learn big bank hank has passed away--the sugarhill gang rapper was 57. URL URL
twitter15__532319110458118144,twitter15,532319110458118144,false,True,56,True,True,14787713,532319110458118144,True,0.0,0.00,636,640,636,0.00,11541.83,0.00,11541.83,11541.83,False,0,0,0,17,data_raw/Twitter15_16_dataset/twitter15/tree/532319110458118144.txt,employee says manager bans slang at chick-fil-a. URL URL
twitter15__532559937269166080,twitter15,532559937269166080,false,True,86,True,True,18058293,532559937269166080,True,0.0,0.00,210,212,210,0.00,24527.83,0.00,24527.83,24527.83,False,0,0,0,4,data_raw/Twitter15_16_dataset/twitter15/tree/532559937269166080.txt,"bruh, just chill. did you see the slang words this chick-fil-a manager banned? URL URL"
twitter15__532602376398462976,twitter15,532602376398462976,true,True,103,True,True,286742737,532602376398462976,True,0.0,0.00,178,177,178,0.00,146695.30,0.00,146695.30,146695.30,False,0,0,0,0,data_raw/Twitter15_16_dataset/twitter15/tree/532602376398462976.txt,officials took away this halloween decoration after reports of it being a real suicide victim. 2003 URL
twitter15__532851585408593920,twitter15,532851585408593920,false,True,89,False,True,28886934,532851585408593920,True,0.0,0.00,326,331,326,0.00,5202.02,0.00,5202.02,5202.02,False,0,0,0,15,data_raw/Twitter15_16_dataset/twitter15/tree/532851585408593920.txt,"disney are making their first movie to feature two gay princes who fall in love, amazing."
twitter15__532928419051622400,twitter15,532928419051622400,unverified,True,118,True,True,5402612,532928419051622400,True,0.0,0.00,249,250,249,0.00,9590.28,0.00,9590.28,9590.28,False,0,0,0,4,data_raw/Twitter15_16_dataset/twitter15/tree/532928419051622400.txt,islamic state releases audio it says is of leader abu bakr al-baghdadi days after reports he was killed or injured URL
twitter15__533734824905670656,twitter15,533734824905670656,unverified,True,111,True,True,216299334,533734824905670656,True,0.0,0.00,618,626,618,0.00,983005.18,0.00,983005.18,983005.18,False,0,0,1,11,data_raw/Twitter15_16_dataset/twitter15/tree/533734824905670656.txt,breaking news: isis executioner jihadi john reportedly wounded in air strike. big scoop in tomorrow's mos > URL
twitter15__533767270091087872,twitter15,533767270091087872,unverified,True,69,True,True,24506246,533767270091087872,True,0.0,0.00,129,132,129,0.00,2008.40,0.00,2008.40,2008.40,False,0,0,1,5,data_raw/Twitter15_16_dataset/twitter15/tree/533767270091087872.txt,isis executioner 'jihadi john' reported wounded in air strike URL URL
twitter15__533811170889568256,twitter15,533811170889568256,unverified,True,97,True,True,93637779,533811170889568256,True,0.0,0.00,114,115,114,0.00,2327.95,0.00,2327.95,2327.95,False,0,0,1,10,data_raw/Twitter15_16_dataset/twitter15/tree/533811170889568256.txt,uk jihadi john is 'wounded in us airstrike on secret bunker meeting of isis high command' URL URL
twitter15__534205316620382208,twitter15,534205316620382208,true,True,82,True,True,292777349,534205316620382208,True,0.0,0.00,176,176,176,0.00,3337.78,0.00,3337.78,3337.78,False,0,0,0,6,data_raw/Twitter15_16_dataset/twitter15/tree/534205316620382208.txt,disease spread by bugs that bite your face as you sleep is found in the us URL URL
twitter15__534278078105944064,twitter15,534278078105944064,false,True,85,True,True,16973333,534278078105944064,True,0.0,0.00,616,635,616,0.00,29597.48,0.00,29597.48,29597.48,False,0,0,0,24,data_raw/Twitter15_16_dataset/twitter15/tree/534278078105944064.txt,"we are running out of chocolate, warns world's largest chocolate manufacturer URL URL"
twitter15__534303066867367937,twitter15,534303066867367937,false,True,85,True,True,16973333,534303066867367937,True,0.0,0.00,154,154,154,0.00,10275.28,0.00,10275.28,10275.28,False,0,0,0,5,data_raw/Twitter15_16_dataset/twitter15/tree/534303066867367937.txt,"we are running out of chocolate, warns world's largest chocolate manufacturer URL URL"
twitter15__534337548680978432,twitter15,534337548680978432,false,True,85,True,True,16973333,534337548680978432,True,0.0,0.00,136,135,136,0.00,6673.08,0.00,6673.08,6673.08,False,0,0,0,5,data_raw/Twitter15_16_dataset/twitter15/tree/534337548680978432.txt,"we are running out of chocolate, warns world's largest chocolate manufacturer URL URL"
twitter15__534364937939062784,twitter15,534364937939062784,false,True,85,True,True,16973333,534364937939062784,True,0.0,0.00,157,158,157,0.00,83453.43,0.00,83453.43,83453.43,False,0,0,0,0,data_raw/Twitter15_16_dataset/twitter15/tree/534364937939062784.txt,"we are running out of chocolate, warns world's largest chocolate manufacturer URL URL"
twitter15__534392174876839936,twitter15,534392174876839936,false,True,85,True,True,16973333,534392174876839936,True,0.0,0.00,175,174,175,0.00,24480.90,0.00,24480.90,24480.90,False,0,0,0,1,data_raw/Twitter15_16_dataset/twitter15/tree/534392174876839936.txt,"we are running out of chocolate, warns world's largest chocolate manufacturer URL URL"
twitter15__534409916560461825,twitter15,534409916560461825,false,True,102,True,True,15012486,534409916560461825,True,0.0,0.00,187,188,187,0.00,8313.78,0.00,8313.78,8313.78,False,0,0,0,6,data_raw/Twitter15_16_dataset/twitter15/tree/534409916560461825.txt,a world without chocolate?! two of the world's biggest chocolate makers could face a shortage: URL URL
twitter15__534445263528947712,twitter15,534445263528947712,false,True,69,True,True,1652541,534445263528947712,True,0.0,0.00,120,123,120,0.00,4327.35,0.00,4327.35,4327.35,False,0,0,0,1,data_raw/Twitter15_16_dataset/twitter15/tree/534445263528947712.txt,missouri governor declares state of emergency ahead of grand jury URL
twitter15__534461459938304001,twitter15,534461459938304001,false,True,88,True,True,2422621896,534461459938304001,True,0.0,0.00,151,151,151,0.00,119138.35,0.00,119138.35,119138.35,False,0,0,0,6,data_raw/Twitter15_16_dataset/twitter15/tree/534461459938304001.txt,17yr old @kyliejenner says she pregnant by 24yr old rapper @tyga (full video) ➡️ URL URL
twitter15__534543768653807618,twitter15,534543768653807618,false,True,102,True,True,356434482,534543768653807618,True,0.0,0.00,135,142,135,0.00,47653.85,0.00,47653.85,47653.85,False,0,0,1,11,data_raw/Twitter15_16_dataset/twitter15/tree/534543768653807618.txt,wtf? community agitator obama secretly met w/ ferguson activists & told them to stay on course URL URL
twitter15__534678919656775680,twitter15,534678919656775680,false,True,91,True,True,16973333,534678919656775680,True,0.0,0.00,141,143,141,0.00,102609.78,0.00,102609.78,102609.78,False,0,0,3,5,data_raw/Twitter15_16_dataset/twitter15/tree/534678919656775680.txt,"the world is running out of chocolate, world’s largest chocolate manufacturer warns URL URL"
twitter15__534763214106820608,twitter15,534763214106820608,false,True,91,True,True,16973333,534763214106820608,True,0.0,0.00,115,118,115,0.00,3273.82,0.00,3273.82,3273.82,False,0,0,0,7,data_raw/Twitter15_16_dataset/twitter15/tree/534763214106820608.txt,"the world is running out of chocolate, world’s largest chocolate manufacturer warns URL URL"
twitter15__535148463609356288,twitter15,535148463609356288,unverified,True,96,True,True,17469289,535148463609356288,True,0.0,0.00,329,329,329,0.00,7546.52,0.00,7546.52,7546.52,False,0,0,0,1,data_raw/Twitter15_16_dataset/twitter15/tree/535148463609356288.txt,this russian kid got zapped by a faulty electrical wire and now he's a real-life magneto URL URL
twitter15__535252460148113409,twitter15,535252460148113409,false,True,49,True,True,16331010,535252460148113409,True,0.0,0.00,145,144,145,0.00,992.90,0.00,992.90,992.90,False,0,0,0,1,data_raw/Twitter15_16_dataset/twitter15/tree/535252460148113409.txt,raven symone blasts bill cosby rape story URL URL
twitter15__535257207991205888,twitter15,535257207991205888,unverified,True,85,True,True,1855737487,535257207991205888,True,0.0,0.00,379,385,379,0.00,144238.43,0.00,144238.43,144238.43,False,0,0,1,7,data_raw/Twitter15_16_dataset/twitter15/tree/535257207991205888.txt,russian boy shocked by electricity now claims he has superpowers like magneto URL URL
twitter15__535282587325833216,twitter15,535282587325833216,unverified,True,138,False,True,1666134386,535282587325833216,True,0.0,0.00,120,124,120,0.00,3329.13,0.00,3329.13,3329.13,False,0,0,0,7,data_raw/Twitter15_16_dataset/twitter15/tree/535282587325833216.txt,"""fuck you"" in advance to writers, sites, late night show hosts, etc. who will makes jokes about michael phelps' girlfriend being intersex."
twitter15__535315394127728641,twitter15,535315394127728641,false,True,49,True,True,16331010,535315394127728641,True,0.0,0.00,120,120,120,0.00,3591.38,0.00,3591.38,3591.38,False,0,0,0,5,data_raw/Twitter15_16_dataset/twitter15/tree/535315394127728641.txt,raven symone blasts bill cosby rape story URL URL
twitter15__535474861616148480,twitter15,535474861616148480,true,True,133,False,True,16630960,535474861616148480,True,0.0,0.00,127,126,127,0.00,395.77,0.00,395.77,395.77,False,0,0,0,0,data_raw/Twitter15_16_dataset/twitter15/tree/535474861616148480.txt,"breaking: fsu shooter identified as myron may, a lawyer who graduated from fsu before attending texas tech's law school. #fsushooting"
twitter15__535474881090322432,twitter15,535474881090322432,true,True,102,True,True,51241574,535474881090322432,True,0.0,0.00,353,354,353,0.00,4987.82,0.00,4987.82,4987.82,False,0,0,0,3,data_raw/Twitter15_16_dataset/twitter15/tree/535474881090322432.txt,"more: a law enforcement official says the shooter was myron may, who graduated from florida state: URL"
twitter15__535484342785830912,twitter15,535484342785830912,unverified,True,100,True,True,409941587,535484342785830912,True,0.0,0.00,245,252,245,0.00,7290.67,0.00,7290.67,7290.67,False,0,0,0,2,data_raw/Twitter15_16_dataset/twitter15/tree/535484342785830912.txt,magneto boy v science adult: we pit a 'magnetic' russian child against a grown-up scientist. URL URL
twitter15__535507913226190849,twitter15,535507913226190849,false,True,108,True,True,19354734,535507913226190849,True,0.0,0.00,113,114,113,0.00,135290.37,0.00,135290.37,135290.37,False,0,0,0,0,data_raw/Twitter15_16_dataset/twitter15/tree/535507913226190849.txt,"if you need to get your data down under, our melbourne data center will make an aussie out of you yet. ≡ URL"
twitter15__535579674152148992,twitter15,535579674152148992,true,True,121,True,True,16219269,535579674152148992,True,0.0,0.00,304,305,304,0.00,16807.78,0.00,16807.78,16807.78,False,0,0,0,2,data_raw/Twitter15_16_dataset/twitter15/tree/535579674152148992.txt,fact: florida state university shooter's last facebook status was bible verse (matthew 5:3)..imagine if it was quran: URL
twitter15__536105045545472000,twitter15,536105045545472000,true,True,101,True,True,416418985,536105045545472000,True,0.0,0.00,446,462,446,0.00,474451.53,0.00,474451.53,474451.53,False,0,0,2,30,data_raw/Twitter15_16_dataset/twitter15/tree/536105045545472000.txt,"a letter from @lego_group in the 1970s, boxed in with the toys via @s8mb @hfdsp #gender #equality URL"
twitter15__536504515843727361,twitter15,536504515843727361,true,True,79,True,True,1068121346,536504515843727361,True,0.0,0.00,399,400,399,0.00,340429.42,0.00,340429.42,340429.42,False,0,0,0,1,data_raw/Twitter15_16_dataset/twitter15/tree/536504515843727361.txt,this letter to parents from a 1970s lego set is years ahead of its time URL URL
twitter15__536540403109879809,twitter15,536540403109879809,true,True,77,True,True,131752870,536540403109879809,True,0.0,0.00,455,454,455,0.00,79450.48,0.00,79450.48,79450.48,False,0,0,0,0,data_raw/Twitter15_16_dataset/twitter15/tree/536540403109879809.txt,a letter written to parents inside all 1970s lego sets😳💯 this is perfect. URL
twitter15__536547921542791170,twitter15,536547921542791170,true,True,92,True,True,16973333,536547921542791170,True,0.0,0.00,1211,1220,1211,0.00,349783.53,0.00,349783.53,349783.53,False,0,0,1,9,data_raw/Twitter15_16_dataset/twitter15/tree/536547921542791170.txt,lego letter from the 1970s still offers a powerful message to parents 40 years later URL URL
twitter15__536558567206420480,twitter15,536558567206420480,true,True,92,True,True,16973333,536558567206420480,True,0.0,0.00,411,415,411,0.00,246500.50,0.00,246500.50,246500.50,False,0,0,0,3,data_raw/Twitter15_16_dataset/twitter15/tree/536558567206420480.txt,lego letter from the 1970s still offers a powerful message to parents 40 years later URL URL
twitter15__536738726693847041,twitter15,536738726693847041,true,True,59,True,True,14166714,536738726693847041,True,0.0,0.00,142,142,142,0.00,26200.78,0.00,26200.78,26200.78,False,0,0,0,2,data_raw/Twitter15_16_dataset/twitter15/tree/536738726693847041.txt,legendary egalitarian 1970s letter from lego to parents URL
twitter15__536804445678755840,twitter15,536804445678755840,true,True,92,True,True,16973333,536804445678755840,True,0.0,0.00,829,834,829,0.00,655966.65,0.00,655966.65,655966.65,False,0,0,0,7,data_raw/Twitter15_16_dataset/twitter15/tree/536804445678755840.txt,lego letter from the 1970s still offers a powerful message to parents 40 years later URL URL
twitter15__536808074431184896,twitter15,536808074431184896,true,True,62,True,True,143145579,536808074431184896,True,0.0,0.00,464,463,464,0.00,153399.43,0.00,153399.43,153399.43,False,0,0,0,4,data_raw/Twitter15_16_dataset/twitter15/tree/536808074431184896.txt,"another letter to parents, included in 1970s lego sets URL URL"
twitter15__536826622725218304,twitter15,536826622725218304,true,True,70,True,True,2461887810,536826622725218304,True,0.0,0.00,217,217,217,0.00,119282.13,0.00,119282.13,119282.13,False,0,0,0,2,data_raw/Twitter15_16_dataset/twitter15/tree/536826622725218304.txt,that powerful lego letter to parents from the 1970s? it's real URL URL
twitter15__536827853669941248,twitter15,536827853669941248,true,True,92,True,True,16973333,536827853669941248,True,0.0,0.00,248,255,248,0.00,106099.37,0.00,106099.37,106099.37,False,0,0,2,18,data_raw/Twitter15_16_dataset/twitter15/tree/536827853669941248.txt,lego letter from the 1970s still offers a powerful message to parents 40 years later URL URL
twitter15__536835346932441088,twitter15,536835346932441088,true,True,84,True,True,21889069,536835346932441088,True,0.0,0.00,133,134,133,0.00,60746.45,0.00,60746.45,60746.45,False,0,0,0,1,data_raw/Twitter15_16_dataset/twitter15/tree/536835346932441088.txt,that powerful lego letter to parents about gender and creativity? it's real. URL URL
twitter15__536849906997415936,twitter15,536849906997415936,true,True,97,True,True,16973333,536849906997415936,True,0.0,0.00,192,191,192,0.00,31585.32,0.00,31585.32,31585.32,False,0,0,0,0,data_raw/Twitter15_16_dataset/twitter15/tree/536849906997415936.txt,this lego letter from the 1970s still offers a powerful message to parents 40 years later URL URL
twitter15__536871550184869888,twitter15,536871550184869888,true,True,75,True,True,2461887810,536871550184869888,True,0.0,0.00,143,142,143,0.00,49560.87,0.00,49560.87,49560.87,False,0,0,0,3,data_raw/Twitter15_16_dataset/twitter15/tree/536871550184869888.txt,that powerful letter from lego to parents from the 1970s? it's real URL URL
twitter15__536915851233202176,twitter15,536915851233202176,unverified,True,71,True,True,253473203,536915851233202176,True,0.0,0.00,233,244,233,0.00,9438.30,0.00,9438.30,9438.30,False,0,0,0,5,data_raw/Twitter15_16_dataset/twitter15/tree/536915851233202176.txt,afghan woman kills 25 taliban rebels to avenge her son’s murder URL URL
twitter15__536962520477470720,twitter15,536962520477470720,true,True,75,True,True,16973333,536962520477470720,True,0.0,0.00,270,271,270,0.00,43054.10,0.00,43054.10,43054.10,False,0,0,0,6,data_raw/Twitter15_16_dataset/twitter15/tree/536962520477470720.txt,that powerful letter from lego to parents from the 1970s? it's real URL URL
twitter15__536991428694376448,twitter15,536991428694376448,true,True,62,True,True,143145579,536991428694376448,True,0.0,0.00,190,189,190,0.00,5307.00,0.00,5307.00,5307.00,False,0,0,0,0,data_raw/Twitter15_16_dataset/twitter15/tree/536991428694376448.txt,"another letter to parents, included in 1970s lego sets URL URL"
twitter15__537006518118273025,twitter15,537006518118273025,true,True,73,True,True,16973333,537006518118273025,True,0.0,0.00,326,325,326,0.00,90626.78,0.00,90626.78,90626.78,False,0,0,0,3,data_raw/Twitter15_16_dataset/twitter15/tree/537006518118273025.txt,"that powerful, 40-year-old letter from lego to parents? it's real URL URL"
twitter15__537355288295518210,twitter15,537355288295518210,false,True,113,False,True,17244228,537355288295518210,True,0.0,0.00,307,310,307,0.00,7443.05,0.00,7443.05,7443.05,False,0,0,0,1,data_raw/Twitter15_16_dataset/twitter15/tree/537355288295518210.txt,"darren wilson got $500k from abc for interview, plus $500k for donations... he is a killer millionaire, literally"
twitter15__537377960471166976,twitter15,537377960471166976,false,True,140,False,True,29417304,537377960471166976,True,0.0,0.00,1863,1904,1863,0.00,24541.17,0.00,24541.17,24541.17,False,0,0,3,64,data_raw/Twitter15_16_dataset/twitter15/tree/537377960471166976.txt,"y'all, i just read that abc paid darren wilson $500k for the interview. destroying black life remains a lucrative american career. #ferguson"
twitter15__537378640653475841,twitter15,537378640653475841,false,True,126,False,True,36570365,537378640653475841,True,0.0,0.00,226,228,226,0.00,11404.47,0.00,11404.47,11404.47,False,0,0,0,6,data_raw/Twitter15_16_dataset/twitter15/tree/537378640653475841.txt,"darren wilson was paid $500,000 for his abc interview. and so the hands of racism and capitalism continue to wash one another."
twitter15__537484793882361856,twitter15,537484793882361856,unverified,True,119,True,True,17537467,537484793882361856,True,0.0,0.00,110,110,110,0.00,2496.60,0.00,2496.60,2496.60,False,0,0,0,3,data_raw/Twitter15_16_dataset/twitter15/tree/537484793882361856.txt,my kinda muslim women. afghan mother daughter and daughter-in-law team kills 25 taliban to avenge her son’s murder. URL
twitter15__537913349338435584,twitter15,537913349338435584,true,True,97,True,True,215598844,537913349338435584,True,0.0,0.00,221,222,221,0.00,2477.82,0.00,2477.82,2477.82,False,0,0,0,4,data_raw/Twitter15_16_dataset/twitter15/tree/537913349338435584.txt,"this young woman was shot with a nerf bullet by a #ferguson police officer, she lost her eye. URL"
twitter15__537976883150077952,twitter15,537976883150077952,unverified,True,88,True,True,64643056,537976883150077952,True,0.0,0.00,675,678,675,0.00,141574.28,0.00,141574.28,141574.28,False,0,0,0,14,data_raw/Twitter15_16_dataset/twitter15/tree/537976883150077952.txt,mother’s revenge: afghan woman 'kills 25 #taliban militants' after son shot dead URL URL
twitter15__538010064591028224,twitter15,538010064591028224,unverified,True,88,True,True,1502806892,538010064591028224,True,0.0,0.00,450,451,450,0.00,118933.28,0.00,118933.28,118933.28,False,0,0,0,11,data_raw/Twitter15_16_dataset/twitter15/tree/538010064591028224.txt,mother’s revenge: afghan woman 'kills 25 #taliban militants' after son shot dead URL URL
twitter15__538129041539092480,twitter15,538129041539092480,false,True,133,False,True,29417304,538129041539092480,True,0.0,0.00,286,289,286,0.00,4282.83,0.00,4282.83,4282.83,False,0,0,1,3,data_raw/Twitter15_16_dataset/twitter15/tree/538129041539092480.txt,"and @abc, please tweet saying that you did not pay or compensate darren wilson for the interview in any way. we're waiting. #ferguson"
twitter15__538133250066366464,twitter15,538133250066366464,unverified,True,104,True,True,76858507,538133250066366464,True,0.0,0.00,121,121,121,0.00,19144.18,0.00,19144.18,19144.18,False,0,0,0,3,data_raw/Twitter15_16_dataset/twitter15/tree/538133250066366464.txt,don't underestimate women. an afghan woman called reza gul killed 25 taliban in a 7 hour gun battle. URL
twitter15__538137715293061120,twitter15,538137715293061120,unverified,True,69,True,True,64643056,538137715293061120,True,0.0,0.00,744,759,744,0.00,444653.20,0.00,444653.20,444653.20,False,0,0,1,36,data_raw/Twitter15_16_dataset/twitter15/tree/538137715293061120.txt,afghan woman 'kills 25 taliban' militants after son shot dead URL URL
twitter15__538166788484509696,twitter15,538166788484509696,false,True,94,True,True,21426342,538166788484509696,True,0.0,0.00,120,122,120,0.00,39672.13,0.00,39672.13,39672.13,False,0,0,0,9,data_raw/Twitter15_16_dataset/twitter15/tree/538166788484509696.txt,canadian mayor tells muslim to pound pork. refuses to remove pork from school canteen. URL URL
twitter15__538193964479045633,twitter15,538193964479045633,unverified,True,85,True,True,9397732,538193964479045633,True,0.0,0.00,365,368,365,0.00,13640.13,0.00,13640.13,13640.13,False,0,0,0,13,data_raw/Twitter15_16_dataset/twitter15/tree/538193964479045633.txt,afghan woman kills 25 #taliban militants after son shot dead URL #bravo URL v @sydrza
twitter15__538218607822770176,twitter15,538218607822770176,true,True,120,True,True,24258355,538218607822770176,True,0.0,0.00,179,179,179,0.00,6657.10,0.00,6657.10,6657.10,False,0,0,0,3,data_raw/Twitter15_16_dataset/twitter15/tree/538218607822770176.txt,a pregnant woman lost her eye after getting shot with a police bean bag round while she was in her car in #ferguson: URL
twitter15__538256153080127489,twitter15,538256153080127489,true,True,119,True,True,318390538,538256153080127489,True,0.0,0.00,389,388,389,0.00,2926.43,0.00,2926.43,2926.43,False,0,0,0,0,data_raw/Twitter15_16_dataset/twitter15/tree/538256153080127489.txt,"this young woman was shot with a nerf bullet by a #ferguson police officer, she lost her eye. #humanrights #nyc #rt URL"
twitter15__538346377794031618,twitter15,538346377794031618,true,True,102,True,True,93879982,538346377794031618,True,0.0,0.00,1020,1033,1020,0.00,35425.47,0.00,35425.47,35425.47,False,0,0,0,48,data_raw/Twitter15_16_dataset/twitter15/tree/538346377794031618.txt,"who got violent? pregnant woman shot by #ferguson cop while sitting in car tuesday, loses eye: URL URL"
twitter15__538374385665449985,twitter15,538374385665449985,true,True,90,True,True,29465136,538374385665449985,True,0.0,0.00,201,206,201,0.00,7772.73,0.00,7772.73,7772.73,False,0,0,0,7,data_raw/Twitter15_16_dataset/twitter15/tree/538374385665449985.txt,pregnant #ferguson woman blind after being shot in face by police bean bag URL (video) URL
twitter15__538408710084001793,twitter15,538408710084001793,true,True,95,True,True,16630362,538408710084001793,True,0.0,0.00,1458,1467,1458,0.00,66708.72,0.00,66708.72,66708.72,False,0,0,0,21,data_raw/Twitter15_16_dataset/twitter15/tree/538408710084001793.txt,a pregnant woman has lost her eye after being shot with bean bag by police in ferguson: URL URL
twitter15__538412662858588160,twitter15,538412662858588160,false,True,107,True,True,279390084,538412662858588160,True,0.0,0.00,304,306,304,0.00,4154.98,0.00,4154.98,4154.98,False,0,0,0,9,data_raw/Twitter15_16_dataset/twitter15/tree/538412662858588160.txt,"mike brown murder trial witness, #deandrejoshua fatally shot & set on fire after verdict #deandrejoshua URL"
twitter15__538724882461097986,twitter15,538724882461097986,false,True,138,False,True,29417304,538724882461097986,True,0.0,0.00,679,689,679,0.00,6731.35,0.00,6731.35,6731.35,False,0,0,1,10,data_raw/Twitter15_16_dataset/twitter15/tree/538724882461097986.txt,"hey @abc, why won't you tweet a statement saying that you did not pay or compensate darren wilson for the interview? why silent? #ferguson"
twitter15__538729383662338049,twitter15,538729383662338049,false,True,132,False,True,29417304,538729383662338049,True,0.0,0.00,422,423,422,0.00,1771.65,0.00,1771.65,1771.65,False,0,0,4,17,data_raw/Twitter15_16_dataset/twitter15/tree/538729383662338049.txt,if darren wilson was paid by @abc it would be a painful reminder that destroying black life remains profitable in america. #ferguson
twitter15__538760398003253248,twitter15,538760398003253248,false,True,102,True,True,1379288282,538760398003253248,True,0.0,0.00,130,133,130,0.00,3067.92,0.00,3067.92,3067.92,False,0,0,1,11,data_raw/Twitter15_16_dataset/twitter15/tree/538760398003253248.txt,karma🙀#ferguson protestor accidentally burns🔥down own house🏡 URL @sheepawoken @youngblkrepub #tcot URL
twitter15__538847758032310272,twitter15,538847758032310272,false,True,120,True,True,57775464,538847758032310272,True,0.0,0.00,156,156,156,0.00,684.52,0.00,684.52,684.52,False,0,0,0,5,data_raw/Twitter15_16_dataset/twitter15/tree/538847758032310272.txt,darren wilson told the post-dispatch that he was not paid for the abc news interview. #ferguson via @christinedbyers URL
twitter15__538851683141304320,twitter15,538851683141304320,false,True,138,False,True,14849562,538851683141304320,True,0.0,0.00,355,384,355,0.00,3145.33,0.00,3145.33,3145.33,False,0,0,5,37,data_raw/Twitter15_16_dataset/twitter15/tree/538851683141304320.txt,lots of tweets that darren wilson paid by abc for interview. abc told @brianstelter not true & i've seen no credible reporting to contrary
twitter15__538861627018579968,twitter15,538861627018579968,false,True,41,False,True,453871084,538861627018579968,True,0.0,0.00,182,193,182,0.00,34777.65,0.00,34777.65,34777.65,False,0,0,2,3,data_raw/Twitter15_16_dataset/twitter15/tree/538861627018579968.txt,i aint know obama daughter was pregnant 😩
twitter15__538900739880665088,twitter15,538900739880665088,unverified,True,102,True,True,9763482,538900739880665088,True,0.0,0.00,172,173,172,0.00,5514.50,0.00,5514.50,5514.50,False,0,0,0,2,data_raw/Twitter15_16_dataset/twitter15/tree/538900739880665088.txt,afghan woman picked up her dead son's gun and helped kill 25 taliban militants to save village URL URL
twitter15__538930446814703616,twitter15,538930446814703616,false,True,140,False,True,30488144,538930446814703616,True,0.0,0.00,192,193,192,0.00,42801.30,0.00,42801.30,42801.30,False,0,0,0,12,data_raw/Twitter15_16_dataset/twitter15/tree/538930446814703616.txt,"abc reportedly gave darren wilson 6-figures for an interview. if true, they essentially paid the bounty for killing a black child. #ferguson"
twitter15__538975342011363328,twitter15,538975342011363328,false,True,120,True,True,24258355,538975342011363328,True,0.0,0.00,182,189,182,-496.70,3925.17,0.00,3925.17,3925.17,True,0,0,0,8,data_raw/Twitter15_16_dataset/twitter15/tree/538975342011363328.txt,ugh. abc reportedly paid #darrenwilson a 'mid to high' six figure fee for his interview: URL ht @senorchompers #ferguson
twitter15__539052152602107904,twitter15,539052152602107904,false,True,137,False,True,322572436,539052152602107904,True,0.0,0.00,142,145,142,0.00,8573.42,0.00,8573.42,8573.42,False,0,0,1,24,data_raw/Twitter15_16_dataset/twitter15/tree/539052152602107904.txt,breaking: gill rosenberg (31) from tel aviv former idf soldier was captured by isis after going to iraq to join kurds & fight isis - ch 2
twitter15__539115704285270017,twitter15,539115704285270017,false,True,120,False,True,2507295473,539115704285270017,True,0.0,0.00,150,152,150,0.00,16993.43,0.00,16993.43,16993.43,False,0,0,0,3,data_raw/Twitter15_16_dataset/twitter15/tree/539115704285270017.txt,"obama daughter is not pregnant. now when obama get the internet shut down on some olivia type time, we all gonna be sick"
twitter15__539254751343681536,twitter15,539254751343681536,false,True,94,True,True,150627581,539254751343681536,True,0.0,0.00,118,123,118,0.00,8693.00,0.00,8693.00,8693.00,False,0,0,0,16,data_raw/Twitter15_16_dataset/twitter15/tree/539254751343681536.txt,@jjauthor @fingersflying @peddoc63 @chucknellis @waynebogda what happens to witnesses! URL URL
twitter15__539658034382123008,twitter15,539658034382123008,false,True,121,True,True,15982292,539658034382123008,True,0.0,0.00,127,136,127,0.00,2483.37,0.00,2483.37,2483.37,False,0,0,4,10,data_raw/Twitter15_16_dataset/twitter15/tree/539658034382123008.txt,deandre joshua--shot in the head & torched--was childhood friends w the sole up-close witness to mike brown's murder. URL
twitter15__539799806039052288,twitter15,539799806039052288,unverified,True,102,True,True,34310801,539799806039052288,True,0.0,0.00,195,195,195,0.00,4815.55,0.00,4815.55,4815.55,False,0,0,0,2,data_raw/Twitter15_16_dataset/twitter15/tree/539799806039052288.txt,"'powerful' wife & son of #isis leader abu bakr al-baghdadi have been arrested, sources to @cnn URL URL"
twitter15__539813330983354368,twitter15,539813330983354368,false,True,110,True,True,373791638,539813330983354368,True,0.0,0.00,146,146,146,0.00,8901.22,0.00,8901.22,8901.22,False,0,0,0,1,data_raw/Twitter15_16_dataset/twitter15/tree/539813330983354368.txt,they found him shot dead and burned in his car after the #ferguson chaos. what happened to deandre joshua: URL
twitter15__539833716852273152,twitter15,539833716852273152,false,True,117,True,True,14849562,539833716852273152,True,0.0,0.00,175,177,175,0.00,1999.28,0.00,1999.28,1999.28,False,0,0,4,9,data_raw/Twitter15_16_dataset/twitter15/tree/539833716852273152.txt,who killed deandre joshua - and why? still more questions than answers regarding 20-year-old murdered in ferguson URL
twitter15__540333359793451008,twitter15,540333359793451008,false,True,116,False,True,89207133,540333359793451008,True,0.0,0.00,143,143,143,0.00,5921.80,0.00,5921.80,5921.80,False,0,0,1,6,data_raw/Twitter15_16_dataset/twitter15/tree/540333359793451008.txt,obama's daughter is pregnant lol michelle should've spent more time with her instead of taking away our french fries
twitter15__540643709465812992,twitter15,540643709465812992,false,True,45,True,True,70024758,540643709465812992,True,0.0,0.00,109,108,109,0.00,8039.60,0.00,8039.60,8039.60,False,0,0,0,1,data_raw/Twitter15_16_dataset/twitter15/tree/540643709465812992.txt,facebook spies on you for the government: URL
twitter15__542320823915536384,twitter15,542320823915536384,false,True,121,True,True,2546562188,542320823915536384,True,0.0,0.00,166,168,166,0.00,99799.90,0.00,99799.90,99799.90,False,0,0,0,11,data_raw/Twitter15_16_dataset/twitter15/tree/542320823915536384.txt,ferguson protestor accidentally burns down his own home & blames busy fd for failing to respond to 911 call for help. URL
twitter15__542423103834296323,twitter15,542423103834296323,false,True,92,True,True,19329393,542423103834296323,True,0.0,0.00,246,246,246,0.00,5058.18,0.00,5058.18,5058.18,False,0,0,0,11,data_raw/Twitter15_16_dataset/twitter15/tree/542423103834296323.txt,#selena's killer & former fan club president will not be released early from prison! URL URL
twitter15__542600886653292545,twitter15,542600886653292545,false,True,99,True,True,19329393,542600886653292545,True,0.0,0.00,122,121,122,0.00,15004.63,0.00,15004.63,15004.63,False,0,0,0,5,data_raw/Twitter15_16_dataset/twitter15/tree/542600886653292545.txt,"icymi, #selena's killer & former fan club president will not be released early from prison! URL URL"
twitter15__542860306603868160,twitter15,542860306603868160,false,True,114,True,True,15976697,542860306603868160,True,0.0,0.00,161,162,161,0.00,7009.87,0.00,7009.87,7009.87,False,0,0,0,4,data_raw/Twitter15_16_dataset/twitter15/tree/542860306603868160.txt,"very helpful to know that not only was douche harvard prof ben edelman a racist, but his students were, too==> URL"
twitter15__543319210659971073,twitter15,543319210659971073,false,True,82,True,True,14293310,543319210659971073,True,0.0,0.00,158,157,158,0.00,6039.13,0.00,6039.13,6039.13,False,0,0,0,2,data_raw/Twitter15_16_dataset/twitter15/tree/543319210659971073.txt,it’s a dog’s afterlife: pope francis says there’s a place for pets in paradise URL
twitter15__543436472842334209,twitter15,543436472842334209,unverified,True,103,True,True,208083510,543436472842334209,True,0.0,0.00,478,523,478,0.00,32864.47,0.00,32864.47,32864.47,False,0,0,5,80,data_raw/Twitter15_16_dataset/twitter15/tree/543436472842334209.txt,obama appoints fatima noor to homeland security post!! the fox in the henhouse!! #ccot #tcot #pjnet URL
twitter15__543443188934250496,twitter15,543443188934250496,false,True,113,True,True,807095,543443188934250496,True,0.0,0.00,315,316,315,0.00,420372.10,0.00,420372.10,420372.10,False,0,0,0,9,data_raw/Twitter15_16_dataset/twitter15/tree/543443188934250496.txt,"""one day, we will see our animals again in the eternity of christ,"" pope francis said to a boy whose dog died URL"
twitter15__543586319168196608,twitter15,543586319168196608,false,True,55,True,True,14173315,543586319168196608,True,0.0,0.00,380,387,380,0.00,131925.38,0.00,131925.38,131925.38,False,0,0,1,92,data_raw/Twitter15_16_dataset/twitter15/tree/543586319168196608.txt,"new dog-ma? pope says heaven is for hounds, too URL URL"
twitter15__544154048950435840,twitter15,544154048950435840,false,True,94,True,True,17469289,544154048950435840,True,0.0,0.00,109,109,109,0.00,1244.15,0.00,1244.15,1244.15,False,0,0,0,6,data_raw/Twitter15_16_dataset/twitter15/tree/544154048950435840.txt,today's cover: meet the teen who's made $72 million trading stocks on his lunch breaks URL URL
twitter15__544287209730236416,twitter15,544287209730236416,unverified,True,85,True,True,1855737487,544287209730236416,True,0.0,0.00,149,152,149,0.00,1504.85,0.00,1504.85,1504.85,False,0,0,0,0,data_raw/Twitter15_16_dataset/twitter15/tree/544287209730236416.txt,"sydney opera house evacuated, concourse deserted URL #sydneysiege (via @cberkman) URL"
twitter15__544306719686656000,twitter15,544306719686656000,unverified,True,138,False,True,14460241,544306719686656000,True,0.0,0.00,207,210,207,0.00,1427.92,0.00,1427.92,1427.92,False,0,0,1,1,data_raw/Twitter15_16_dataset/twitter15/tree/544306719686656000.txt,"us evacuated consulate in sydney after #sydneysiege. emergency warning to u.s. citizens urging them to ""maintain high level of vigilance""."
twitter15__544328894812549121,twitter15,544328894812549121,unverified,True,99,True,True,64643056,544328894812549121,True,0.0,0.00,509,517,509,0.00,4577.07,0.00,4577.07,4577.07,False,0,0,0,12,data_raw/Twitter15_16_dataset/twitter15/tree/544328894812549121.txt,"#sydneysiege: hostage-takers ‘have suicide belts, demand radio convo with #abbott’ – report URL URL"
twitter15__544333764814323713,twitter15,544333764814323713,unverified,True,89,True,True,718612494,544333764814323713,True,0.0,0.00,135,141,135,0.00,1296.60,0.00,1296.60,1296.60,False,0,0,4,1,data_raw/Twitter15_16_dataset/twitter15/tree/544333764814323713.txt,"gunman's headband reads, ""we are your soldiers o muhammad"". #martinplace #sydneysiege URL"
twitter15__544457299667202048,twitter15,544457299667202048,false,True,94,True,True,45564482,544457299667202048,True,0.0,0.00,102,102,102,0.00,6319.38,0.00,6319.38,6319.38,False,0,0,1,3,data_raw/Twitter15_16_dataset/twitter15/tree/544457299667202048.txt,#rtlny: because a stuyvesant senior made $72 million trading stocks on his lunch break URL URL
twitter15__544510450101415936,twitter15,544510450101415936,unverified,True,79,True,True,5402612,544510450101415936,True,0.0,0.00,265,265,265,0.00,524.32,0.00,524.32,524.32,False,0,0,0,1,data_raw/Twitter15_16_dataset/twitter15/tree/544510450101415936.txt,"several more hostages flee from cafe under siege in sydney, local media say URL"
twitter15__544512910538838016,twitter15,544512910538838016,unverified,True,99,True,True,1367531,544512910538838016,True,0.0,0.00,142,142,142,0.00,367.05,0.00,367.05,367.05,False,0,0,0,1,data_raw/Twitter15_16_dataset/twitter15/tree/544512910538838016.txt,"update: hostages fleeing #sydney cafe held by iranian gunman as explosions, gunshots are heard: URL"
twitter15__544514570367168512,twitter15,544514570367168512,unverified,True,52,True,True,1367531,544514570367168512,True,0.0,0.00,282,282,282,0.00,2088.27,0.00,2088.27,2088.27,False,0,0,0,4,data_raw/Twitter15_16_dataset/twitter15/tree/544514570367168512.txt,#sydneysiege: latest video of hostages escaping. URL
twitter15__544523550519218176,twitter15,544523550519218176,unverified,True,108,True,True,248807469,544523550519218176,True,0.0,0.00,228,228,228,0.00,103658.32,0.00,103658.32,103658.32,False,0,0,0,3,data_raw/Twitter15_16_dataset/twitter15/tree/544523550519218176.txt,meet barak hussein obama's appointment for our next assistant director of homeland security: fatima noor URL
twitter15__544567299102244864,twitter15,544567299102244864,false,True,100,True,True,13918492,544567299102244864,True,0.0,0.00,139,138,139,0.00,3165.10,0.00,3165.10,3165.10,False,0,0,0,0,data_raw/Twitter15_16_dataset/twitter15/tree/544567299102244864.txt,high school student reportedly makes 72 million on stock market. URL @wallstreet @stuyvesanthigh URL
twitter15__544698560655400961,twitter15,544698560655400961,false,True,119,True,True,759251,544698560655400961,True,0.0,0.00,196,195,196,0.00,11786.27,0.00,11786.27,11786.27,False,0,0,0,4,data_raw/Twitter15_16_dataset/twitter15/tree/544698560655400961.txt,"the story of a 17-year-old stock whiz with a rumored net worth of $72 million made a splash, but quickly unraveled. URL"
twitter15__544939287222165506,twitter15,544939287222165506,unverified,True,87,True,True,292777349,544939287222165506,True,0.0,0.00,174,182,174,0.00,200059.82,0.00,200059.82,200059.82,False,0,0,0,3,data_raw/Twitter15_16_dataset/twitter15/tree/544939287222165506.txt,urgent: isis now using bombs containing live scorpions to spread fear in iraq - URL URL
twitter15__545271117355958272,twitter15,545271117355958272,true,True,78,True,True,275686563,545271117355958272,True,0.0,0.00,150,150,150,0.00,15322.47,0.00,15322.47,15322.47,False,0,0,0,1,data_raw/Twitter15_16_dataset/twitter15/tree/545271117355958272.txt,a texas plumbing company's truck somehow ended up in syria's civil war URL URL
twitter15__546028163134808064,twitter15,546028163134808064,unverified,True,95,True,True,121291606,546028163134808064,True,0.0,0.00,534,537,534,0.00,388633.15,0.00,388633.15,388633.15,False,0,0,1,6,data_raw/Twitter15_16_dataset/twitter15/tree/546028163134808064.txt,interested in growing your follower base on twitter? set up a followers campaign today. URL URL
twitter15__547101266313089024,twitter15,547101266313089024,false,True,54,True,True,2902487916,547101266313089024,True,0.0,0.00,243,245,243,0.00,302815.55,0.00,302815.55,302815.55,False,0,0,0,10,data_raw/Twitter15_16_dataset/twitter15/tree/547101266313089024.txt,oprah: “bill cosby drugged & tried to rape me” 😳😫😱 URL
twitter15__547158281005719552,twitter15,547158281005719552,false,True,66,True,True,16529238,547158281005719552,True,0.0,0.00,115,114,115,0.00,81410.25,0.00,81410.25,81410.25,False,0,0,0,3,data_raw/Twitter15_16_dataset/twitter15/tree/547158281005719552.txt,subaru gets snowbound police back on patrol. #dontletwinterwin URL
twitter15__547509900130021377,twitter15,547509900130021377,false,True,60,True,True,171667875,547509900130021377,True,0.0,0.00,124,127,124,0.00,56274.68,0.00,56274.68,56274.68,False,0,0,0,9,data_raw/Twitter15_16_dataset/twitter15/tree/547509900130021377.txt,peek behind the curtain of our save the americans video. URL
twitter15__547514662695469057,twitter15,547514662695469057,unverified,True,96,True,True,1070586199,547514662695469057,True,0.0,0.00,111,111,111,0.00,80201.12,0.00,80201.12,80201.12,False,0,0,0,3,data_raw/Twitter15_16_dataset/twitter15/tree/547514662695469057.txt,well this makes us feel old... the sunshine baby from the #teletubbies is 19 and at uni! URL URL
twitter15__547525843749470208,twitter15,547525843749470208,unverified,True,84,True,True,2883841,547525843749470208,True,0.0,0.00,737,738,737,0.00,42107.70,0.00,42107.70,42107.70,False,0,0,0,15,data_raw/Twitter15_16_dataset/twitter15/tree/547525843749470208.txt,can we talk about the fact that the teletubby sun baby is 19 years old now?! URL URL
twitter15__547587399728267264,twitter15,547587399728267264,unverified,True,91,True,True,10252962,547587399728267264,True,0.0,0.00,180,180,180,0.00,55194.40,0.00,55194.40,55194.40,False,0,0,0,5,data_raw/Twitter15_16_dataset/twitter15/tree/547587399728267264.txt,"viral video: prankster @joshpalerlin gave homeless man $100, was shocked by results URL URL"
twitter15__547670441754914816,twitter15,547670441754914816,unverified,True,83,True,True,2883841,547670441754914816,True,0.0,0.00,126,125,126,0.00,6303.22,0.00,6303.22,6303.22,False,0,0,0,0,data_raw/Twitter15_16_dataset/twitter15/tree/547670441754914816.txt,we need to talk about the fact that the teletubby sun baby is 19 years old now: URL
twitter15__547803254516490240,twitter15,547803254516490240,false,True,76,True,True,4620451,547803254516490240,True,0.0,0.00,175,175,175,0.00,2554.38,0.00,2554.38,2554.38,False,0,0,0,9,data_raw/Twitter15_16_dataset/twitter15/tree/547803254516490240.txt,"will you be able to float on jan. 4, 2015, aka zero g day? hint: no. URL URL"
twitter15__547807913671405568,twitter15,547807913671405568,false,True,32,True,True,1559340594,547807913671405568,True,0.0,0.00,139,138,139,0.00,29485.98,0.00,29485.98,29485.98,False,0,0,0,0,data_raw/Twitter15_16_dataset/twitter15/tree/547807913671405568.txt,pope francis is the real mvp URL
twitter15__548672230134382592,twitter15,548672230134382592,false,True,59,True,True,2302467404,548672230134382592,True,0.0,0.00,218,229,218,0.00,146806.23,0.00,146806.23,146806.23,False,0,0,1,5,data_raw/Twitter15_16_dataset/twitter15/tree/548672230134382592.txt,bobby shmurda stabbed to death in jail by cell mate URL URL
twitter15__549124560793374720,twitter15,549124560793374720,false,True,89,True,True,16973333,549124560793374720,True,0.0,0.00,124,124,124,0.00,49629.75,0.00,49629.75,49629.75,False,0,0,0,0,data_raw/Twitter15_16_dataset/twitter15/tree/549124560793374720.txt,president of argentina adopts jewish godson to 'stop him turning into a werewolf' URL URL
twitter15__549599086073368576,twitter15,549599086073368576,false,True,86,True,True,44317593,549599086073368576,True,0.0,0.00,207,213,207,0.00,12906.17,0.00,12906.17,12906.17,False,0,0,3,14,data_raw/Twitter15_16_dataset/twitter15/tree/549599086073368576.txt,argentina's president adopted a jewish boy to save him from life as a werewolf URL URL
twitter15__549920761423863808,twitter15,549920761423863808,unverified,True,86,True,True,1020058453,549920761423863808,True,0.0,0.00,716,729,716,0.00,32693.90,0.00,32693.90,32693.90,False,0,0,10,33,data_raw/Twitter15_16_dataset/twitter15/tree/549920761423863808.txt,"a transgender 17-year old left a suicide note on tumblr pleading ""fix society"" URL URL"
twitter15__549927969032916993,twitter15,549927969032916993,unverified,True,87,True,True,1068121346,549927969032916993,True,0.0,0.00,105,106,105,0.00,27965.57,0.00,27965.57,27965.57,False,0,0,0,3,data_raw/Twitter15_16_dataset/twitter15/tree/549927969032916993.txt,"a transgender 17-year old left a suicide note on tumblr pleading: ""fix society"" URL URL"
twitter15__549964632883232768,twitter15,549964632883232768,unverified,True,99,True,True,23482952,549964632883232768,True,0.0,0.00,112,116,112,0.00,98274.42,0.00,98274.42,98274.42,False,0,0,0,10,data_raw/Twitter15_16_dataset/twitter15/tree/549964632883232768.txt,transgender teen leaves heartbreaking suicide note on tumblr before getting hit by a truck: URL URL
twitter15__549975297160802304,twitter15,549975297160802304,unverified,True,119,True,True,42192966,549975297160802304,True,0.0,0.00,472,480,472,0.00,164079.68,0.00,164079.68,164079.68,False,0,0,0,39,data_raw/Twitter15_16_dataset/twitter15/tree/549975297160802304.txt,dammit - a transgender 17-year-old left a suicide note on tumblr pleading “fix society” URL via @jobarrow @buzzfeednews
twitter15__549998575330275330,twitter15,549998575330275330,unverified,True,82,True,True,5695632,549998575330275330,True,0.0,0.00,192,197,192,0.00,5572.00,0.00,5572.00,5572.00,False,0,0,0,17,data_raw/Twitter15_16_dataset/twitter15/tree/549998575330275330.txt,a transgender 17-year-old left a suicide note on tumblr pleading “fix society” URL
twitter15__550003619303788545,twitter15,550003619303788545,unverified,True,79,True,True,40076725,550003619303788545,True,0.0,0.00,804,808,804,0.00,7380.87,0.00,7380.87,7380.87,False,0,0,3,21,data_raw/Twitter15_16_dataset/twitter15/tree/550003619303788545.txt,"transgender teen pleads for us to ""fix society"" in tumblr suicide note: URL URL"
twitter15__550038665653542913,twitter15,550038665653542913,false,True,97,True,True,23818581,550038665653542913,True,0.0,0.00,125,125,125,0.00,2512.25,0.00,2512.25,2512.25,False,0,0,0,0,data_raw/Twitter15_16_dataset/twitter15/tree/550038665653542913.txt,the president of argentina adopted a jewish teenager to stop him from becoming a werewolf URL URL
twitter15__550095745161134080,twitter15,550095745161134080,unverified,True,99,True,True,23482952,550095745161134080,True,0.0,0.00,144,145,144,0.00,4708.33,0.00,4708.33,4708.33,False,0,0,0,5,data_raw/Twitter15_16_dataset/twitter15/tree/550095745161134080.txt,transgender teen leaves heartbreaking suicide note on tumblr before getting hit by a truck: URL URL
twitter15__550131732805328896,twitter15,550131732805328896,unverified,True,106,True,True,16824090,550131732805328896,True,0.0,0.00,101,100,101,0.00,65640.05,0.00,65640.05,65640.05,False,0,0,0,0,data_raw/Twitter15_16_dataset/twitter15/tree/550131732805328896.txt,"transgender teen leaves heartbreaking suicide note on tumblr begging us to ""fix society"" URL #leelahalcorn"
twitter15__550175324634619904,twitter15,550175324634619904,unverified,True,100,True,True,14810162,550175324634619904,True,0.0,0.00,654,659,654,-382.95,81116.22,0.00,81116.22,81116.22,True,0,0,4,51,data_raw/Twitter15_16_dataset/twitter15/tree/550175324634619904.txt,😔😔😔 “@buzzfeed: a transgender 17-year-old left a suicide note on tumblr pleading “fix society” URL ”
twitter15__550279538278543360,twitter15,550279538278543360,unverified,True,103,True,True,22179997,550279538278543360,True,0.0,0.00,108,107,108,0.00,135620.85,0.00,135620.85,135620.85,False,0,0,0,1,data_raw/Twitter15_16_dataset/twitter15/tree/550279538278543360.txt,"transgender teen leelah alcorn publishes suicide note on tumblr: ""my death needs to mean something"" URL"
twitter15__550284252672450560,twitter15,550284252672450560,unverified,True,103,True,True,2883841,550284252672450560,True,0.0,0.00,163,166,163,0.00,3308.38,0.00,3308.38,3308.38,False,0,0,0,7,data_raw/Twitter15_16_dataset/twitter15/tree/550284252672450560.txt,"transgender teen leelah alcorn publishes suicide note on tumblr: ""my death needs to mean something"" URL"
twitter15__551082055883563008,twitter15,551082055883563008,true,True,86,True,True,6017542,551082055883563008,True,0.0,0.00,258,257,258,0.00,3364.32,0.00,3364.32,3364.32,False,0,0,0,4,data_raw/Twitter15_16_dataset/twitter15/tree/551082055883563008.txt,family says 'beverly hillbillies' actress donna douglas is dead at age 81 - @nbc12 URL
twitter15__551097831851687938,twitter15,551097831851687938,true,True,73,True,True,17525171,551097831851687938,True,0.0,0.00,114,113,114,0.00,1331.50,0.00,1331.50,1331.50,False,0,0,0,2,data_raw/Twitter15_16_dataset/twitter15/tree/551097831851687938.txt,"donna douglas, elly may clampett on ‘beverly hillbillies,’ dies at 81 URL"
twitter15__551099691702956032,twitter15,551099691702956032,true,True,98,True,True,2883841,551099691702956032,True,0.0,0.00,119,119,119,0.00,610.92,0.00,610.92,610.92,False,0,0,0,3,data_raw/Twitter15_16_dataset/twitter15/tree/551099691702956032.txt,rip elly may clampett: so sad to learn #beverlyhillbillies star donna douglas has passed away. URL
twitter15__551103664124100608,twitter15,551103664124100608,true,True,101,True,True,15754281,551103664124100608,True,0.0,0.00,183,182,183,0.00,5694.55,0.00,5694.55,5694.55,False,0,0,0,2,data_raw/Twitter15_16_dataset/twitter15/tree/551103664124100608.txt,"donna douglas, who played elly may on ""beverly hillbillies,"" has died at 81: URL (bill haber, ap) URL"
twitter15__551106793959862272,twitter15,551106793959862272,true,True,84,True,True,15754281,551106793959862272,True,0.0,0.00,129,129,129,0.00,2635.37,0.00,2635.37,2635.37,False,0,0,0,3,data_raw/Twitter15_16_dataset/twitter15/tree/551106793959862272.txt,"max baer describes donna douglas as ""elly may until the day she died"": URL (cbs) URL"
twitter15__551106923601219585,twitter15,551106923601219585,true,True,91,True,True,1367531,551106923601219585,True,0.0,0.00,561,566,561,0.00,531645.38,0.00,531645.38,531645.38,False,0,0,0,9,data_raw/Twitter15_16_dataset/twitter15/tree/551106923601219585.txt,"goodbye elly may: 'beverly hillbillies' star donna douglas dead at 81, reports say. URL URL"
twitter15__551117430345711616,twitter15,551117430345711616,false,True,96,True,True,2280470022,551117430345711616,True,0.0,0.00,179,181,179,0.00,5223.17,0.00,5223.17,5223.17,False,0,0,0,3,data_raw/Twitter15_16_dataset/twitter15/tree/551117430345711616.txt,news saudi arabia's national airline planning to introduce gender segregation on flights URL URL
twitter15__551120768164462592,twitter15,551120768164462592,true,True,77,True,True,25589776,551120768164462592,True,0.0,0.00,130,129,130,0.00,2567.80,0.00,2567.80,2567.80,False,0,0,0,6,data_raw/Twitter15_16_dataset/twitter15/tree/551120768164462592.txt,"donna douglas, star of the beverly hillbillies, has passed away at 81 URL URL"
twitter15__551123464640536576,twitter15,551123464640536576,true,True,94,True,True,28785486,551123464640536576,True,0.0,0.00,303,303,303,0.00,21691.02,0.00,21691.02,21691.02,False,0,0,0,17,data_raw/Twitter15_16_dataset/twitter15/tree/551123464640536576.txt,"donna douglas, known for role as elly may clampett on 'the beverly hillbillies', dies: URL URL"
twitter15__551128385850601472,twitter15,551128385850601472,true,True,94,True,True,22650211,551128385850601472,True,0.0,0.00,125,124,125,0.00,111596.17,0.00,111596.17,111596.17,False,0,0,0,3,data_raw/Twitter15_16_dataset/twitter15/tree/551128385850601472.txt,"donna douglas, known for role as elly may clampett on ""the beverly hillbillies,"" dies. URL URL"
twitter15__551135925862805504,twitter15,551135925862805504,true,True,84,True,True,1367531,551135925862805504,True,0.0,0.00,384,387,384,0.00,7101.90,0.00,7101.90,7101.90,False,0,0,1,11,data_raw/Twitter15_16_dataset/twitter15/tree/551135925862805504.txt,19-year-old girl wakes up during brain surgery to ask doctors: ‘how’s it going?’ URL
twitter15__551159366876147714,twitter15,551159366876147714,true,True,117,True,True,51241574,551159366876147714,True,0.0,0.00,184,183,184,0.00,1453.93,0.00,1453.93,1453.93,False,0,0,0,5,data_raw/Twitter15_16_dataset/twitter15/tree/551159366876147714.txt,"donna douglas, who played buxom tomboy elly may clampett on the 1960s sitcom 'the beverly hillbillies,' has died: URL"
twitter15__551575491430211584,twitter15,551575491430211584,true,True,101,True,True,1367531,551575491430211584,True,0.0,0.00,457,459,457,0.00,26342.52,0.00,26342.52,26342.52,False,0,0,0,8,data_raw/Twitter15_16_dataset/twitter15/tree/551575491430211584.txt,"19-year-old girl wakes up during brain surgery, asks doctors ‘how’s it going?’ URL via @foxnewshealth"
twitter15__551942365901250560,twitter15,551942365901250560,false,True,74,True,True,16490974,551942365901250560,True,0.0,0.00,380,383,380,0.00,11238.97,0.00,11238.97,11238.97,False,0,0,0,8,data_raw/Twitter15_16_dataset/twitter15/tree/551942365901250560.txt,president's daughter malia obama spotted wearing a pro era t-shirt URL URL
twitter15__552112474913136641,twitter15,552112474913136641,false,True,59,True,True,14629315,552112474913136641,True,0.0,0.00,2971,2996,2971,0.00,311150.22,0.00,311150.22,311150.22,False,0,0,0,35,data_raw/Twitter15_16_dataset/twitter15/tree/552112474913136641.txt,president obama’s daughter wears a pro era t-shirt: URL URL
twitter15__552146635707666433,twitter15,552146635707666433,false,True,68,True,True,18511475,552146635707666433,True,0.0,0.00,134,133,134,0.00,17605.03,0.00,17605.03,17605.03,False,0,0,1,3,data_raw/Twitter15_16_dataset/twitter15/tree/552146635707666433.txt,rt @xxl: president obama’s daughter wears a pro era t-shirt: URL URL
twitter15__552457656666185728,twitter15,552457656666185728,true,True,99,True,True,1068121346,552457656666185728,True,0.0,0.00,345,353,345,0.00,48286.68,0.00,48286.68,48286.68,False,0,0,0,10,data_raw/Twitter15_16_dataset/twitter15/tree/552457656666185728.txt,this dog was abandoned at a scottish railway station with a suitcase full of his belongings URL URL
twitter15__552498516225179650,twitter15,552498516225179650,true,True,99,True,True,5695632,552498516225179650,True,0.0,0.00,416,423,416,0.00,5541.72,0.00,5541.72,5541.72,False,0,0,0,20,data_raw/Twitter15_16_dataset/twitter15/tree/552498516225179650.txt,this dog was abandoned at a scottish railway station with a suitcase full of his belongings URL URL
twitter15__552568163431247873,twitter15,552568163431247873,true,True,96,True,True,28785486,552568163431247873,True,0.0,0.00,544,553,544,0.00,10131.50,0.00,10131.50,10131.50,False,0,0,0,24,data_raw/Twitter15_16_dataset/twitter15/tree/552568163431247873.txt,dog found abandoned at scottish train station with suitcase filled with it's belongings: URL URL
twitter15__552615631246622721,twitter15,552615631246622721,true,True,95,True,True,16042794,552615631246622721,True,0.0,0.00,121,125,121,0.00,5367.33,0.00,5367.33,5367.33,False,0,0,0,5,data_raw/Twitter15_16_dataset/twitter15/tree/552615631246622721.txt,dog found abandoned at scottish train station with suitcase of belongings (photo: spca) URL URL
twitter15__552661209204260864,twitter15,552661209204260864,true,True,96,True,True,28785486,552661209204260864,True,0.0,0.00,403,407,403,0.00,29866.90,0.00,29866.90,29866.90,False,0,0,0,17,data_raw/Twitter15_16_dataset/twitter15/tree/552661209204260864.txt,dog found abandoned at scottish train station with suitcase filled with it's belongings: URL URL
twitter15__552677176873455616,twitter15,552677176873455616,false,True,121,True,True,26643566,552677176873455616,True,0.0,0.00,220,231,220,0.00,15519.33,0.00,15519.33,15519.33,False,0,0,1,26,data_raw/Twitter15_16_dataset/twitter15/tree/552677176873455616.txt,malia obama wears t shirt of an anti white anti cop rap group. #nypd URL the family that agitates together stays together
twitter15__552706985087361025,twitter15,552706985087361025,true,True,99,True,True,5695632,552706985087361025,True,0.0,0.00,378,385,378,0.00,12541.22,0.00,12541.22,12541.22,False,0,0,0,26,data_raw/Twitter15_16_dataset/twitter15/tree/552706985087361025.txt,this dog was abandoned at a scottish railway station with a suitcase full of his belongings URL URL
twitter15__552810448324943872,twitter15,552810448324943872,unverified,True,100,True,True,64643056,552810448324943872,True,0.0,0.00,150,149,150,0.00,864.58,0.00,864.58,864.58,False,0,0,0,1,data_raw/Twitter15_16_dataset/twitter15/tree/552810448324943872.txt,"#charliehebdo shooting: gunmen shouted 'we have avenged the prophet"" during attack - reports URL URL"
twitter15__552816020403269632,twitter15,552816020403269632,unverified,True,130,False,True,174253648,552816020403269632,True,0.0,0.00,138,137,138,0.00,1244.90,0.00,1244.90,1244.90,False,0,0,0,0,data_raw/Twitter15_16_dataset/twitter15/tree/552816020403269632.txt,"looks like every charlie hebdo cartoonist has been killed: 1. charb - was on al-qaeda's hit list; 2. cabu, 3. wolinski, 4. tignous"
twitter15__552821069036670976,twitter15,552821069036670976,unverified,True,98,True,True,271413771,552821069036670976,True,0.0,0.00,865,869,865,0.00,5494.80,0.00,5494.80,5494.80,False,0,0,0,3,data_raw/Twitter15_16_dataset/twitter15/tree/552821069036670976.txt,4 #charliehebdo cartoonists killed: - charb - cabu - tignous - georges wolinski #jesuischarlie URL
twitter15__552848620375261184,twitter15,552848620375261184,unverified,True,92,True,True,15164565,552848620375261184,True,0.0,0.00,154,154,154,0.00,722.87,0.00,722.87,722.87,False,0,0,0,0,data_raw/Twitter15_16_dataset/twitter15/tree/552848620375261184.txt,witnesses say the charlie hebdo gunmen identified themselves as members of al-qaida: URL URL
twitter15__553008832784642048,twitter15,553008832784642048,false,True,79,True,True,129051309,553008832784642048,True,0.0,0.00,772,779,772,0.00,144747.17,0.00,144747.17,144747.17,False,0,0,1,5,data_raw/Twitter15_16_dataset/twitter15/tree/553008832784642048.txt,banksy shares simple but beautiful tribute to charlie hebdo cartoonists URL URL
twitter15__553016500492439552,twitter15,553016500492439552,false,True,102,True,True,586032653,553016500492439552,True,0.0,0.00,300,300,300,0.00,216895.78,0.00,216895.78,216895.78,False,0,0,0,1,data_raw/Twitter15_16_dataset/twitter15/tree/553016500492439552.txt,great @banksy homage to charlie hebdo victims: rt @kowalshki: nice work from banksy #jesuischarlie URL
twitter15__553040930144792576,twitter15,553040930144792576,false,True,75,True,True,14511951,553040930144792576,True,0.0,0.00,224,223,224,0.00,340531.80,0.00,340531.80,340531.80,False,0,0,0,4,data_raw/Twitter15_16_dataset/twitter15/tree/553040930144792576.txt,banksy shares simple but beautiful tribute to charlie hebdo cartoonists URL
twitter15__553061846081896449,twitter15,553061846081896449,false,True,55,True,True,16548023,553061846081896449,True,0.0,0.00,2634,2636,2634,0.00,82389.98,0.00,82389.98,82389.98,False,0,0,1,1,data_raw/Twitter15_16_dataset/twitter15/tree/553061846081896449.txt,banksy's response to the #charliehebdo shooting URL URL
twitter15__553098571323437056,twitter15,553098571323437056,false,True,85,True,True,1910701892,553098571323437056,True,0.0,0.00,114,114,114,0.00,2000.17,0.00,2000.17,2000.17,False,0,0,0,0,data_raw/Twitter15_16_dataset/twitter15/tree/553098571323437056.txt,"banksy's take on charlie hebdo is simple, elegant & uncompromising #jesuischarlie URL"
twitter15__553099685888790528,twitter15,553099685888790528,false,True,81,True,True,143145579,553099685888790528,True,0.0,0.00,394,395,394,0.00,17991.20,0.00,17991.20,17991.20,False,0,0,3,7,data_raw/Twitter15_16_dataset/twitter15/tree/553099685888790528.txt,banksy account joins cartoonists support for #charliehebdo #jesuischarlie URL URL
twitter15__553103772852191233,twitter15,553103772852191233,false,True,92,True,True,21291400,553103772852191233,True,0.0,0.00,202,202,202,0.00,5709.35,0.00,5709.35,5709.35,False,0,0,0,0,data_raw/Twitter15_16_dataset/twitter15/tree/553103772852191233.txt,the image that everyone is sharing isn't by banksy — but it's awesome. #charliehebdo URL URL
twitter15__553115168084074497,twitter15,553115168084074497,false,True,77,True,True,1068121346,553115168084074497,True,0.0,0.00,432,431,432,0.00,19434.62,0.00,19434.62,19434.62,False,0,0,0,1,data_raw/Twitter15_16_dataset/twitter15/tree/553115168084074497.txt,this powerful cartoon about the charlie hebdo attack is not by banksy URL URL
twitter15__553115236992290816,twitter15,553115236992290816,false,True,101,True,True,16973333,553115236992290816,True,0.0,0.00,415,414,415,0.00,584018.52,0.00,584018.52,584018.52,False,0,0,0,0,data_raw/Twitter15_16_dataset/twitter15/tree/553115236992290816.txt,banksy's illustrated response to the charlie hebdo attack isn't by banksy. but it is striking URL URL
twitter15__553136604882014208,twitter15,553136604882014208,false,True,101,True,True,16343974,553136604882014208,True,0.0,0.00,347,346,347,0.00,7643.38,0.00,7643.38,7643.38,False,0,0,0,2,data_raw/Twitter15_16_dataset/twitter15/tree/553136604882014208.txt,‘banksy’ instagram tribute to #charliehebdo victims not posted by artist URL (pic: lucille clerc) URL
twitter15__553164985460068352,twitter15,553164985460068352,unverified,True,100,True,True,7587032,553164985460068352,True,0.0,0.00,188,187,188,0.00,4061.50,0.00,4061.50,4061.50,False,0,0,0,3,data_raw/Twitter15_16_dataset/twitter15/tree/553164985460068352.txt,the #charliehebdo attack suspects have reportedly fired shots while robbing a petrol station URL URL
twitter15__553169307824177152,twitter15,553169307824177152,false,True,90,True,True,16973333,553169307824177152,True,0.0,0.00,204,203,204,0.00,769.25,0.00,769.25,769.25,False,0,0,0,0,data_raw/Twitter15_16_dataset/twitter15/tree/553169307824177152.txt,banksy's response to the #charliehebdo attack isn't by banksy. but it is striking: URL URL
twitter15__553184482241814530,twitter15,553184482241814530,unverified,True,112,False,True,20159596,553184482241814530,True,0.0,0.00,163,169,163,0.00,5909.10,0.00,5909.10,5909.10,False,0,0,0,5,data_raw/Twitter15_16_dataset/twitter15/tree/553184482241814530.txt,"i am still confused as to why these ""highly trained"" individuals left their id in the getaway car. #charliehebdo"
twitter15__553186555150749696,twitter15,553186555150749696,false,True,98,True,True,9507342,553186555150749696,True,0.0,0.00,895,903,895,0.00,625140.65,0.00,625140.65,625140.65,False,0,0,0,11,data_raw/Twitter15_16_dataset/twitter15/tree/553186555150749696.txt,"it ain't banksy! meet @lucilleclerc, artist behind the iconic #charliehebdo pencil tribute URL URL"
twitter15__553190393370923008,twitter15,553190393370923008,false,True,101,True,True,2789038870,553190393370923008,True,0.0,0.00,118,117,118,0.00,6800.05,0.00,6800.05,6800.05,False,0,0,0,0,data_raw/Twitter15_16_dataset/twitter15/tree/553190393370923008.txt,"powerful image, yes. but it was drawn by @lucilleclerc, not by banksy. details: URL #charliehebdo URL"
twitter15__553212962044149761,twitter15,553212962044149761,unverified,True,113,True,True,6017542,553212962044149761,True,0.0,0.00,110,109,110,0.00,472.07,0.00,472.07,472.07,False,0,0,0,2,data_raw/Twitter15_16_dataset/twitter15/tree/553212962044149761.txt,"paris says highest alert level extended north to region where attack suspects spotted - @afp, @melissabellf24 URL"
twitter15__553228463998783488,twitter15,553228463998783488,unverified,True,113,True,True,190905427,553228463998783488,True,0.0,0.00,126,131,126,0.00,49675.22,0.00,49675.22,49675.22,False,0,0,1,17,data_raw/Twitter15_16_dataset/twitter15/tree/553228463998783488.txt,a nc town has been forced to remove a statue of a praying soldier and a christian flag at a veterans memorial URL
twitter15__553264892799488000,twitter15,553264892799488000,false,True,114,True,True,19354734,553264892799488000,True,0.0,0.00,117,118,117,0.00,118726.82,0.00,118726.82,118726.82,False,0,0,0,2,data_raw/Twitter15_16_dataset/twitter15/tree/553264892799488000.txt,"three more passport stamps, three more data centers. give a big welcome to tokyo, mexico city and frankfurt. ≡ URL"
twitter15__553271856786968576,twitter15,553271856786968576,false,True,121,True,True,26643566,553271856786968576,True,0.0,0.00,146,151,146,0.00,17410.45,0.00,17410.45,17410.45,False,0,0,0,21,data_raw/Twitter15_16_dataset/twitter15/tree/553271856786968576.txt,malia obama wears t shirt of an anti white anti cop rap group. #nypd URL #barbaraboxer #respectformuslims #blackprivilege
twitter15__553461741917863936,twitter15,553461741917863936,unverified,True,98,True,True,742143,553461741917863936,True,0.0,0.00,191,191,191,0.00,3777.55,0.00,3777.55,3777.55,False,0,0,0,2,data_raw/Twitter15_16_dataset/twitter15/tree/553461741917863936.txt,rural region of northern france searched in hunt for #charliehebdo gunmen - latest updates URL URL
twitter15__553467311261503488,twitter15,553467311261503488,unverified,True,113,False,True,95148130,553467311261503488,True,0.0,0.00,94,93,94,0.00,1202.70,0.00,1202.70,1202.70,False,0,0,0,0,data_raw/Twitter15_16_dataset/twitter15/tree/553467311261503488.txt,reports of shooting at dammartin en goele on route n2 north east of paris - french media says car chase under way
twitter15__553470492565602305,twitter15,553470492565602305,unverified,True,100,True,True,14138785,553470492565602305,True,0.0,0.00,164,164,164,0.00,553.18,0.00,553.18,553.18,False,0,0,0,3,data_raw/Twitter15_16_dataset/twitter15/tree/553470492565602305.txt,car chase under way in paris as gunfight breaks out. reports of hostages. latest from paris: URL URL
twitter15__553474188259102720,twitter15,553474188259102720,unverified,True,96,True,True,14173315,553474188259102720,True,0.0,0.00,295,294,295,0.00,2118.22,0.00,2118.22,2118.22,False,0,0,0,3,data_raw/Twitter15_16_dataset/twitter15/tree/553474188259102720.txt,"breaking: shots fired, hostages taken in manhunt for #charliehebdo attackers, police say URL URL"
twitter15__553501357156876290,twitter15,553501357156876290,unverified,True,109,True,True,5402612,553501357156876290,True,0.0,0.00,686,689,686,0.00,2248.38,0.00,2248.38,2248.38,False,0,0,0,3,data_raw/Twitter15_16_dataset/twitter15/tree/553501357156876290.txt,"#charliehebdo suspects ""prepared to die as martyrs"", they tell police after making contact - french media URL"
twitter15__553503184174710784,twitter15,553503184174710784,unverified,True,100,True,True,64643056,553503184174710784,True,0.0,0.00,168,170,168,0.00,401.53,0.00,401.53,401.53,False,0,0,0,1,data_raw/Twitter15_16_dataset/twitter15/tree/553503184174710784.txt,#charliehebdo shooting suspects tell police they 'prepared to die as martyrs' - french media URL URL
twitter15__553505242554175489,twitter15,553505242554175489,unverified,True,117,True,True,2097571,553505242554175489,True,0.0,0.00,172,171,172,0.00,1267.85,0.00,1267.85,1267.85,False,0,0,0,2,data_raw/Twitter15_16_dataset/twitter15/tree/553505242554175489.txt,"suspects in #charliehebdo attack spoke to police by phone and said they wanted to die as martyrs, says french mp. URL"
twitter15__553518472798683136,twitter15,553518472798683136,unverified,True,104,True,True,51241574,553518472798683136,True,0.0,0.00,224,224,224,0.00,1295.92,0.00,1295.92,1295.92,False,0,0,0,2,data_raw/Twitter15_16_dataset/twitter15/tree/553518472798683136.txt,more: official: french terror suspects want to be martyrs; are holed up with hostage north of paris: URL
twitter15__553538058440941568,twitter15,553538058440941568,unverified,True,95,True,True,51241574,553538058440941568,True,0.0,0.00,334,334,334,0.00,519.07,0.00,519.07,519.07,False,0,0,0,1,data_raw/Twitter15_16_dataset/twitter15/tree/553538058440941568.txt,"more: france: shooting, hostage-taking at kosher market in paris; several reported wounded: URL"
twitter15__553544252563935234,twitter15,553544252563935234,unverified,True,68,True,True,1367531,553544252563935234,True,0.0,0.00,160,159,160,0.00,3022.97,0.00,3022.97,3022.97,False,0,0,0,2,data_raw/Twitter15_16_dataset/twitter15/tree/553544252563935234.txt,breaking: at least 2 killed in #paris hostage situation via @afp URL
twitter15__553548567420628992,twitter15,553548567420628992,unverified,True,138,False,True,718294442,553548567420628992,True,0.0,0.00,108,113,108,0.00,821.75,0.00,821.75,821.75,False,0,0,1,8,data_raw/Twitter15_16_dataset/twitter15/tree/553548567420628992.txt,"afp reports there are 2 dead, and 5 hostages being held in the kosher store in eastern paris; separate incident to charlie hebdo shooters."
twitter15__553549686129561600,twitter15,553549686129561600,unverified,True,119,True,True,64643056,553549686129561600,True,0.0,0.00,305,307,305,0.00,6071.82,0.00,6071.82,6071.82,False,0,0,2,0,data_raw/Twitter15_16_dataset/twitter15/tree/553549686129561600.txt,update: gunman in kosher grocery store is demanding the release of the suspects in #charliehebdo shooting - reports URL
twitter15__553550301886955520,twitter15,553550301886955520,unverified,True,115,False,True,1652541,553550301886955520,True,0.0,0.00,717,716,717,0.00,6182.07,0.00,6182.07,6182.07,False,0,0,0,3,data_raw/Twitter15_16_dataset/twitter15/tree/553550301886955520.txt,"breaking: one person seriously wounded, six taken hostage in incident at kosher supermarket in paris: police source"
twitter15__553575232867672064,twitter15,553575232867672064,unverified,True,121,True,True,51241574,553575232867672064,True,0.0,0.00,319,318,319,0.00,1597.45,0.00,1597.45,1597.45,False,0,0,1,1,data_raw/Twitter15_16_dataset/twitter15/tree/553575232867672064.txt,more: official: gunman holding at least five hostages in paris market has threatened to kill them if police approach: URL
twitter15__553576010898497536,twitter15,553576010898497536,unverified,True,100,True,True,3108351,553576010898497536,True,0.0,0.00,218,219,218,0.00,1300.78,0.00,1300.78,1300.78,False,0,0,0,6,data_raw/Twitter15_16_dataset/twitter15/tree/553576010898497536.txt,breaking: gunman at paris store threatens to kill hostages if #charliehebdo suspects are harmed. URL
twitter15__553579224402235393,twitter15,553579224402235393,unverified,True,102,True,True,2097571,553579224402235393,True,0.0,0.00,135,136,135,0.00,1450.58,0.00,1450.58,1450.58,False,0,0,0,4,data_raw/Twitter15_16_dataset/twitter15/tree/553579224402235393.txt,"hostage-taker at paris store demands release of #kouachibrothers, police union spokesman says. URL URL"
twitter15__553960736964476928,twitter15,553960736964476928,false,True,113,True,True,424083365,553960736964476928,True,0.0,0.00,276,293,276,0.00,9817.02,0.00,9817.02,9817.02,False,0,0,0,9,data_raw/Twitter15_16_dataset/twitter15/tree/553960736964476928.txt,"police chief helric fredou, one of the police officers investigating the case #charliehebdo, commits suicide. URL"
twitter15__554343513887105024,twitter15,554343513887105024,false,True,116,True,True,51241574,554343513887105024,True,0.0,0.00,251,252,251,0.00,20296.53,0.00,20296.53,20296.53,False,0,0,0,3,data_raw/Twitter15_16_dataset/twitter15/tree/554343513887105024.txt,a traditional beer that authorities believe was poisoned with crocodile bile has killed 56 people in mozambique: URL
twitter15__554597409351671808,twitter15,554597409351671808,false,True,120,True,True,109065990,554597409351671808,True,0.0,0.00,117,116,117,0.00,6679.95,0.00,6679.95,6679.95,False,0,0,0,1,data_raw/Twitter15_16_dataset/twitter15/tree/554597409351671808.txt,police chief investigating #charliehebdo reportedly killed himself while preparing report on terror attack... hmm... URL
twitter15__554655549896159233,twitter15,554655549896159233,false,True,104,True,True,127121446,554655549896159233,True,0.0,0.00,188,190,188,0.00,5685.53,0.00,5685.53,5685.53,False,0,0,1,3,data_raw/Twitter15_16_dataset/twitter15/tree/554655549896159233.txt,just heart breaking. french police commissioner commits suicide after meeting charliehebdo bereaved. URL
twitter15__554688527435563008,twitter15,554688527435563008,false,True,84,True,True,15755669,554688527435563008,True,0.0,0.00,377,381,377,0.00,28710.67,0.00,28710.67,28710.67,False,0,0,0,3,data_raw/Twitter15_16_dataset/twitter15/tree/554688527435563008.txt,tragic: nearly 70 people died at a funeral after drinking contaminated beer: URL URL
twitter15__554722567224049664,twitter15,554722567224049664,true,True,78,True,True,64643056,554722567224049664,True,0.0,0.00,213,220,213,0.00,6134.32,0.00,6134.32,6134.32,False,0,0,2,14,data_raw/Twitter15_16_dataset/twitter15/tree/554722567224049664.txt,"saudi cleric proclaims snowman-building 'anti-islamic' (photos, video) URL URL"
twitter15__554886875303780352,twitter15,554886875303780352,false,True,69,True,True,16343974,554886875303780352,True,0.0,0.00,255,259,255,0.00,9351.47,0.00,9351.47,9351.47,False,0,0,0,5,data_raw/Twitter15_16_dataset/twitter15/tree/554886875303780352.txt,french police chief killed himself after #charliehebdo attack URL URL
twitter15__554958414905094144,twitter15,554958414905094144,true,True,78,True,True,64643056,554958414905094144,True,0.0,0.00,148,147,148,0.00,33371.33,0.00,33371.33,33371.33,False,0,0,1,5,data_raw/Twitter15_16_dataset/twitter15/tree/554958414905094144.txt,"saudi cleric proclaims snowman-building 'anti-islamic' (photos, video) URL URL"
twitter15__554979642210549760,twitter15,554979642210549760,false,True,99,True,True,51241574,554979642210549760,True,0.0,0.00,231,231,231,0.00,2828.62,0.00,2828.62,2828.62,False,0,0,0,4,data_raw/Twitter15_16_dataset/twitter15/tree/554979642210549760.txt,mozambique death toll rises to 72 from beer believed to have been poisoned with crocodile bile: URL
twitter15__555003887753494528,twitter15,555003887753494528,true,True,83,True,True,1367531,555003887753494528,True,0.0,0.00,317,319,317,0.00,2884.07,0.00,2884.07,2884.07,False,0,0,1,25,data_raw/Twitter15_16_dataset/twitter15/tree/555003887753494528.txt,a saudi cleric has declared that the building of snowmen as being anti-islamic. URL
twitter15__555072815154475008,twitter15,555072815154475008,false,True,103,True,True,28785486,555072815154475008,True,0.0,0.00,107,107,107,0.00,1302.83,0.00,1302.83,1302.83,False,0,0,1,2,data_raw/Twitter15_16_dataset/twitter15/tree/555072815154475008.txt,69 people die after drinking beer believed to have been poisoned with crocodile bile in mozambique: URL
twitter15__556541489388724224,twitter15,556541489388724224,unverified,True,61,True,True,14117843,556541489388724224,True,0.0,0.00,328,339,328,0.00,642517.78,0.00,642517.78,642517.78,False,0,0,6,23,data_raw/Twitter15_16_dataset/twitter15/tree/556541489388724224.txt,hour five of your road trip? time to break out the s pen. URL
twitter15__556873675941896193,twitter15,556873675941896193,unverified,True,80,True,True,14117843,556873675941896193,True,0.0,0.00,100,101,100,0.00,168148.57,0.00,168148.57,168148.57,False,0,0,0,2,data_raw/Twitter15_16_dataset/twitter15/tree/556873675941896193.txt,perfect photos even at 30 mph with optical image stabilization. #galaxynote4 URL
twitter15__557621135320178688,twitter15,557621135320178688,false,True,67,True,True,171667875,557621135320178688,True,0.0,0.00,144,144,144,0.00,178757.82,0.00,178757.82,178757.82,False,0,0,0,2,data_raw/Twitter15_16_dataset/twitter15/tree/557621135320178688.txt,arenal is one of 6 spectacular volcanoes located in #costarica. URL
twitter15__557885928417816576,twitter15,557885928417816576,false,True,96,True,True,736840885,557885928417816576,True,0.0,0.00,161,169,161,0.00,5562.70,0.00,5562.70,5562.70,False,0,0,2,23,data_raw/Twitter15_16_dataset/twitter15/tree/557885928417816576.txt,"mr. president, stop mansplaining your ""need"" to have government care for *my* children URL #sotu"
twitter15__558312304753016832,twitter15,558312304753016832,unverified,True,91,True,True,59553554,558312304753016832,True,0.0,0.00,275,279,275,0.00,117145.90,0.00,117145.90,117145.90,False,0,0,1,14,data_raw/Twitter15_16_dataset/twitter15/tree/558312304753016832.txt,"the asiago ranch is a ‘wich of art. call us leonardo da ranchi. actually, please don’t. URL"
twitter15__559787890402541568,twitter15,559787890402541568,false,True,75,True,True,19354734,559787890402541568,True,0.0,0.00,229,229,229,0.00,92469.33,0.00,92469.33,92469.33,False,0,0,1,3,data_raw/Twitter15_16_dataset/twitter15/tree/559787890402541568.txt,$500 off your first month in our new mexico city data center? muy bien! URL
twitter15__559863517151784960,twitter15,559863517151784960,false,True,82,False,True,167421802,559863517151784960,True,0.0,0.00,464,465,464,0.00,415986.03,0.00,415986.03,415986.03,False,0,0,1,7,data_raw/Twitter15_16_dataset/twitter15/tree/559863517151784960.txt,a good relationship: ☑ calls you to just say hi ☑ wants to see you ☑ brings you bk
twitter15__560133068670140417,twitter15,560133068670140417,false,True,102,True,True,1379288282,560133068670140417,True,0.0,0.00,215,238,215,0.00,9645.05,0.00,9645.05,9645.05,False,0,0,0,50,data_raw/Twitter15_16_dataset/twitter15/tree/560133068670140417.txt,islamic tribunal in texas operating under sharia law♨️wtf is this😡@lodisilverado @amymek #tcot URL URL
twitter15__560163341524807680,twitter15,560163341524807680,false,True,99,True,True,1379288282,560163341524807680,True,0.0,0.00,211,213,211,0.00,12198.88,0.00,12198.88,12198.88,False,0,0,1,20,data_raw/Twitter15_16_dataset/twitter15/tree/560163341524807680.txt,islamic tribunal in texas operating under sharia law♨️@db10524 @lodisilverado @amymek #tcot URL URL
twitter15__560187970389819392,twitter15,560187970389819392,false,True,89,True,True,168541923,560187970389819392,True,0.0,0.00,781,821,781,0.00,42724.47,0.00,42724.47,42724.47,False,0,0,5,138,data_raw/Twitter15_16_dataset/twitter15/tree/560187970389819392.txt,islamic tribunal using sharia law in texas has been confirmed URL @breitbartnews #a4a URL
twitter15__560207034545889281,twitter15,560207034545889281,false,True,42,False,True,167421802,560207034545889281,True,0.0,0.00,940,946,940,0.00,168501.80,0.00,168501.80,168501.80,False,0,0,2,33,data_raw/Twitter15_16_dataset/twitter15/tree/560207034545889281.txt,how to say ‘i love you’: 1.) have my fries
twitter15__560414522758799361,twitter15,560414522758799361,false,True,25,True,True,167421802,560414522758799361,True,0.0,0.00,232,232,232,0.00,77133.57,0.00,77133.57,77133.57,False,0,0,0,2,data_raw/Twitter15_16_dataset/twitter15/tree/560414522758799361.txt,breakfast all around. URL
twitter15__560442390805090307,twitter15,560442390805090307,false,True,100,True,True,14319981,560442390805090307,True,0.0,0.00,1748,1779,1748,0.00,288113.47,0.00,288113.47,288113.47,False,0,0,11,53,data_raw/Twitter15_16_dataset/twitter15/tree/560442390805090307.txt,drift into a peaceful slumber w/@thejeffbridges' new #sleepingtapes album. listen now at URL #om URL
twitter15__560474897013415936,twitter15,560474897013415936,false,True,118,True,True,59553554,560474897013415936,True,0.0,0.00,133,134,133,0.00,116737.85,0.00,116737.85,116737.85,False,0,0,0,5,data_raw/Twitter15_16_dataset/twitter15/tree/560474897013415936.txt,for just $1 you can get a free jr. frosty with every 2015 purchase! get a frosty key tag now & help support @dtfa. URL
twitter15__560873850846846978,twitter15,560873850846846978,false,True,96,True,True,35216399,560873850846846978,True,0.0,0.00,158,223,158,0.00,14025.23,0.00,14025.23,14025.23,False,0,0,5,79,data_raw/Twitter15_16_dataset/twitter15/tree/560873850846846978.txt,come on texas! what's up with this? confirmed islamic tribunal using sharia law in texas URL URL
twitter15__561280944045576192,twitter15,561280944045576192,false,True,102,True,True,1379288282,561280944045576192,True,0.0,0.00,142,150,142,0.00,4787.72,0.00,4787.72,4787.72,False,0,0,0,20,data_raw/Twitter15_16_dataset/twitter15/tree/561280944045576192.txt,islamic tribunal in texas operating under sharia law♨️wtf is this😡@lodisilverado @amymek #tcot URL URL
twitter15__561952533942661120,twitter15,561952533942661120,false,True,102,True,True,1379288282,561952533942661120,True,0.0,0.00,179,184,179,0.00,7496.85,0.00,7496.85,7496.85,False,0,0,0,18,data_raw/Twitter15_16_dataset/twitter15/tree/561952533942661120.txt,islamic tribunal in texas operating under sharia law♨️wtf is this😡@lodisilverado @amymek #tcot URL URL
twitter15__562090534945431552,twitter15,562090534945431552,true,True,87,True,True,532617990,562090534945431552,True,0.0,0.00,192,192,192,0.00,26656.73,0.00,26656.73,26656.73,False,0,0,0,0,data_raw/Twitter15_16_dataset/twitter15/tree/562090534945431552.txt,'madden 15' predicted the patriots would win 28-24. which is exactly what happened. URL
twitter15__562093717201616896,twitter15,562093717201616896,true,True,82,True,True,7157132,562093717201616896,True,0.0,0.00,284,283,284,0.00,994.33,0.00,994.33,994.33,False,0,0,0,2,data_raw/Twitter15_16_dataset/twitter15/tree/562093717201616896.txt,madden nfl 15 simulation correctly predicted the super bowl's final score. URL URL
twitter15__562256876763901953,twitter15,562256876763901953,true,True,121,True,True,91478624,562256876763901953,True,0.0,0.00,220,219,220,0.00,2882.42,0.00,2882.42,2882.42,False,0,0,0,4,data_raw/Twitter15_16_dataset/twitter15/tree/562256876763901953.txt,"""madden nfl 15"" not only predicted a patriots victory over the seahawks, but also predicted the final score of 28-24: URL"
twitter15__562313802369073153,twitter15,562313802369073153,true,True,102,True,True,28785486,562313802369073153,True,0.0,0.00,160,160,160,0.00,4830.08,0.00,4830.08,4830.08,False,0,0,0,0,data_raw/Twitter15_16_dataset/twitter15/tree/562313802369073153.txt,"annual simulated 'madden' game made several accurate #sb49 predictions, including final score: URL URL"
twitter15__562387516964491265,twitter15,562387516964491265,true,True,116,True,True,16049723,562387516964491265,True,0.0,0.00,109,109,109,0.00,75943.20,0.00,75943.20,75943.20,False,0,0,0,3,data_raw/Twitter15_16_dataset/twitter15/tree/562387516964491265.txt,"the way we live is social, connecting people and information all over the world. shouldn't we work the same way? URL"
twitter15__563117355254161408,twitter15,563117355254161408,true,True,86,True,True,19426551,563117355254161408,True,0.0,0.00,597,596,597,0.00,6900.10,0.00,6900.10,6900.10,False,0,0,0,10,data_raw/Twitter15_16_dataset/twitter15/tree/563117355254161408.txt,".@eamaddennfl successfully predicted the final score of #sb49. yes, it's true: URL URL"
twitter15__563123548857053184,twitter15,563123548857053184,false,True,100,True,True,1379288282,563123548857053184,True,0.0,0.00,158,163,158,0.00,8936.32,0.00,8936.32,8936.32,False,0,0,0,13,data_raw/Twitter15_16_dataset/twitter15/tree/563123548857053184.txt,texas🇺🇸first islamic tribunal in us🙀sharia law➰in america❌must stop🚨 URL @_fritobandito_ @amymek URL
twitter15__565999191982616577,twitter15,565999191982616577,true,True,121,True,True,57917441,565999191982616577,True,0.0,0.00,117,116,117,0.00,5152.45,0.00,5152.45,5152.45,False,0,0,0,4,data_raw/Twitter15_16_dataset/twitter15/tree/565999191982616577.txt,"let's let our friends know that a state senator in south carolina stated ""women are a lesser cut of meat"" #chewonthis URL"
twitter15__566089610485579776,twitter15,566089610485579776,true,True,102,True,True,1017637447,566089610485579776,True,0.0,0.00,152,178,152,0.00,82180.18,0.00,82180.18,82180.18,False,0,0,0,85,data_raw/Twitter15_16_dataset/twitter15/tree/566089610485579776.txt,sc state senator also opposes bill that would make it harder for domestic abusers to own guns: URL URL
twitter15__566999951449001984,twitter15,566999951449001984,true,True,88,True,True,1377719425,566999951449001984,True,0.0,0.00,1032,1060,1032,0.00,836562.00,0.00,836562.00,836562.00,False,0,0,2,50,data_raw/Twitter15_16_dataset/twitter15/tree/566999951449001984.txt,"#assholeoftheday sen. thomas corbin, for saying women are ""a lesser cut of meat"" URL URL"
twitter15__567596847330373632,twitter15,567596847330373632,true,True,80,True,True,18359716,567596847330373632,True,0.0,0.00,175,176,175,0.00,529769.83,0.00,529769.83,529769.83,False,0,0,0,7,data_raw/Twitter15_16_dataset/twitter15/tree/567596847330373632.txt,krispy kreme hull is advertising kkk wednesday. i don't know. i do not know. URL
twitter15__567765185407234049,twitter15,567765185407234049,true,True,75,True,True,13049362,567765185407234049,True,0.0,0.00,301,301,301,0.00,6265.27,0.00,6265.27,6265.27,False,0,0,0,1,data_raw/Twitter15_16_dataset/twitter15/tree/567765185407234049.txt,"who from krispy kreme thought ""kkk wednesday"" would be a good idea? URL URL"
twitter15__568075025418317826,twitter15,568075025418317826,true,True,70,True,True,1367531,568075025418317826,True,0.0,0.00,161,165,161,0.00,6935.70,0.00,6935.70,6935.70,False,0,0,0,11,data_raw/Twitter15_16_dataset/twitter15/tree/568075025418317826.txt,uk #krispykreme apologizes for 'kkk wednesday' customer promo. URL URL
twitter15__568452856224747520,twitter15,568452856224747520,false,True,21,False,True,14166714,568452856224747520,True,0.0,0.00,154,155,154,0.00,7765.58,0.00,7765.58,7765.58,False,0,0,0,0,data_raw/Twitter15_16_dataset/twitter15/tree/568452856224747520.txt,#macklemorejoinedisis
twitter15__568568737621630977,twitter15,568568737621630977,false,True,77,False,True,14166714,568568737621630977,True,0.0,0.00,181,180,181,0.00,804541.22,0.00,804541.22,804541.22,False,0,0,0,3,data_raw/Twitter15_16_dataset/twitter15/tree/568568737621630977.txt,i can't believe macklemore has joined isis. what a pity #macklemorejoinedisis
twitter15__568571403756294144,twitter15,568571403756294144,false,True,75,True,True,772050240,568571403756294144,True,0.0,0.00,501,505,501,0.00,821497.28,0.00,821497.28,821497.28,False,0,0,2,13,data_raw/Twitter15_16_dataset/twitter15/tree/568571403756294144.txt,horrified at news that macklemore has joined isis #macklemorejoinedisis URL
twitter15__568580363339091968,twitter15,568580363339091968,false,True,51,False,True,2757125954,568580363339091968,True,0.0,0.00,313,315,313,0.00,28356.55,0.00,28356.55,28356.55,False,0,0,1,5,data_raw/Twitter15_16_dataset/twitter15/tree/568580363339091968.txt,macklemore announced today that he has joined isis.
twitter15__568589712644026368,twitter15,568589712644026368,false,True,64,True,True,41875694,568589712644026368,True,0.0,0.00,367,370,367,0.00,804477.00,0.00,804477.00,804477.00,False,0,0,0,4,data_raw/Twitter15_16_dataset/twitter15/tree/568589712644026368.txt,why did macklemore delete this tweet!? #macklemorejoinedisis URL
twitter15__568905632998412288,twitter15,568905632998412288,false,True,69,True,True,243163874,568905632998412288,True,0.0,0.00,365,364,365,0.00,7115.52,0.00,7115.52,7115.52,False,0,0,0,2,data_raw/Twitter15_16_dataset/twitter15/tree/568905632998412288.txt,someone trolled twitter into thinking macklemore joined isis: URL URL
twitter15__569908998717243392,twitter15,569908998717243392,false,True,117,True,True,279575920,569908998717243392,True,0.0,0.00,414,416,414,0.00,8862.85,0.00,8862.85,8862.85,False,0,0,2,27,data_raw/Twitter15_16_dataset/twitter15/tree/569908998717243392.txt,stop rumors: jamie is not leaving fifty shades and him and amelia are still in love. everything's fine for jamie! URL
twitter15__570341828479725570,twitter15,570341828479725570,false,True,90,True,True,119384138,570341828479725570,True,0.0,0.00,274,278,274,0.00,7660.22,0.00,7660.22,7660.22,False,0,0,0,11,data_raw/Twitter15_16_dataset/twitter15/tree/570341828479725570.txt,confirmed: jamie dornan not leaving fifty shades of grey #fiftyshades #jamiedornan URL URL
twitter15__570405783306944514,twitter15,570405783306944514,false,True,66,True,True,2883841,570405783306944514,True,0.0,0.00,151,154,151,0.00,6879.87,0.00,6879.87,6879.87,False,0,0,0,12,data_raw/Twitter15_16_dataset/twitter15/tree/570405783306944514.txt,"jamie dornan leaving fifty shades of grey?! yeah, not so much: URL"
twitter15__571052823665704960,twitter15,571052823665704960,false,True,117,True,True,208083510,571052823665704960,True,0.0,0.00,130,133,130,0.00,48187.27,0.00,48187.27,48187.27,False,0,0,0,11,data_raw/Twitter15_16_dataset/twitter15/tree/571052823665704960.txt,do you notice similar muslim radical terrorist hand gesture between obama & isis killer???? #tcot @carminezozzora URL
twitter15__572002458647412736,twitter15,572002458647412736,false,True,114,True,True,272395158,572002458647412736,True,0.0,0.00,212,228,212,0.00,56766.28,0.00,56766.28,56766.28,False,0,0,1,41,data_raw/Twitter15_16_dataset/twitter15/tree/572002458647412736.txt,now: 12-year-old conservative cj pearson defends giuliani's comments on obama and his facebook gets shut down! URL
twitter15__574004164570841088,twitter15,574004164570841088,true,True,97,True,True,28785486,574004164570841088,True,0.0,0.00,158,161,158,0.00,3164.42,0.00,3164.42,3164.42,False,0,0,1,9,data_raw/Twitter15_16_dataset/twitter15/tree/574004164570841088.txt,oregon community helps mother after boy punished for being tardy due to vehicle problems: URL URL
twitter15__574062768896212992,twitter15,574062768896212992,true,True,97,True,True,28785486,574062768896212992,True,0.0,0.00,229,230,229,0.00,4463.62,0.00,4463.62,4463.62,False,0,0,0,6,data_raw/Twitter15_16_dataset/twitter15/tree/574062768896212992.txt,oregon community helps mother after boy punished for being tardy due to vehicle problems: URL URL
twitter15__576319832800555008,twitter15,576319832800555008,unverified,True,99,True,True,243318995,576319832800555008,True,0.0,0.00,80,80,80,0.00,6256.18,0.00,6256.18,6256.18,False,0,0,0,1,data_raw/Twitter15_16_dataset/twitter15/tree/576319832800555008.txt,hoppla! @l0gg0l: swiss rumors: putin absence due to girlfriend alina giving birth in ticino URL URL
twitter15__576513463738109954,twitter15,576513463738109954,unverified,True,79,True,True,15438913,576513463738109954,True,0.0,0.00,56,55,56,0.00,2294.18,0.00,2294.18,2294.18,False,0,0,0,0,data_raw/Twitter15_16_dataset/twitter15/tree/576513463738109954.txt,putin reappears on tv amid claims he is unwell and under threat of coup URL URL
twitter15__576829262927413248,twitter15,576829262927413248,unverified,True,100,True,True,21575717,576829262927413248,True,0.0,0.00,66,66,66,0.00,2351.23,0.00,2351.23,2351.23,False,0,0,0,4,data_raw/Twitter15_16_dataset/twitter15/tree/576829262927413248.txt,very good on #putin coup by @coalsonr: three scenarios for a succession in russia URL via @rferl URL
twitter15__580320684305416192,twitter15,580320684305416192,unverified,True,116,True,True,51381252,580320684305416192,True,0.0,0.00,57,56,57,0.00,294.52,0.00,294.52,294.52,False,0,0,0,0,data_raw/Twitter15_16_dataset/twitter15/tree/580320684305416192.txt,"accident aircraft looks to be germanwings (airline code 4u or gwi) flight 9525, barcelona to dusseldorf. #4u9525 URL"
twitter15__580325090367315968,twitter15,580325090367315968,unverified,True,118,True,True,134196350,580325090367315968,True,0.0,0.00,1132,1137,1132,0.00,7626.32,0.00,7626.32,7626.32,False,0,0,0,38,data_raw/Twitter15_16_dataset/twitter15/tree/580325090367315968.txt,"flight #4u9525 initially climbed to 38,000 feet before before it started to descend and lost signal at 6,800 feet. URL"
twitter15__616686132387028992,twitter15,616686132387028992,non-rumor,True,118,True,True,14514804,616686132387028992,True,0.0,0.00,275,275,275,0.00,194667.93,0.00,194667.93,194667.93,False,0,0,0,2,data_raw/Twitter15_16_dataset/twitter15/tree/616686132387028992.txt,"one more reason to abolish the penny: ""when plastic money is worth more than your real money, you need new money."" URL"
twitter15__621025025806577664,twitter15,621025025806577664,non-rumor,True,138,False,True,13784322,621025025806577664,True,0.0,0.00,276,275,276,0.00,31848.67,0.00,31848.67,31848.67,False,0,0,0,0,data_raw/Twitter15_16_dataset/twitter15/tree/621025025806577664.txt,"sure, first you dump pluto by calling it a dwarf planet, then you drive by its house to make sure it’s not dating any other solar systems."
twitter15__633397936563560449,twitter15,633397936563560449,non-rumor,True,77,True,True,4641021,633397936563560449,True,0.0,0.00,276,275,276,0.00,11566.25,0.00,11566.25,11566.25,False,0,0,0,0,data_raw/Twitter15_16_dataset/twitter15/tree/633397936563560449.txt,10 ways lean startup methodology can impact your business URL by @scottgerber
twitter15__640118021101604864,twitter15,640118021101604864,unverified,True,98,True,True,20562637,640118021101604864,True,0.0,0.00,126,125,126,0.00,3821.02,0.00,3821.02,3821.02,False,0,0,0,3,data_raw/Twitter15_16_dataset/twitter15/tree/640118021101604864.txt,the insane reason why chinese drivers intentionally kill pedestrians they hit — via @slate URL URL
twitter15__640182854928961536,twitter15,640182854928961536,unverified,True,94,True,True,16973333,640182854928961536,True,0.0,0.00,125,128,125,0.00,7429.45,0.00,7429.45,7429.45,False,0,0,0,8,data_raw/Twitter15_16_dataset/twitter15/tree/640182854928961536.txt,plastic bag use in wales has dropped by 71 per cent since the 5p charge was introduced URL URL
twitter15__641665203046907904,twitter15,641665203046907904,non-rumor,True,47,True,True,7905122,641665203046907904,True,0.0,0.00,642,642,642,0.00,7262.18,0.00,7262.18,7262.18,False,0,0,0,0,data_raw/Twitter15_16_dataset/twitter15/tree/641665203046907904.txt,apple just invented the pencil. #appleevent URL
twitter15__643807909856415744,twitter15,643807909856415744,non-rumor,True,129,False,True,13784322,643807909856415744,True,0.0,0.00,297,297,297,0.00,10690.42,0.00,10690.42,10690.42,False,0,0,0,0,data_raw/Twitter15_16_dataset/twitter15/tree/643807909856415744.txt,the closest that adults can get to believing in santa claus again is when they forget that they’ve ordered something from amazon.
twitter15__644321231618076673,twitter15,644321231618076673,non-rumor,True,70,False,True,116559622,644321231618076673,True,0.0,0.00,354,353,354,0.00,1761.97,0.00,1761.97,1761.97,False,0,0,0,1,data_raw/Twitter15_16_dataset/twitter15/tree/644321231618076673.txt,breaking: 15.1 foot tsunami reported in coquimbo. #earthquake #tsunami
twitter15__648993731169939456,twitter15,648993731169939456,unverified,True,70,True,True,13049362,648993731169939456,True,0.0,0.00,111,110,111,0.00,580.43,0.00,580.43,580.43,False,0,0,0,2,data_raw/Twitter15_16_dataset/twitter15/tree/648993731169939456.txt,woman in hospital after confusing hair mousse with builder's foam: URL
twitter15__650254360727973889,twitter15,650254360727973889,unverified,True,41,True,True,22298680,650254360727973889,True,0.0,0.00,186,185,186,0.00,30176.48,0.00,30176.48,30176.48,False,0,0,0,1,data_raw/Twitter15_16_dataset/twitter15/tree/650254360727973889.txt,5p bag charge fi dead #robthisengland URL
twitter15__650710483289419776,twitter15,650710483289419776,unverified,True,49,True,True,471022109,650710483289419776,True,0.0,0.00,113,113,113,0.00,1308.03,0.00,1308.03,1308.03,False,0,0,0,2,data_raw/Twitter15_16_dataset/twitter15/tree/650710483289419776.txt,"local school art project titled ""candlelight"" URL"
twitter15__650952376954650629,twitter15,650952376954650629,unverified,True,67,True,True,18668407,650952376954650629,True,0.0,0.00,96,95,96,0.00,2109.47,0.00,2109.47,2109.47,False,0,0,0,0,data_raw/Twitter15_16_dataset/twitter15/tree/650952376954650629.txt,pathetic little twat can’t wait to argue over 5p bag charge URL URL
twitter15__650975967146602496,twitter15,650975967146602496,unverified,True,137,False,True,22084427,650975967146602496,True,0.0,0.00,205,221,205,0.00,8946.10,0.00,8946.10,8946.10,False,0,0,1,19,data_raw/Twitter15_16_dataset/twitter15/tree/650975967146602496.txt,uk • you're right to be nervous about the 5p plastic bag charge. when they implemented this in california the streets ran red with blood.
twitter15__651044059222556674,twitter15,651044059222556674,unverified,True,106,False,True,232520849,651044059222556674,True,0.0,0.00,953,953,953,0.00,119755.28,0.00,119755.28,119755.28,False,0,0,1,9,data_raw/Twitter15_16_dataset/twitter15/tree/651044059222556674.txt,"the best thing about the 5p plastic bag charge is that the cupboard next to my sink is now worth £672,348."
twitter15__651486105628463105,twitter15,651486105628463105,unverified,True,62,True,True,402098922,651486105628463105,True,0.0,0.00,1971,1981,1971,0.00,363025.98,0.00,363025.98,363025.98,False,0,0,2,18,data_raw/Twitter15_16_dataset/twitter15/tree/651486105628463105.txt,black people can be so stubborn to change.... #5pbagcharge URL
twitter15__651786568592658433,twitter15,651786568592658433,unverified,True,63,True,True,107117835,651786568592658433,True,0.0,0.00,139,141,139,0.00,17445.38,0.00,17445.38,17445.38,False,0,0,0,2,data_raw/Twitter15_16_dataset/twitter15/tree/651786568592658433.txt,one third of vegetarians eat meat when they get drunk | URL URL
twitter15__651809229842608128,twitter15,651809229842608128,unverified,True,99,True,True,44862126,651809229842608128,True,0.0,0.00,163,162,163,0.00,31518.68,0.00,31518.68,31518.68,False,0,0,0,0,data_raw/Twitter15_16_dataset/twitter15/tree/651809229842608128.txt,avoid 5p bag charge using these from @trolleybagsuk enter here to #win a set with @star100x URL URL
twitter15__651858133304782848,twitter15,651858133304782848,non-rumor,True,94,True,True,19621110,651858133304782848,True,0.0,0.00,368,368,368,0.00,35096.72,0.00,35096.72,35096.72,False,0,0,0,1,data_raw/Twitter15_16_dataset/twitter15/tree/651858133304782848.txt,maximum-security inmates just destroyed the harvard debate team in prison competition. URL URL
twitter15__652300118205427716,twitter15,652300118205427716,unverified,True,66,True,True,14669951,652300118205427716,True,0.0,0.00,117,116,117,0.00,2855.32,0.00,2855.32,2855.32,False,0,0,0,2,data_raw/Twitter15_16_dataset/twitter15/tree/652300118205427716.txt,survey: 1 in 3 vegetarians admits to eating meat when drunk... URL
twitter15__652349108653551616,twitter15,652349108653551616,unverified,True,58,True,True,14511951,652349108653551616,True,0.0,0.00,221,221,221,0.00,4852.83,0.00,4852.83,4852.83,False,0,0,0,1,data_raw/Twitter15_16_dataset/twitter15/tree/652349108653551616.txt,surprising number of vegetarians secretly eat meat URL URL
twitter15__652982112870662144,twitter15,652982112870662144,unverified,True,58,True,True,14511951,652982112870662144,True,0.0,0.00,151,150,151,0.00,34169.97,0.00,34169.97,34169.97,False,0,0,0,6,data_raw/Twitter15_16_dataset/twitter15/tree/652982112870662144.txt,surprising number of vegetarians secretly eat meat URL URL
twitter15__653285570383335424,twitter15,653285570383335424,unverified,True,39,True,True,2396804350,653285570383335424,True,0.0,0.00,193,192,193,0.00,381879.90,0.00,381879.90,381879.90,False,0,0,0,1,data_raw/Twitter15_16_dataset/twitter15/tree/653285570383335424.txt,5p!!! hell no!!!!!! #5pbagcharge 😵😵 URL
twitter15__653432177632387072,twitter15,653432177632387072,unverified,True,70,True,True,2883841,653432177632387072,True,0.0,0.00,127,127,127,0.00,3327.43,0.00,3327.43,3327.43,False,0,0,0,3,data_raw/Twitter15_16_dataset/twitter15/tree/653432177632387072.txt,study finds over a third of vegetarians eat meat...when drunk! URL URL
twitter15__655432919595548672,twitter15,655432919595548672,unverified,True,82,True,True,2716396878,655432919595548672,True,0.0,0.00,171,170,171,0.00,6739.77,0.00,6739.77,6739.77,False,0,0,0,0,data_raw/Twitter15_16_dataset/twitter15/tree/655432919595548672.txt,thousands of people in china claim they have seen a 'floating city' in the sky URL
twitter15__655812191233417216,twitter15,655812191233417216,unverified,True,55,True,True,186569856,655812191233417216,True,0.0,0.00,391,391,391,0.00,106670.35,0.00,106670.35,106670.35,False,0,0,0,2,data_raw/Twitter15_16_dataset/twitter15/tree/655812191233417216.txt,when refusing to pay the 5p bag charge backfires URL 😂🙈
twitter15__655815788675399680,twitter15,655815788675399680,unverified,True,55,True,True,2677214379,655815788675399680,True,0.0,0.00,174,175,174,0.00,237296.02,0.00,237296.02,237296.02,False,0,0,0,4,data_raw/Twitter15_16_dataset/twitter15/tree/655815788675399680.txt,when refusing to pay the 5p bag charge backfires... URL
twitter15__656361703664451585,twitter15,656361703664451585,unverified,True,120,True,True,243628984,656361703664451585,True,0.0,0.00,288,294,288,0.00,28207.92,0.00,28207.92,28207.92,False,0,0,0,4,data_raw/Twitter15_16_dataset/twitter15/tree/656361703664451585.txt,well done scotland! 5p carrier bag charge 1 yr old today - 80% cut in usage - 650m less bags -£6.7m for good causes. URL
twitter15__658755852199927808,twitter15,658755852199927808,unverified,True,69,True,True,115754870,658755852199927808,True,0.0,0.00,101,101,101,0.00,7891.08,0.00,7891.08,7891.08,False,0,0,0,2,data_raw/Twitter15_16_dataset/twitter15/tree/658755852199927808.txt,"test finds human dna in hot dogs, meat in vegetarian products URL URL"
twitter15__658938136299511808,twitter15,658938136299511808,unverified,True,81,True,True,16343974,658938136299511808,True,0.0,0.00,118,117,118,0.00,7169.62,0.00,7169.62,7169.62,False,0,0,0,0,data_raw/Twitter15_16_dataset/twitter15/tree/658938136299511808.txt,human dna found in hot dogs - and 10% of vegetarian sausages contain meat URL URL
twitter15__661184793342775296,twitter15,661184793342775296,non-rumor,True,55,True,True,102700680,661184793342775296,True,0.0,0.00,721,747,721,0.00,443062.40,0.00,443062.40,443062.40,False,0,0,5,25,data_raw/Twitter15_16_dataset/twitter15/tree/661184793342775296.txt,14 things successful people do before breakfast URL URL
twitter15__663744139666804736,twitter15,663744139666804736,unverified,True,137,False,True,2196201139,663744139666804736,True,0.0,0.00,2820,2831,2820,0.00,238424.40,0.00,238424.40,238424.40,False,0,0,3,21,data_raw/Twitter15_16_dataset/twitter15/tree/663744139666804736.txt,"as you ignore the cold homeless guy sitting outside starbucks, please be sure to complain about the 'non-christian' red cup of $5 coffee."
twitter15__665302351742275584,twitter15,665302351742275584,non-rumor,True,88,True,True,15108702,665302351742275584,True,0.0,0.00,282,281,282,0.00,5182.93,0.00,5182.93,5182.93,False,0,0,0,0,data_raw/Twitter15_16_dataset/twitter15/tree/665302351742275584.txt,"breaking: hollande decides state of emergency for all of france, borders closed. URL URL"
twitter15__665317131597291520,twitter15,665317131597291520,non-rumor,True,91,True,True,15108702,665317131597291520,True,0.0,0.00,304,303,304,0.00,1163.58,0.00,1163.58,1163.58,False,0,0,0,0,data_raw/Twitter15_16_dataset/twitter15/tree/665317131597291520.txt,"breaking: police operation at bataclan concert venue over, two attackers killed: bfm tv URL"
twitter15__665498651742085124,twitter15,665498651742085124,non-rumor,True,93,True,True,15108702,665498651742085124,True,0.0,0.00,431,436,431,0.00,6233.17,0.00,6233.17,6233.17,False,0,0,0,14,data_raw/Twitter15_16_dataset/twitter15/tree/665498651742085124.txt,poland says cannot accept migrants under eu quotas after paris attacks. more updates: URL URL
twitter15__670380354822348801,twitter15,670380354822348801,non-rumor,True,98,True,True,22411875,670380354822348801,True,0.0,0.00,346,347,346,0.00,18323.03,0.00,18323.03,18323.03,False,0,0,0,4,data_raw/Twitter15_16_dataset/twitter15/tree/670380354822348801.txt,they left syria in 2013 for a camp in jordan and arrived in detroit last week. their story URL URL
twitter15__674713782778654721,twitter15,674713782778654721,non-rumor,True,80,True,True,23962323,674713782778654721,True,0.0,0.00,947,955,947,0.00,247100.82,0.00,247100.82,247100.82,False,0,0,2,8,data_raw/Twitter15_16_dataset/twitter15/tree/674713782778654721.txt,#ceres captured by dawn spacecraft. check out those bright spots! video: URL URL
twitter15__675434959939756032,twitter15,675434959939756032,non-rumor,True,91,True,True,22411875,675434959939756032,True,0.0,0.00,368,377,368,0.00,216663.75,0.00,216663.75,216663.75,False,0,0,3,51,data_raw/Twitter15_16_dataset/twitter15/tree/675434959939756032.txt,'do you know me? do you know my heart?' muslims in new york share their experiences URL URL
twitter15__676586804242309121,twitter15,676586804242309121,unverified,True,101,True,True,17469289,676586804242309121,True,0.0,0.00,118,117,118,0.00,9432.05,0.00,9432.05,9432.05,False,0,0,0,6,data_raw/Twitter15_16_dataset/twitter15/tree/676586804242309121.txt,"isis has been killing babies afflicted with down syndrome and other disabilities, activists claim URL"
twitter15__676970570160988160,twitter15,676970570160988160,non-rumor,True,137,False,True,5741722,676970570160988160,True,0.0,0.00,413,418,413,0.00,103603.63,0.00,103603.63,103603.63,False,0,0,0,2,data_raw/Twitter15_16_dataset/twitter15/tree/676970570160988160.txt,talk times @ 2nd brk cruz 13:18 rubio 12:01 trump 10:30 paul 9:00 christie 8:39 bush 8:27 kasich 8:21 carson 7:55 fiorina 7:27 #nprdebate
twitter15__677950378785271808,twitter15,677950378785271808,non-rumor,True,70,True,True,13215132,677950378785271808,True,0.0,0.00,2085,2110,2085,0.00,353294.53,0.00,353294.53,353294.53,False,0,0,3,25,data_raw/Twitter15_16_dataset/twitter15/tree/677950378785271808.txt,#stevenuniverse will finally return to our screens in january! URL URL
twitter15__678277910537588737,twitter15,678277910537588737,non-rumor,True,97,True,True,11350892,678277910537588737,True,0.0,0.00,258,260,258,0.00,50908.65,0.00,50908.65,50908.65,False,0,0,0,3,data_raw/Twitter15_16_dataset/twitter15/tree/678277910537588737.txt,the 17 #thexfiles episodes to watch before it returns URL @thexfiles @gilliana @davidduchovny URL
twitter15__678733118648524800,twitter15,678733118648524800,non-rumor,True,65,True,True,11178902,678733118648524800,True,0.0,0.00,400,401,400,0.00,127006.52,0.00,127006.52,127006.52,False,0,0,1,6,data_raw/Twitter15_16_dataset/twitter15/tree/678733118648524800.txt,"you all do know it’s mostly long articles about books, right? URL"
twitter15__682548344690970624,twitter15,682548344690970624,non-rumor,True,92,True,True,15108702,682548344690970624,True,0.0,0.00,330,330,330,0.00,5491.95,0.00,5491.95,5491.95,False,0,0,0,0,data_raw/Twitter15_16_dataset/twitter15/tree/682548344690970624.txt,live: follow the #nye2016 celebrations around the world. currently live from sydney: URL URL
twitter15__682629960826224646,twitter15,682629960826224646,non-rumor,True,62,True,True,15108702,682629960826224646,True,0.0,0.00,268,267,268,0.00,3513.75,0.00,3513.75,3513.75,False,0,0,0,1,data_raw/Twitter15_16_dataset/twitter15/tree/682629960826224646.txt,live: dubai hotel on fire near the burj khalifa tower. URL URL
twitter15__683158807959089152,twitter15,683158807959089152,non-rumor,True,82,True,True,7309052,683158807959089152,True,0.0,0.00,322,325,322,0.00,19681.48,0.00,19681.48,19681.48,False,0,0,0,9,data_raw/Twitter15_16_dataset/twitter15/tree/683158807959089152.txt,man helps woman to safety before being crushed to death by elevator in nyc URL URL
twitter15__683731779342188545,twitter15,683731779342188545,non-rumor,True,62,True,True,8936082,683731779342188545,True,0.0,0.00,940,973,940,0.00,4812.25,0.00,4812.25,4812.25,False,0,0,11,56,data_raw/Twitter15_16_dataset/twitter15/tree/683731779342188545.txt,oregon militiamen receive fitting nickname: #yallqaeda URL URL
twitter15__684118654418419712,twitter15,684118654418419712,non-rumor,True,77,True,True,11350892,684118654418419712,True,0.0,0.00,356,364,356,0.00,375680.93,0.00,375680.93,375680.93,False,0,0,0,2,data_raw/Twitter15_16_dataset/twitter15/tree/684118654418419712.txt,"dammit, janet! fox’s rocky horror picture show casts @victoriajustice URL URL"
twitter15__684488313512800256,twitter15,684488313512800256,non-rumor,True,25,True,True,22411875,684488313512800256,True,0.0,0.00,553,560,553,0.00,4507.07,0.00,4507.07,4507.07,False,0,0,0,10,data_raw/Twitter15_16_dataset/twitter15/tree/684488313512800256.txt,photos of the day URL URL
twitter15__684878165714563072,twitter15,684878165714563072,non-rumor,True,86,True,True,15736190,684878165714563072,True,0.0,0.00,282,281,282,0.00,16369.07,0.00,16369.07,16369.07,False,0,0,0,2,data_raw/Twitter15_16_dataset/twitter15/tree/684878165714563072.txt,"as of january 12th, microsoft will no longer support internet explorer 8, 9 or 10. URL"
twitter15__685232704774787072,twitter15,685232704774787072,non-rumor,True,74,True,True,20065936,685232704774787072,True,0.0,0.00,360,361,360,0.00,22706.57,0.00,22706.57,22706.57,False,0,0,0,1,data_raw/Twitter15_16_dataset/twitter15/tree/685232704774787072.txt,traffic camera accidentally snaps beautiful photo of a snowy owl — URL URL
twitter15__685473149291479040,twitter15,685473149291479040,non-rumor,True,50,True,True,18665800,685473149291479040,True,0.0,0.00,265,265,265,0.00,18258.08,0.00,18258.08,18258.08,False,0,0,0,2,data_raw/Twitter15_16_dataset/twitter15/tree/685473149291479040.txt,elvis presley was born on this day in 1935 URL URL
twitter15__685633217160998912,twitter15,685633217160998912,non-rumor,True,41,True,True,16895274,685633217160998912,True,0.0,0.00,441,440,441,0.00,31862.47,0.00,31862.47,31862.47,False,0,0,0,6,data_raw/Twitter15_16_dataset/twitter15/tree/685633217160998912.txt,"happy 74th birthday, stephen hawking! URL"
twitter15__686421576904916992,twitter15,686421576904916992,non-rumor,True,84,True,True,14934818,686421576904916992,True,0.0,0.00,759,762,759,0.00,111483.22,0.00,111483.22,111483.22,False,0,0,0,2,data_raw/Twitter15_16_dataset/twitter15/tree/686421576904916992.txt,sister ❤️ @kyliejenner @kourtneykardash at the #instyleglobes bash #goldenglobes URL
twitter15__686422922894815233,twitter15,686422922894815233,non-rumor,True,79,True,True,14934818,686422922894815233,True,0.0,0.00,494,502,494,0.00,256364.55,0.00,256364.55,256364.55,False,0,0,0,0,data_raw/Twitter15_16_dataset/twitter15/tree/686422922894815233.txt,.@bilodope @emilybett @aishataylor at the #instyleglobes bash #goldenglobes URL
twitter15__686493272806576128,twitter15,686493272806576128,non-rumor,True,83,True,True,14138785,686493272806576128,True,0.0,0.00,431,430,431,0.00,22580.65,0.00,22580.65,22580.65,False,0,0,0,2,data_raw/Twitter15_16_dataset/twitter15/tree/686493272806576128.txt,"bowie's last album was 'parting gift' for fans, in carefully planned finale URL URL"
twitter15__686527768327274497,twitter15,686527768327274497,non-rumor,True,135,False,True,14514804,686527768327274497,True,0.0,0.00,498,499,498,0.00,141908.17,0.00,141908.17,141908.17,False,0,0,2,4,data_raw/Twitter15_16_dataset/twitter15/tree/686527768327274497.txt,"rip david bowie. can we also rip the ""battle with cancer"" cliche? implies you've ""lost"" the battle, as if you didn't fight hard enough."
twitter15__686701278785843200,twitter15,686701278785843200,non-rumor,True,86,True,True,14934818,686701278785843200,True,0.0,0.00,280,279,280,0.00,78570.03,0.00,78570.03,78570.03,False,0,0,0,0,data_raw/Twitter15_16_dataset/twitter15/tree/686701278785843200.txt,.@selenagomez was on the prowl for hot guys at the #instyleglobes after-party: URL URL
twitter15__687617323235147776,twitter15,687617323235147776,non-rumor,True,110,True,True,3646911,687617323235147776,True,0.0,0.00,750,750,750,0.00,1637.78,0.00,1637.78,1637.78,False,0,0,0,8,data_raw/Twitter15_16_dataset/twitter15/tree/687617323235147776.txt,extraordinarily sad news. the guardian is reporting that the great alan rickman has died at the age of 69. URL
twitter15__687617735833026560,twitter15,687617735833026560,non-rumor,True,129,False,True,3646911,687617735833026560,True,0.0,0.00,2346,2348,2346,0.00,8349.22,0.00,8349.22,8349.22,False,0,0,0,4,data_raw/Twitter15_16_dataset/twitter15/tree/687617735833026560.txt,"he was severus snape. he was the sheriff of nottingham. he was alexander dane. he was, of course, hans gruber. we are devastated."
twitter15__687630364936957952,twitter15,687630364936957952,non-rumor,True,58,True,True,13215132,687630364936957952,True,0.0,0.00,304,303,304,0.00,4405.62,0.00,4405.62,4405.62,False,0,0,0,1,data_raw/Twitter15_16_dataset/twitter15/tree/687630364936957952.txt,"rip alan rickman, who gave us villains to root for URL URL"
twitter15__687631811560763392,twitter15,687631811560763392,non-rumor,True,66,True,True,5402612,687631811560763392,True,0.0,0.00,672,674,672,0.00,16456.33,0.00,16456.33,16456.33,False,0,0,1,6,data_raw/Twitter15_16_dataset/twitter15/tree/687631811560763392.txt,#oscarnoms: nominations for best actress in a leading role URL URL
twitter15__687632433483759616,twitter15,687632433483759616,non-rumor,True,48,True,True,5402612,687632433483759616,True,0.0,0.00,740,743,740,0.00,68581.93,0.00,68581.93,68581.93,False,0,0,0,1,data_raw/Twitter15_16_dataset/twitter15/tree/687632433483759616.txt,#oscarnoms: nominations for best picture URL URL
twitter15__687639526282498049,twitter15,687639526282498049,non-rumor,True,62,True,True,2883841,687639526282498049,True,0.0,0.00,321,322,321,0.00,394736.13,0.00,394736.13,394736.13,False,0,0,0,1,data_raw/Twitter15_16_dataset/twitter15/tree/687639526282498049.txt,"congratulations, jennifer lawrence! URL #oscarnoms #oscars URL"
twitter15__687673284436082689,twitter15,687673284436082689,non-rumor,True,76,True,True,2883841,687673284436082689,True,0.0,0.00,377,376,377,0.00,6892.47,0.00,6892.47,6892.47,False,0,0,1,2,data_raw/Twitter15_16_dataset/twitter15/tree/687673284436082689.txt,harry potter stars react to the tragic news of alan rickman's death: URL URL
twitter15__687674548712505346,twitter15,687674548712505346,non-rumor,True,70,True,True,2883841,687674548712505346,True,0.0,0.00,703,703,703,0.00,13889.65,0.00,13889.65,13889.65,False,0,0,0,2,data_raw/Twitter15_16_dataset/twitter15/tree/687674548712505346.txt,alan rickman's goodbye letter to harry potter is just perfect: URL URL
twitter15__687734662249246724,twitter15,687734662249246724,non-rumor,True,91,True,True,2883841,687734662249246724,True,0.0,0.00,509,515,509,0.00,11897.88,0.00,11897.88,11897.88,False,0,0,1,13,data_raw/Twitter15_16_dataset/twitter15/tree/687734662249246724.txt,"we have some bad news, friends fans. the whole cast won't be reuniting in february: URL URL"
twitter15__687766167558164481,twitter15,687766167558164481,non-rumor,True,86,True,True,2883841,687766167558164481,True,0.0,0.00,1804,1834,1804,0.00,370807.63,0.00,370807.63,370807.63,False,0,0,7,54,data_raw/Twitter15_16_dataset/twitter15/tree/687766167558164481.txt,"caitlyn jenner mourns the loss of bruce: ""maybe he didn't deserve to be gone."" URL URL"
twitter15__687786822475366401,twitter15,687786822475366401,non-rumor,True,96,True,True,2883841,687786822475366401,True,0.0,0.00,292,297,292,0.00,26573.97,0.00,26573.97,26573.97,False,0,0,0,5,data_raw/Twitter15_16_dataset/twitter15/tree/687786822475366401.txt,woah! olivia pope ditches the white hat for a hot new look in this badass scandal promo: URL URL
twitter15__687911282922631168,twitter15,687911282922631168,non-rumor,True,115,True,True,5402612,687911282922631168,True,0.0,0.00,532,542,532,0.00,7908.75,0.00,7908.75,7908.75,False,0,0,15,44,data_raw/Twitter15_16_dataset/twitter15/tree/687911282922631168.txt,"al-shabab militants overrun african union base in somalia, amid unconfirmed claims of dozens of soldiers killed URL"
twitter15__687945926774800385,twitter15,687945926774800385,non-rumor,True,116,True,True,5402612,687945926774800385,True,0.0,0.00,605,613,605,0.00,12118.65,0.00,12118.65,12118.65,False,0,0,0,17,data_raw/Twitter15_16_dataset/twitter15/tree/687945926774800385.txt,"several in critical condition - one in a coma - after clinical trial of new drug in france, health minister says URL"
twitter15__687956181646753792,twitter15,687956181646753792,non-rumor,True,113,True,True,3646911,687956181646753792,True,0.0,0.00,676,678,676,0.00,299203.12,0.00,299203.12,299203.12,False,0,0,0,2,data_raw/Twitter15_16_dataset/twitter15/tree/687956181646753792.txt,"here's the letter alan rickman wrote for us back in 2011, upon completing harry potter & the deathly hallows: URL"
twitter15__688027085730897921,twitter15,688027085730897921,non-rumor,True,119,True,True,5402612,688027085730897921,True,0.0,0.00,532,537,532,0.00,170588.73,0.00,170588.73,170588.73,False,0,0,0,13,data_raw/Twitter15_16_dataset/twitter15/tree/688027085730897921.txt,"ninety took drug in french clinical trial that left one brain-dead and five more hospitalised, health minister says URL"
twitter15__688096910217879554,twitter15,688096910217879554,non-rumor,True,118,True,True,30313925,688096910217879554,True,0.0,0.00,677,692,677,0.00,210476.03,0.00,210476.03,210476.03,False,0,0,1,32,data_raw/Twitter15_16_dataset/twitter15/tree/688096910217879554.txt,".@potus's favorite movie of the year? hint: he loves saying ""science the heck out of this thing"" #youtubeasksobama URL"
twitter15__688110059553861634,twitter15,688110059553861634,non-rumor,True,117,True,True,30313925,688110059553861634,True,0.0,0.00,726,731,726,0.00,81861.27,0.00,81861.27,81861.27,False,0,0,7,23,data_raw/Twitter15_16_dataset/twitter15/tree/688110059553861634.txt,here's what @potus keeps in his pockets to remind himself of the people he meets along the way. #youtubeasksobama URL
twitter15__688147918113538049,twitter15,688147918113538049,non-rumor,True,104,True,True,5402612,688147918113538049,True,0.0,0.00,635,636,635,0.00,10923.28,0.00,10923.28,10923.28,False,0,0,1,8,data_raw/Twitter15_16_dataset/twitter15/tree/688147918113538049.txt,"hostages taken and people killed in attack on burkina faso hotel by militants, foreign minister says URL"
twitter15__688281442162352128,twitter15,688281442162352128,non-rumor,True,110,True,True,5402612,688281442162352128,True,0.0,0.00,444,445,444,0.00,21413.27,0.00,21413.27,21413.27,False,0,0,0,2,data_raw/Twitter15_16_dataset/twitter15/tree/688281442162352128.txt,"siege over at burkina faso hotel taken by suspected islamist gunmen, but reports say nearby hotel attacked URL"
twitter15__688437279405305856,twitter15,688437279405305856,non-rumor,True,99,True,True,2883841,688437279405305856,True,0.0,0.00,741,741,741,0.00,16087.23,0.00,16087.23,16087.23,False,0,0,0,12,data_raw/Twitter15_16_dataset/twitter15/tree/688437279405305856.txt,we're keeping céline dion in our thoughts--her brother daniel has died of cancer at age 59: URL URL
twitter15__688441130271289350,twitter15,688441130271289350,non-rumor,True,77,True,True,5971922,688441130271289350,True,0.0,0.00,268,272,268,0.00,62021.02,0.00,62021.02,62021.02,False,0,0,0,6,data_raw/Twitter15_16_dataset/twitter15/tree/688441130271289350.txt,from the bb vault: donald trump's dad arrested in kkk brawl with cops URL URL
twitter15__688461902821855232,twitter15,688461902821855232,non-rumor,True,114,True,True,5402612,688461902821855232,True,0.0,0.00,366,365,366,0.00,6660.32,0.00,6660.32,6660.32,False,0,0,0,3,data_raw/Twitter15_16_dataset/twitter15/tree/688461902821855232.txt,"watchdog says iran has taken all steps to start implementing nuclear deal, paving way for lifting of sanctions URL"
twitter15__688502260779843587,twitter15,688502260779843587,non-rumor,True,108,True,True,30313925,688502260779843587,True,0.0,0.00,581,594,581,0.00,15360.50,0.00,15360.50,15360.50,False,0,0,6,24,data_raw/Twitter15_16_dataset/twitter15/tree/688502260779843587.txt,american leadership in action: iran's four pathways to a nuclear weapon have now been blocked. #irandeal URL
twitter15__688520025754304512,twitter15,688520025754304512,non-rumor,True,93,True,True,30313925,688520025754304512,True,0.0,0.00,640,652,640,0.00,19861.90,0.00,19861.90,19861.90,False,0,0,11,44,data_raw/Twitter15_16_dataset/twitter15/tree/688520025754304512.txt,"thanks to the #irandeal, iran's four pathways to a nuclear weapon have been blocked → URL URL"
twitter15__688751183645782016,twitter15,688751183645782016,non-rumor,True,129,False,True,30313925,688751183645782016,True,0.0,0.00,516,522,516,0.00,163125.37,0.00,163125.37,163125.37,False,0,0,6,10,data_raw/Twitter15_16_dataset/twitter15/tree/688751183645782016.txt,"""we’ve achieved this historic progress through diplomacy, without resorting to another war in the middle east."" —@potus #irandeal"
twitter15__688752484966363136,twitter15,688752484966363136,non-rumor,True,140,False,True,30313925,688752484966363136,True,0.0,0.00,344,354,344,0.00,13854.20,0.00,13854.20,13854.20,False,0,0,0,8,data_raw/Twitter15_16_dataset/twitter15/tree/688752484966363136.txt,"""we still have sanctions on iran for its violations of human rights—for its support for terrorism &...its ballistic missile program"" —@potus"
twitter15__688757736310484994,twitter15,688757736310484994,non-rumor,True,116,True,True,30313925,688757736310484994,True,0.0,0.00,572,574,572,0.00,27273.62,0.00,27273.62,27273.62,False,0,0,0,47,data_raw/Twitter15_16_dataset/twitter15/tree/688757736310484994.txt,"""this is a good day. once again, we’re seeing what’s possible with strong american diplomacy."" —@potus #irandeal URL"
twitter15__688763099298529280,twitter15,688763099298529280,non-rumor,True,76,True,True,5971922,688763099298529280,True,0.0,0.00,351,358,351,0.00,10140.77,0.00,10140.77,10140.77,False,0,0,9,20,data_raw/Twitter15_16_dataset/twitter15/tree/688763099298529280.txt,oregon domestic terrorists now destroying public property in earnest URL URL
twitter15__688763993633107968,twitter15,688763993633107968,non-rumor,True,104,True,True,30313925,688763993633107968,True,0.0,0.00,674,679,674,0.00,126757.58,0.00,126757.58,126757.58,False,0,0,11,21,data_raw/Twitter15_16_dataset/twitter15/tree/688763993633107968.txt,"""we have now cut off every single path that iran could have used to build a bomb."" —@potus #irandeal URL"
twitter15__688814621034213376,twitter15,688814621034213376,non-rumor,True,100,False,True,87416722,688814621034213376,True,0.0,0.00,294,293,294,0.00,3395.42,0.00,3395.42,3395.42,False,0,0,0,2,data_raw/Twitter15_16_dataset/twitter15/tree/688814621034213376.txt,al arabiya television station says three americans have reportedly been kidnapped in baghdad in iraq
twitter15__688932211714818048,twitter15,688932211714818048,non-rumor,True,98,False,True,5741722,688932211714818048,True,0.0,0.00,273,273,273,0.00,18036.43,0.00,18036.43,18036.43,False,0,0,0,0,data_raw/Twitter15_16_dataset/twitter15/tree/688932211714818048.txt,"clinton: ""every single american should be outraged"" by what's happening in flint, mich. #nprdebate"
twitter15__689100941119848449,twitter15,689100941119848449,non-rumor,True,120,True,True,5402612,689100941119848449,True,0.0,0.00,575,574,575,0.00,20145.13,0.00,20145.13,20145.13,False,0,0,0,8,data_raw/Twitter15_16_dataset/twitter15/tree/689100941119848449.txt,"morocco says it has arrested a belgian national linked to men who carried out paris attack, in which 130 people died URL"
twitter15__689103487880310785,twitter15,689103487880310785,non-rumor,True,106,True,True,5402612,689103487880310785,True,0.0,0.00,310,310,310,0.00,37480.27,0.00,37480.27,37480.27,False,0,0,0,2,data_raw/Twitter15_16_dataset/twitter15/tree/689103487880310785.txt,at least three french soldiers killed in avalanche in the alps during training exercise - french media URL
twitter15__689208632148365314,twitter15,689208632148365314,non-rumor,True,60,True,True,5402612,689208632148365314,True,0.0,0.00,2880,2884,2880,0.00,38617.25,0.00,38617.25,38617.25,False,0,0,1,41,data_raw/Twitter15_16_dataset/twitter15/tree/689208632148365314.txt,"eagles guitarist glenn frey has died, the band announces URL"
twitter15__689214940679409664,twitter15,689214940679409664,non-rumor,True,46,False,True,87416722,689214940679409664,True,0.0,0.00,260,260,260,0.00,9510.38,0.00,9510.38,9510.38,False,0,0,1,2,data_raw/Twitter15_16_dataset/twitter15/tree/689214940679409664.txt,#eagles co-founder glenn frey has died aged 67
twitter15__689236842454106113,twitter15,689236842454106113,non-rumor,True,99,True,True,30313925,689236842454106113,True,0.0,0.00,375,374,375,0.00,35512.80,0.00,35512.80,35512.80,False,0,0,19,19,data_raw/Twitter15_16_dataset/twitter15/tree/689236842454106113.txt,"""i believe we’ve got to take steps to modernize our unemployment insurance system."" —@potus URL URL"
twitter15__689529955294777344,twitter15,689529955294777344,non-rumor,True,103,True,True,5402612,689529955294777344,True,0.0,0.00,721,720,721,0.00,18440.22,0.00,18440.22,18440.22,False,0,0,1,10,data_raw/Twitter15_16_dataset/twitter15/tree/689529955294777344.txt,colombian government and left-wing farc rebel movement agree ceasefire to end decades-long conflict URL
twitter15__689549346875031552,twitter15,689549346875031552,non-rumor,True,118,False,True,87416722,689549346875031552,True,0.0,0.00,422,423,422,0.00,323560.42,0.00,323560.42,323560.42,False,0,0,0,13,data_raw/Twitter15_16_dataset/twitter15/tree/689549346875031552.txt,islamic state has confirmed 'jihadi john' is dead following reports he was killed in a drone strike in raqqa last year
twitter15__689555819059351552,twitter15,689555819059351552,non-rumor,True,113,True,True,5402612,689555819059351552,True,0.0,0.00,636,645,636,0.00,18337.35,0.00,18337.35,18337.35,False,0,0,4,6,data_raw/Twitter15_16_dataset/twitter15/tree/689555819059351552.txt,so-called islamic state's propaganda magazine confirms british militant known as jihadi john died in november URL
twitter15__689650617464311813,twitter15,689650617464311813,non-rumor,True,77,True,True,2735591,689650617464311813,True,0.0,0.00,270,269,270,0.00,29293.68,0.00,29293.68,29293.68,False,0,0,0,4,data_raw/Twitter15_16_dataset/twitter15/tree/689650617464311813.txt,leonardo dicaprio is giving away $15 million to environmental causes: URL URL
twitter15__689694470779097088,twitter15,689694470779097088,non-rumor,True,97,True,True,5402612,689694470779097088,True,0.0,0.00,923,927,923,0.00,97907.40,0.00,97907.40,97907.40,False,0,0,8,44,data_raw/Twitter15_16_dataset/twitter15/tree/689694470779097088.txt,"two gunmen killed in pakistan university attack, police say, with reports others still firing URL"
twitter15__689719109785907200,twitter15,689719109785907200,non-rumor,True,118,True,True,5402612,689694470779097088,False,-97.9,0.00,529,533,529,-97.90,97809.50,0.00,97809.50,97809.50,True,0,0,7,31,data_raw/Twitter15_16_dataset/twitter15/tree/689719109785907200.txt,death toll from #bachakhanuniattack rises to at least 19; army official says firing has stopped as campus searched URL
twitter15__689722724470620161,twitter15,689722724470620161,non-rumor,True,100,True,True,5402612,689694470779097088,False,-112.27,0.00,518,521,518,-112.27,97795.13,0.00,97795.13,97795.13,True,0,0,7,35,data_raw/Twitter15_16_dataset/twitter15/tree/689722724470620161.txt,"taliban says it is behind #bachakhanuniattack that left at least 19 dead, pakistani media report URL"
twitter15__689798164287741953,twitter15,689798164287741953,non-rumor,True,92,True,True,5402612,689798164287741953,True,0.0,0.00,545,544,545,0.00,17374.12,0.00,17374.12,17374.12,False,0,0,0,4,data_raw/Twitter15_16_dataset/twitter15/tree/689798164287741953.txt,"suspected suicide car bomb blast near russian embassy in afghan capital, kabul - reports URL"
twitter15__689799953330368513,twitter15,689799953330368513,non-rumor,True,95,True,True,5971922,689799953330368513,True,0.0,0.00,429,430,429,0.00,6521.95,0.00,6521.95,6521.95,False,0,0,0,7,data_raw/Twitter15_16_dataset/twitter15/tree/689799953330368513.txt,"gop strategist says trump supporters are ""childless single men who masturbate to anime"" URL URL"
twitter15__689833530197671936,twitter15,689833530197671936,non-rumor,True,94,True,True,19658826,689833530197671936,True,0.0,0.00,301,300,301,0.00,82911.93,0.00,82911.93,82911.93,False,0,0,1,1,data_raw/Twitter15_16_dataset/twitter15/tree/689833530197671936.txt,it's official. 2015 was officially the hottest year ever. and 2016 will be even hotter URL URL
twitter15__689853056440221696,twitter15,689853056440221696,non-rumor,True,82,True,True,19658826,689853056440221696,True,0.0,0.00,255,254,255,0.00,5856.07,0.00,5856.07,5856.07,False,0,0,0,1,data_raw/Twitter15_16_dataset/twitter15/tree/689853056440221696.txt,"‘planet nine’ may exist on the edge of our solar system, claim astronomers URL URL"
twitter15__689922870689009664,twitter15,689922870689009664,non-rumor,True,89,True,True,20012204,689922870689009664,True,0.0,0.00,522,556,522,0.00,5266.92,0.00,5266.92,5266.92,False,0,0,2,21,data_raw/Twitter15_16_dataset/twitter15/tree/689922870689009664.txt,"yes, trump really said, ""the whites don't get any nominations"" at the bet awards: URL URL"
twitter15__690137637810761728,twitter15,690137637810761728,non-rumor,True,117,True,True,5402612,690137637810761728,True,0.0,0.00,503,519,503,0.00,26431.65,0.00,26431.65,26431.65,False,0,0,8,38,data_raw/Twitter15_16_dataset/twitter15/tree/690137637810761728.txt,"uk home secretary theresa may says litvinenko's murder was ""blatant and unacceptable"" breach of international law URL"
twitter15__690145844318834689,twitter15,690145844318834689,non-rumor,True,25,True,True,19658826,690145844318834689,True,0.0,0.00,389,388,389,0.00,11255.85,0.00,11255.85,11255.85,False,0,0,0,1,data_raw/Twitter15_16_dataset/twitter15/tree/690145844318834689.txt,happy #nationalhugday URL
twitter15__690174644071047168,twitter15,690174644071047168,non-rumor,True,84,True,True,2735591,690174644071047168,True,0.0,0.00,472,474,472,0.00,9324.65,0.00,9324.65,9324.65,False,0,0,1,3,data_raw/Twitter15_16_dataset/twitter15/tree/690174644071047168.txt,smart people are as racist as less-smart people—but smart enough to hide it: URL URL
twitter15__690252631822864384,twitter15,690252631822864384,non-rumor,True,94,True,True,30313925,690252631822864384,True,0.0,0.00,259,260,259,0.00,11661.92,0.00,11661.92,11661.92,False,0,0,4,23,data_raw/Twitter15_16_dataset/twitter15/tree/690252631822864384.txt,2009: @potus bet big on rescuing the american auto industry. today: it's roaring back. URL URL
twitter15__690296550803636224,twitter15,690296550803636224,non-rumor,True,120,True,True,30313925,690296550803636224,True,0.0,0.00,704,708,704,0.00,79299.98,0.00,79299.98,79299.98,False,0,0,1,27,data_raw/Twitter15_16_dataset/twitter15/tree/690296550803636224.txt,"""our children should not have to be worried about the water that they're drinking"" —@potus on the situation in flint URL"
twitter15__690431187916099584,twitter15,690431187916099584,non-rumor,True,90,True,True,5402612,690431187916099584,True,0.0,0.00,545,548,545,0.00,9709.50,0.00,9709.50,9709.50,False,0,0,0,20,data_raw/Twitter15_16_dataset/twitter15/tree/690431187916099584.txt,"north korea says it has arrested a us student on charges of committing a ""hostile act"" URL"
twitter15__690522824797196288,twitter15,690522824797196288,non-rumor,True,110,True,True,5402612,690522824797196288,True,0.0,0.00,496,534,496,0.00,23561.12,0.00,23561.12,23561.12,False,0,0,4,137,data_raw/Twitter15_16_dataset/twitter15/tree/690522824797196288.txt,woman who stabbed paedophile to death in east london has three-and-a-half-year jail term more than doubled URL
twitter15__690567125128351744,twitter15,690567125128351744,non-rumor,True,115,True,True,30313925,690567125128351744,True,0.0,0.00,1301,1315,1301,0.00,273888.98,0.00,273888.98,273888.98,False,0,0,1,27,data_raw/Twitter15_16_dataset/twitter15/tree/690567125128351744.txt,"""every single one of us deserves the rights, freedoms, and opportunities to fulfill our dreams."" —@potus #roe43 URL"
twitter15__690670464440504320,twitter15,690670464440504320,non-rumor,True,71,True,True,30313925,690670464440504320,True,0.0,0.00,844,855,844,0.00,67257.92,0.00,67257.92,67257.92,False,0,0,0,39,data_raw/Twitter15_16_dataset/twitter15/tree/690670464440504320.txt,.@potus in the oval office on a snowy afternoon at the white house. URL
twitter15__690676539323740161,twitter15,690676539323740161,non-rumor,True,118,True,True,5402612,690676539323740161,True,0.0,0.00,464,473,464,0.00,11244.18,0.00,11244.18,11244.18,False,0,0,3,33,data_raw/Twitter15_16_dataset/twitter15/tree/690676539323740161.txt,"at least two people are dead in a shooting at a school in northern saskatchewan, canadian government official said URL"
twitter15__690680310061756416,twitter15,690680310061756416,non-rumor,True,116,True,True,5402612,690680310061756416,True,0.0,0.00,552,551,552,0.00,8720.37,0.00,8720.37,8720.37,False,0,0,0,4,data_raw/Twitter15_16_dataset/twitter15/tree/690680310061756416.txt,"five people killed and two others seriously wounded in school shooting in western canada, pm justin trudeau says URL"
twitter15__690915657106526208,twitter15,690915657106526208,non-rumor,True,38,True,True,102700680,690915657106526208,True,0.0,0.00,274,277,274,0.00,127815.28,0.00,127815.28,127815.28,False,0,0,0,7,data_raw/Twitter15_16_dataset/twitter15/tree/690915657106526208.txt,36 best quotes from davos 2016 URL URL
twitter15__690920430287331328,twitter15,690920430287331328,non-rumor,True,84,True,True,717313,690920430287331328,True,0.0,0.00,310,309,310,0.00,133440.70,0.00,133440.70,133440.70,False,0,0,0,0,data_raw/Twitter15_16_dataset/twitter15/tree/690920430287331328.txt,"internet of things security is so bad, there’s a search engine for sleeping kids URL"
twitter15__690926324903317504,twitter15,690926324903317504,non-rumor,True,107,True,True,30313925,690926324903317504,True,0.0,0.00,474,489,474,0.00,354093.38,0.00,354093.38,354093.38,False,0,0,5,33,data_raw/Twitter15_16_dataset/twitter15/tree/690926324903317504.txt,"""as the affordable care act has taken effect, nearly 18 million americans have gained coverage"" —@potus URL"
twitter15__690954487322796032,twitter15,690954487322796032,non-rumor,True,93,True,True,30313925,690954487322796032,True,0.0,0.00,727,734,727,0.00,11236.35,0.00,11236.35,11236.35,False,0,0,4,27,data_raw/Twitter15_16_dataset/twitter15/tree/690954487322796032.txt,"fact: for the first time ever, more than 90% of americans have health coverage. #acaworks URL"
twitter15__690985215691354112,twitter15,690985215691354112,non-rumor,True,117,True,True,2836421,690985215691354112,True,0.0,0.00,556,574,556,0.00,202347.77,0.00,202347.77,202347.77,False,0,0,11,60,data_raw/Twitter15_16_dataset/twitter15/tree/690985215691354112.txt,"trump on supporters: ""i could stand in the middle of 5th ave. and shoot somebody and i wouldn't lose any voters."" URL"
twitter15__691006265137299456,twitter15,691006265137299456,non-rumor,True,117,True,True,30313925,691006265137299456,True,0.0,0.00,473,475,473,0.00,29568.82,0.00,29568.82,29568.82,False,0,0,11,14,data_raw/Twitter15_16_dataset/twitter15/tree/691006265137299456.txt,changing jobs? going back to school? small business owner? here's how the affordable care act is working for you. URL
twitter15__691027026552229888,twitter15,691027026552229888,non-rumor,True,85,True,True,8936082,691027026552229888,True,0.0,0.00,520,528,520,0.00,17312.42,0.00,17312.42,17312.42,False,0,0,2,7,data_raw/Twitter15_16_dataset/twitter15/tree/691027026552229888.txt,"donald trump spokesperson decried lack of ""pure breeds"" running for president URL URL"
twitter15__691064699853606913,twitter15,691064699853606913,non-rumor,True,84,True,True,15164565,691064699853606913,True,0.0,0.00,425,427,425,0.00,2469.55,0.00,2469.55,2469.55,False,0,0,0,4,data_raw/Twitter15_16_dataset/twitter15/tree/691064699853606913.txt,nyc breaks record for snowiest day in its history URL #davidsnowie #blizzard2016 URL
twitter15__691206970074738688,twitter15,691206970074738688,non-rumor,True,61,True,True,788524,691206970074738688,True,0.0,0.00,332,335,332,0.00,17848.28,0.00,17848.28,17848.28,False,0,0,0,20,data_raw/Twitter15_16_dataset/twitter15/tree/691206970074738688.txt,greek islanders to be nominated for nobel peace prize URL URL
twitter15__691299810553384960,twitter15,691299810553384960,non-rumor,True,110,True,True,30313925,691299810553384960,True,0.0,0.00,591,598,591,0.00,72449.55,0.00,72449.55,72449.55,False,0,0,11,57,data_raw/Twitter15_16_dataset/twitter15/tree/691299810553384960.txt,fact: up to 129 million americans with pre-existing conditions can no longer be denied coverage. #acaworks URL
twitter15__691327238353129472,twitter15,691327238353129472,non-rumor,True,74,True,True,14075928,691327238353129472,True,0.0,0.00,479,478,479,0.00,276189.75,0.00,276189.75,276189.75,False,0,0,0,4,data_raw/Twitter15_16_dataset/twitter15/tree/691327238353129472.txt,congress allocates $90 million to protect remaining eagles members URL URL
twitter15__691351064868732928,twitter15,691351064868732928,non-rumor,True,91,True,True,14075928,691351064868732928,True,0.0,0.00,851,852,851,0.00,17686.12,0.00,17686.12,17686.12,False,0,0,0,3,data_raw/Twitter15_16_dataset/twitter15/tree/691351064868732928.txt,this week in sports: bill belichick visits hospital to watch terminally ill fan die URL URL
twitter15__691380138710306816,twitter15,691380138710306816,non-rumor,True,65,True,True,14075928,691380138710306816,True,0.0,0.00,472,471,472,0.00,14414.33,0.00,14414.33,14414.33,False,0,0,0,1,data_raw/Twitter15_16_dataset/twitter15/tree/691380138710306816.txt,pentagon holds gala to celebrate 25 years of bombing iraq URL URL
twitter15__691380348379201536,twitter15,691380348379201536,non-rumor,True,48,True,True,30313925,691380348379201536,True,0.0,0.00,757,765,757,0.00,94775.35,0.00,94775.35,94775.35,False,0,0,1,22,data_raw/Twitter15_16_dataset/twitter15/tree/691380348379201536.txt,an afternoon with bo and sunny in the snow.❄ URL
twitter15__691410231549530112,twitter15,691410231549530112,non-rumor,True,98,True,True,30313925,691410231549530112,True,0.0,0.00,314,313,314,0.00,109630.45,0.00,109630.45,109630.45,False,0,0,2,8,data_raw/Twitter15_16_dataset/twitter15/tree/691410231549530112.txt,deadline to enroll for 2016 health coverage is almost here—sign up by jan. 31: URL #getcovered URL
twitter15__691564354567798784,twitter15,691564354567798784,non-rumor,True,113,True,True,5402612,691564354567798784,True,0.0,0.00,1277,1281,1277,0.00,126505.95,0.00,126505.95,126505.95,False,0,0,1,23,data_raw/Twitter15_16_dataset/twitter15/tree/691564354567798784.txt,explorer henry worsley dies after suffering exhaustion and dehydration during solo antarctic crossing attempt URL
twitter15__691600834707247104,twitter15,691600834707247104,non-rumor,True,46,True,True,7744592,691600834707247104,True,0.0,0.00,581,580,581,0.00,5903.92,0.00,5903.92,5903.92,False,0,0,0,2,data_raw/Twitter15_16_dataset/twitter15/tree/691600834707247104.txt,top snowfall totals by state #blizzard2016 URL
twitter15__691616143161819136,twitter15,691616143161819136,non-rumor,True,100,True,True,71256932,691616143161819136,True,0.0,0.00,532,531,532,0.00,265114.80,0.00,265114.80,265114.80,False,0,0,0,4,data_raw/Twitter15_16_dataset/twitter15/tree/691616143161819136.txt,virginia woolf was born today in 1882. listen to the only known recording of her voice here. URL URL
twitter15__691632933170450435,twitter15,691632933170450435,non-rumor,True,102,True,True,14075928,691632933170450435,True,0.0,0.00,439,438,439,0.00,70838.85,0.00,70838.85,70838.85,False,0,0,0,7,data_raw/Twitter15_16_dataset/twitter15/tree/691632933170450435.txt,unpopular police officer thinking about committing racially motivated offense for a little support URL
twitter15__691656866972209152,twitter15,691656866972209152,non-rumor,True,71,True,True,14075928,691656866972209152,True,0.0,0.00,426,425,426,0.00,256147.77,0.00,256147.77,256147.77,False,0,0,0,0,data_raw/Twitter15_16_dataset/twitter15/tree/691656866972209152.txt,"boss wants friendly, relaxed company culture in place by friday URL URL"
twitter15__691667941314662400,twitter15,691667941314662400,non-rumor,True,66,True,True,5971922,691667941314662400,True,0.0,0.00,281,281,281,0.00,237622.97,0.00,237622.97,237622.97,False,0,0,0,0,data_raw/Twitter15_16_dataset/twitter15/tree/691667941314662400.txt,from the vault: anatomical maquettes of fanciful creatures URL URL
twitter15__691700082601758720,twitter15,691700082601758720,non-rumor,True,87,True,True,9300262,691700082601758720,True,0.0,0.00,409,411,409,0.00,27406.03,0.00,27406.03,27406.03,False,0,0,1,3,data_raw/Twitter15_16_dataset/twitter15/tree/691700082601758720.txt,"""ted cruz is by far the most consistent conservative in that crowd."" URL | ap photo URL"
twitter15__691791477912014850,twitter15,691791477912014850,non-rumor,True,75,True,True,14075928,691791477912014850,True,0.0,0.00,787,786,787,0.00,263278.90,0.00,263278.90,263278.90,False,0,0,0,3,data_raw/Twitter15_16_dataset/twitter15/tree/691791477912014850.txt,obama gently guides michelle’s hand as she maneuvers drone joystick URL URL
twitter15__691809004356501505,twitter15,691809004356501505,non-rumor,True,95,True,True,30313925,691809004356501505,True,0.0,0.00,631,633,631,0.00,27374.98,0.00,27374.98,27374.98,False,0,0,1,40,data_raw/Twitter15_16_dataset/twitter15/tree/691809004356501505.txt,"""america is a nation of second chances"" —@potus on new reforms to solitary confinement: URL URL"
twitter15__691889802724118532,twitter15,691889802724118532,non-rumor,True,103,True,True,428333,691889802724118532,True,0.0,0.00,338,340,338,0.00,10838.13,0.00,10838.13,10838.13,False,0,0,0,4,data_raw/Twitter15_16_dataset/twitter15/tree/691889802724118532.txt,an american woman on vacation in grenada was killed after she was attacked by a man with a machete. URL
twitter15__691976624665919488,twitter15,691976624665919488,non-rumor,True,95,True,True,16895274,691976624665919488,True,0.0,0.00,311,311,311,0.00,34866.23,0.00,34866.23,34866.23,False,0,0,0,1,data_raw/Twitter15_16_dataset/twitter15/tree/691976624665919488.txt,a rare white giraffe has been spotted in tanzania... perhaps the only one in the world. URL URL
twitter15__691986377584549888,twitter15,691986377584549888,non-rumor,True,68,True,True,428333,691986377584549888,True,0.0,0.00,272,273,272,0.00,13849.45,0.00,13849.45,13849.45,False,0,0,0,0,data_raw/Twitter15_16_dataset/twitter15/tree/691986377584549888.txt,videos show suffering of starving in syrian town of #madaya. URL URL
twitter15__692004901455556608,twitter15,692004901455556608,non-rumor,True,90,True,True,30313925,692004901455556608,True,0.0,0.00,464,464,464,0.00,154741.88,0.00,154741.88,154741.88,False,0,0,10,14,data_raw/Twitter15_16_dataset/twitter15/tree/692004901455556608.txt,.@potus just announced new reforms to address the overuse of solitary confinement: URL URL
twitter15__692023417575448576,twitter15,692023417575448576,non-rumor,True,89,True,True,428333,692023417575448576,True,0.0,0.00,458,464,458,0.00,123893.88,0.00,123893.88,123893.88,False,0,0,0,4,data_raw/Twitter15_16_dataset/twitter15/tree/692023417575448576.txt,"doctors should screen all adults for depression at least once, task force recommends. URL"
twitter15__692024256520179712,twitter15,692024256520179712,non-rumor,True,98,True,True,14934818,692024256520179712,True,0.0,0.00,1528,1527,1528,0.00,70704.18,0.00,70704.18,70704.18,False,0,0,0,2,data_raw/Twitter15_16_dataset/twitter15/tree/692024256520179712.txt,".@onedirection's new music video for ""history"" is a walk down memory lane: URL #1dhistoryvideo URL"
twitter15__692031224227958789,twitter15,692031224227958789,non-rumor,True,64,True,True,5402612,692031224227958789,True,0.0,0.00,496,495,496,0.00,41925.62,0.00,41925.62,41925.62,False,0,0,0,2,data_raw/Twitter15_16_dataset/twitter15/tree/692031224227958789.txt,reports of an active gunman at san diego navy medical centre URL
twitter15__692031514943582208,twitter15,692031514943582208,non-rumor,True,118,True,True,5402612,692031514943582208,True,0.0,0.00,515,533,515,0.00,352238.22,0.00,352238.22,352238.22,False,0,0,0,23,data_raw/Twitter15_16_dataset/twitter15/tree/692031514943582208.txt,briton who filmed himself abusing girls as young as eight in the philippines sentenced in uk to more than 19 years URL
twitter15__692046121250586624,twitter15,692046121250586624,non-rumor,True,94,True,True,14647570,692046121250586624,True,0.0,0.00,378,382,378,0.00,97605.32,0.00,97605.32,97605.32,False,0,0,0,7,data_raw/Twitter15_16_dataset/twitter15/tree/692046121250586624.txt,wind and solar could power most of the u.s. by 2030 without raising electricity prices URL URL
twitter15__692047663211085825,twitter15,692047663211085825,non-rumor,True,62,True,True,3646911,692047663211085825,True,0.0,0.00,742,750,742,0.00,36418.67,0.00,36418.67,36418.67,False,0,0,0,7,data_raw/Twitter15_16_dataset/twitter15/tree/692047663211085825.txt,have you seen our exclusive @batmanvsuperman pics yet? URL URL
twitter15__692056985513123840,twitter15,692056985513123840,non-rumor,True,113,True,True,428333,692056985513123840,True,0.0,0.00,344,343,344,0.00,5902.38,0.00,5902.38,5902.38,False,0,0,0,3,data_raw/Twitter15_16_dataset/twitter15/tree/692056985513123840.txt,"no evidence found of gunfire at naval medical center san diego, but building search continues, military says. URL"
twitter15__692063305297453060,twitter15,692063305297453060,non-rumor,True,68,True,True,14075928,692063305297453060,True,0.0,0.00,405,405,405,0.00,99682.32,0.00,99682.32,99682.32,False,0,0,0,1,data_raw/Twitter15_16_dataset/twitter15/tree/692063305297453060.txt,teacher picks wrong student to believe in every fucking year URL URL
twitter15__692082337333534720,twitter15,692082337333534720,non-rumor,True,93,True,True,30313925,692082337333534720,True,0.0,0.00,277,276,277,0.00,101021.83,0.00,101021.83,101021.83,False,0,0,0,6,data_raw/Twitter15_16_dataset/twitter15/tree/692082337333534720.txt,.@potus's reforms to solitary confinement will expand treatment for the mentally ill: URL URL
twitter15__692098463262216192,twitter15,692098463262216192,non-rumor,True,28,True,True,2367911,692098463262216192,True,0.0,0.00,1819,1820,1819,0.00,315322.50,0.00,315322.50,315322.50,False,0,0,0,7,data_raw/Twitter15_16_dataset/twitter15/tree/692098463262216192.txt,✨ happy #gossipgirlday ✨ URL
twitter15__692099058811453440,twitter15,692099058811453440,non-rumor,True,73,True,True,5402612,692099058811453440,True,0.0,0.00,686,704,686,0.00,240137.63,0.00,240137.63,240137.63,False,0,0,3,42,data_raw/Twitter15_16_dataset/twitter15/tree/692099058811453440.txt,apple reports slowest iphone sales growth since product's 2007 launch URL
twitter15__692105324111761408,twitter15,692105324111761408,non-rumor,True,91,True,True,428333,692105324111761408,True,0.0,0.00,915,919,915,0.00,4151.78,0.00,4151.78,4151.78,False,0,0,0,13,data_raw/Twitter15_16_dataset/twitter15/tree/692105324111761408.txt,"actor abe vigoda, known for roles in 'the godfather' and 'barney miller,' has died. URL URL"
twitter15__692113799546048513,twitter15,692113799546048513,non-rumor,True,98,True,True,2367911,692113799546048513,True,0.0,0.00,1410,1416,1410,0.00,40479.20,0.00,40479.20,40479.20,False,0,0,0,21,data_raw/Twitter15_16_dataset/twitter15/tree/692113799546048513.txt,hey. can we take a minute (or all the minutes) to talk about @niallofficial + his glasses? URL URL
twitter15__692113839387709444,twitter15,692113839387709444,non-rumor,True,48,True,True,14075928,692113839387709444,True,0.0,0.00,386,385,386,0.00,175474.77,0.00,175474.77,175474.77,False,0,0,0,4,data_raw/Twitter15_16_dataset/twitter15/tree/692113839387709444.txt,sad man tears 2 bananas off larger bunch URL URL
twitter15__692127290998784001,twitter15,692127290998784001,non-rumor,True,66,True,True,14075928,692127290998784001,True,0.0,0.00,397,396,397,0.00,142682.07,0.00,142682.07,142682.07,False,0,0,0,2,data_raw/Twitter15_16_dataset/twitter15/tree/692127290998784001.txt,disney world opens new ordeal kingdom for family meltdowns URL URL
twitter15__692134022839955456,twitter15,692134022839955456,non-rumor,True,75,True,True,14075928,692134022839955456,True,0.0,0.00,522,521,522,0.00,216246.93,0.00,216246.93,216246.93,False,0,0,0,1,data_raw/Twitter15_16_dataset/twitter15/tree/692134022839955456.txt,man at salad bar has to say every item aloud as he adds it to salad URL URL
twitter15__692134721195786240,twitter15,692134721195786240,non-rumor,True,110,True,True,2367911,692134721195786240,True,0.0,0.00,302,303,302,0.00,259354.57,0.00,259354.57,259354.57,False,0,0,0,5,data_raw/Twitter15_16_dataset/twitter15/tree/692134721195786240.txt,the always hilarious @shelleyhennig has taken over the @mtvteenwolf vine and it's as amazing as it sounds. URL
twitter15__692142338890661888,twitter15,692142338890661888,non-rumor,True,116,True,True,6017542,692142338890661888,True,0.0,0.00,489,496,489,0.00,2949.03,0.00,2949.03,2949.03,False,0,0,1,14,data_raw/Twitter15_16_dataset/twitter15/tree/692142338890661888.txt,"ex-new york giants safety tyler sash, who died at 27, found to have degenerative brain disease c.t.e. - ny times URL"
twitter15__692190570140340229,twitter15,692190570140340229,non-rumor,True,113,True,True,5402612,692190570140340229,True,0.0,0.00,250,249,250,0.00,41291.87,0.00,41291.87,41291.87,False,0,0,1,2,data_raw/Twitter15_16_dataset/twitter15/tree/692190570140340229.txt,britain's johanna konta clinches australian open semi-final place by beating zhang shuai 6-4 6-1 in melbourne URL
twitter15__692217618778972161,twitter15,692217618778972161,non-rumor,True,102,True,True,428333,692217618778972161,True,0.0,0.00,415,417,415,0.00,2206.58,0.00,2206.58,2206.58,False,0,0,6,5,data_raw/Twitter15_16_dataset/twitter15/tree/692217618778972161.txt,"2 people killed & 3 hurt at seattle area homeless encampment, police say. the shooter is at large. URL"
twitter15__692267960686284800,twitter15,692267960686284800,non-rumor,True,117,True,True,5402612,692267960686284800,True,0.0,0.00,605,624,605,0.00,254959.37,0.00,254959.37,254959.37,False,0,0,5,45,data_raw/Twitter15_16_dataset/twitter15/tree/692267960686284800.txt,french justice minister quits in apparent protest at plan to strip citizenship from people convicted of terrorism URL
twitter15__692287441168900097,twitter15,692287441168900097,non-rumor,True,111,True,True,5402612,692287441168900097,True,0.0,0.00,912,929,912,0.00,172772.97,0.00,172772.97,172772.97,False,0,0,1,30,data_raw/Twitter15_16_dataset/twitter15/tree/692287441168900097.txt,appeal court judges rule so-called bedroom tax is discriminatory in two cases brought against uk government URL
twitter15__692290126282649601,twitter15,692290126282649601,non-rumor,True,140,False,True,87416722,692290126282649601,True,0.0,0.00,394,407,394,0.00,11007.72,0.00,11007.72,11007.72,False,0,0,1,45,data_raw/Twitter15_16_dataset/twitter15/tree/692290126282649601.txt,the government's spare room subsidy or #bedroomtax has been declared discriminatory by court of appeal judges following two legal challenges
twitter15__692332739824095234,twitter15,692332739824095234,non-rumor,True,118,True,True,5402612,692332739824095234,True,0.0,0.00,415,425,415,0.00,40726.45,0.00,40726.45,40726.45,False,0,0,0,41,data_raw/Twitter15_16_dataset/twitter15/tree/692332739824095234.txt,"greece has ""seriously neglected"" obligations to control external borders, european commission says in draft report URL"
twitter15__692336523090509824,twitter15,692336523090509824,non-rumor,True,89,True,True,428333,692336523090509824,True,0.0,0.00,273,273,273,0.00,36057.77,0.00,36057.77,36057.77,False,0,0,0,2,data_raw/Twitter15_16_dataset/twitter15/tree/692336523090509824.txt,ai weiwei closes his copenhagen exhibit in protest of denmark's new asylum seeker law URL
twitter15__692357775859564544,twitter15,692357775859564544,non-rumor,True,60,True,True,14075928,692357775859564544,True,0.0,0.00,266,266,266,0.00,16461.42,0.00,16461.42,16461.42,False,0,0,0,2,data_raw/Twitter15_16_dataset/twitter15/tree/692357775859564544.txt,neurotic woman turns to neurotic friends for support URL URL
twitter15__692364468442021889,twitter15,692364468442021889,non-rumor,True,111,True,True,2367911,692364468442021889,True,0.0,0.00,372,371,372,0.00,11642.60,0.00,11642.60,11642.60,False,0,0,0,3,data_raw/Twitter15_16_dataset/twitter15/tree/692364468442021889.txt,.@camilacabello97 played around with @justinbieber's #loveyourself and the outcome is absolutely beautiful. URL
twitter15__692374052082708480,twitter15,692374052082708480,non-rumor,True,18,True,True,14075928,692374052082708480,True,0.0,0.00,2859,2865,2859,0.00,208796.35,0.00,208796.35,208796.35,False,0,0,2,11,data_raw/Twitter15_16_dataset/twitter15/tree/692374052082708480.txt,report: spider URL
twitter15__692376812022792196,twitter15,692376812022792196,non-rumor,True,36,True,True,7744592,692376812022792196,True,0.0,0.00,233,232,233,0.00,1924.20,0.00,1924.20,1924.20,False,0,0,0,6,data_raw/Twitter15_16_dataset/twitter15/tree/692376812022792196.txt,happy #nationalchocolatecakeday! URL
twitter15__692382471061663744,twitter15,692382471061663744,non-rumor,True,99,True,True,16664681,692382471061663744,True,0.0,0.00,527,527,527,0.00,4032.23,0.00,4032.23,4032.23,False,0,0,1,0,data_raw/Twitter15_16_dataset/twitter15/tree/692382471061663744.txt,"today marks 71 yrs since the liberation of auschwitz, “city of death” URL #holocaustmemorialday URL"
twitter15__692391757775028228,twitter15,692391757775028228,non-rumor,True,86,True,True,2367911,692391757775028228,True,0.0,0.00,311,310,311,0.00,13022.52,0.00,13022.52,13022.52,False,0,0,0,0,data_raw/Twitter15_16_dataset/twitter15/tree/692391757775028228.txt,.@justinbieber and @kendalljenner strip down for their new @calvinklein ads: URL 😍 URL
twitter15__692405195796529152,twitter15,692405195796529152,non-rumor,True,107,True,True,5402612,692405195796529152,True,0.0,0.00,424,425,424,0.00,3823.63,0.00,3823.63,3823.63,False,0,0,0,6,data_raw/Twitter15_16_dataset/twitter15/tree/692405195796529152.txt,"convicted killer levi bellfield finally admits to murder of schoolgirl milly dowler in 2002, police say URL"
twitter15__692423131726749697,twitter15,692423131726749697,non-rumor,True,99,True,True,16664681,692423131726749697,True,0.0,0.00,384,384,384,0.00,10221.87,0.00,10221.87,10221.87,False,0,0,0,5,data_raw/Twitter15_16_dataset/twitter15/tree/692423131726749697.txt,"today marks 71 yrs since the liberation of auschwitz, “city of death” URL #holocaustmemorialday URL"
twitter15__692440373449396224,twitter15,692440373449396224,non-rumor,True,92,True,True,428333,692440373449396224,True,0.0,0.00,286,285,286,0.00,6940.75,0.00,6940.75,6940.75,False,0,0,5,6,data_raw/Twitter15_16_dataset/twitter15/tree/692440373449396224.txt,"federal reserve declines to raise key interest rate, citing slowing economic growth. URL URL"
twitter15__692451275930234880,twitter15,692451275930234880,non-rumor,True,88,True,True,30313925,692451275930234880,True,0.0,0.00,562,563,562,0.00,20625.70,0.00,20625.70,20625.70,False,0,0,3,17,data_raw/Twitter15_16_dataset/twitter15/tree/692451275930234880.txt,it's time to make two years of community college free for responsible students → URL URL
twitter15__692453106622275585,twitter15,692453106622275585,non-rumor,True,57,True,True,2367911,692453106622275585,True,0.0,0.00,270,269,270,0.00,16666.17,0.00,16666.17,16666.17,False,0,0,0,2,data_raw/Twitter15_16_dataset/twitter15/tree/692453106622275585.txt,chat about @mtvteenwolf with @mandaaabearr + @kaitiii URL
twitter15__692463948076093440,twitter15,692463948076093440,non-rumor,True,45,True,True,2367911,692463948076093440,True,0.0,0.00,415,414,415,0.00,19652.50,0.00,19652.50,19652.50,False,0,0,0,1,data_raw/Twitter15_16_dataset/twitter15/tree/692463948076093440.txt,some #wednesdaywisdom from #thelionking 🌟 URL
twitter15__692472216135569409,twitter15,692472216135569409,non-rumor,True,87,True,True,428333,692472216135569409,True,0.0,0.00,310,310,310,0.00,18177.58,0.00,18177.58,18177.58,False,0,0,0,8,data_raw/Twitter15_16_dataset/twitter15/tree/692472216135569409.txt,"michigan gov. @onetoughnerd: #flintwatercrisis may affect ""many more"" children. URL URL"
twitter15__692491478619262976,twitter15,692491478619262976,non-rumor,True,132,False,True,87416722,692491478619262976,True,0.0,0.00,326,341,326,0.00,6652.27,0.00,6652.27,6652.27,False,0,0,1,13,data_raw/Twitter15_16_dataset/twitter15/tree/692491478619262976.txt,"#sweden's interior minister says the country intends to expel up to 80,000 migrants whose applications for asylum have been rejected"
twitter15__692497796956561408,twitter15,692497796956561408,non-rumor,True,110,True,True,5402612,692497796956561408,True,0.0,0.00,384,390,384,0.00,187636.55,0.00,187636.55,187636.55,False,0,0,0,12,data_raw/Twitter15_16_dataset/twitter15/tree/692497796956561408.txt,uk to accept some child refugees from syria and other conflict zones but not those who have fled to europe URL
twitter15__692506143147606016,twitter15,692506143147606016,non-rumor,True,92,True,True,15754281,692506143147606016,True,0.0,0.00,260,260,260,0.00,13206.22,0.00,13206.22,13206.22,False,0,0,1,3,data_raw/Twitter15_16_dataset/twitter15/tree/692506143147606016.txt,"it's a boy! meet mac, the budweiser family's new baby clydesdale. #budweiser #clydesdale URL"
twitter15__692510002586714113,twitter15,692510002586714113,non-rumor,True,113,True,True,30313925,692510002586714113,True,0.0,0.00,424,431,424,0.00,10207.17,0.00,10207.17,10207.17,False,0,0,3,22,data_raw/Twitter15_16_dataset/twitter15/tree/692510002586714113.txt,"""when any jew anywhere is targeted, just for being jewish, we must respond, together"" —@potus at @israelinusa URL"
twitter15__692528931459694592,twitter15,692528931459694592,non-rumor,True,58,True,True,428333,692528931459694592,True,0.0,0.00,648,648,648,0.00,5878.33,0.00,5878.33,5878.33,False,0,0,1,12,data_raw/Twitter15_16_dataset/twitter15/tree/692528931459694592.txt,north korea may be preparing for a missile launch. URL URL
twitter15__692537942439501824,twitter15,692537942439501824,non-rumor,True,91,True,True,428333,692537942439501824,True,0.0,0.00,965,967,965,0.00,130624.48,0.00,130624.48,130624.48,False,0,0,2,25,data_raw/Twitter15_16_dataset/twitter15/tree/692537942439501824.txt,astronomers say they have confirmed the existence of the galaxy's largest solar system. URL
twitter15__692566765822435328,twitter15,692566765822435328,non-rumor,True,116,True,True,2557521,692566765822435328,True,0.0,0.00,1456,1458,1456,0.00,345945.20,0.00,345945.20,345945.20,False,0,0,1,9,data_raw/Twitter15_16_dataset/twitter15/tree/692566765822435328.txt,whether on the sideline or at a retirement community in nc ... just gotta dab on 'em. (via piedmont crossing/fb) URL
twitter15__692581635594694658,twitter15,692581635594694658,non-rumor,True,96,True,True,2557521,692581635594694658,True,0.0,0.00,735,734,735,0.00,12900.57,0.00,12900.57,12900.57,False,0,0,0,2,data_raw/Twitter15_16_dataset/twitter15/tree/692581635594694658.txt,icymi: mammoth bones from the ice age were unearthed at oregon state's football stadium. URL URL
twitter15__692688891174739968,twitter15,692688891174739968,non-rumor,True,91,True,True,7744592,692688891174739968,True,0.0,0.00,271,271,271,0.00,117297.68,0.00,117297.68,117297.68,False,0,0,0,0,data_raw/Twitter15_16_dataset/twitter15/tree/692688891174739968.txt,"say ""aloha"" to the happiest, healthiest u.s. states! 1. hawaii 2. alaska 3. montana URL URL"
twitter15__692692529779707904,twitter15,692692529779707904,non-rumor,True,84,True,True,5402612,692692529779707904,True,0.0,0.00,589,590,589,0.00,97181.87,0.00,97181.87,97181.87,False,0,0,1,18,data_raw/Twitter15_16_dataset/twitter15/tree/692692529779707904.txt,"the @who sets up zika ""emergency team"" after ""explosive"" spread of the virus URL URL"
twitter15__692707593991643136,twitter15,692707593991643136,non-rumor,True,88,False,True,1652541,692707593991643136,True,0.0,0.00,347,347,347,0.00,5695.00,0.00,5695.00,5695.00,False,0,0,0,3,data_raw/Twitter15_16_dataset/twitter15/tree/692707593991643136.txt,breaking news: u.s. detects activity in north korea suggesting plans toward space launch
twitter15__692709993573789701,twitter15,692709993573789701,non-rumor,True,76,True,True,2557521,692709993573789701,True,0.0,0.00,286,286,286,0.00,3877.70,0.00,3877.70,3877.70,False,0,0,0,3,data_raw/Twitter15_16_dataset/twitter15/tree/692709993573789701.txt,icymi: tom brady penned a heartfelt thank-you note to patriots fans. URL URL
twitter15__692727606718824448,twitter15,692727606718824448,non-rumor,True,110,True,True,2557521,692727606718824448,True,0.0,0.00,553,562,553,0.00,31923.32,0.00,31923.32,31923.32,False,0,0,1,24,data_raw/Twitter15_16_dataset/twitter15/tree/692727606718824448.txt,"""this ball feels a little flat to me!"" icymi: von miller joked about the patriots football he intercepted: URL"
twitter15__692734579141185536,twitter15,692734579141185536,non-rumor,True,60,True,True,2890961,692734579141185536,True,0.0,0.00,285,287,285,0.00,53862.02,0.00,53862.02,53862.02,False,0,0,1,0,data_raw/Twitter15_16_dataset/twitter15/tree/692734579141185536.txt,"oracle is finally killing, java. rest in hell, java. URL URL"
twitter15__692735354240114688,twitter15,692735354240114688,non-rumor,True,98,True,True,14780915,692735354240114688,True,0.0,0.00,301,302,301,0.00,3576.38,0.00,3576.38,3576.38,False,0,0,0,1,data_raw/Twitter15_16_dataset/twitter15/tree/692735354240114688.txt,"why the year's most anticipated pop lp, rihanna's 'anti,' is an inward-searching curveball URL URL"
twitter15__692736398462300162,twitter15,692736398462300162,non-rumor,True,87,True,True,2557521,692736398462300162,True,0.0,0.00,1049,1049,1049,0.00,79184.57,0.00,79184.57,79184.57,False,0,0,0,3,data_raw/Twitter15_16_dataset/twitter15/tree/692736398462300162.txt,"house for sale. asking price? super bowl 50 tickets. well-played, steelers fan. URL URL"
twitter15__692742353736568833,twitter15,692742353736568833,non-rumor,True,96,True,True,5402612,692742353736568833,True,0.0,0.00,2149,2223,2149,0.00,323203.55,0.00,323203.55,323203.55,False,0,0,14,175,data_raw/Twitter15_16_dataset/twitter15/tree/692742353736568833.txt,"man arrested with two firearms at entrance to hotel at disneyland paris, french media report URL"
twitter15__692745208421679104,twitter15,692745208421679104,non-rumor,True,118,True,True,2557521,692745208421679104,True,0.0,0.00,326,325,326,0.00,8833.35,0.00,8833.35,8833.35,False,0,0,0,0,data_raw/Twitter15_16_dataset/twitter15/tree/692745208421679104.txt,"surprise surprise, @shaq. on @jimmykimmellive, the lakers icon learned he'd be honored w/ a staples center statue. URL"
twitter15__692745861978263552,twitter15,692745861978263552,non-rumor,True,32,True,True,2367911,692745861978263552,True,0.0,0.00,428,431,428,0.00,4098.82,0.00,4098.82,4098.82,False,0,0,0,9,data_raw/Twitter15_16_dataset/twitter15/tree/692745861978263552.txt,one more day until friday... URL
twitter15__692746621218656258,twitter15,692746621218656258,non-rumor,True,140,False,True,87416722,692746621218656258,True,0.0,0.00,660,663,660,0.00,2632.93,0.00,2632.93,2632.93,False,0,0,2,12,data_raw/Twitter15_16_dataset/twitter15/tree/692746621218656258.txt,update - french media: 28-year-old man carrying two guns arrested at #eurodisney near #paris was carrying box of bullets & copy of the koran
twitter15__692747901815119872,twitter15,692747901815119872,non-rumor,True,116,True,True,6017542,692747901815119872,True,0.0,0.00,379,386,379,0.00,10549.45,0.00,10549.45,10549.45,False,0,0,0,4,data_raw/Twitter15_16_dataset/twitter15/tree/692747901815119872.txt,"cdc: 31 cases of zika virus in 11 us states; all patients had traveled, 19 were to puerto rico - @blythebernhard URL"
twitter15__692748204064927745,twitter15,692748204064927745,non-rumor,True,92,True,True,14780915,692748204064927745,True,0.0,0.00,474,482,474,0.00,7198.77,0.00,7198.77,7198.77,False,0,0,0,7,data_raw/Twitter15_16_dataset/twitter15/tree/692748204064927745.txt,"watch donald trump tell megyn kelly, back in 2012, that skipping debates is cowardly URL URL"
twitter15__692759090469212160,twitter15,692759090469212160,non-rumor,True,49,True,True,14075928,692759090469212160,True,0.0,0.00,524,524,524,0.00,53262.72,0.00,53262.72,53262.72,False,0,0,0,3,data_raw/Twitter15_16_dataset/twitter15/tree/692759090469212160.txt,half a sleeve of oreos lost in house fire URL URL
twitter15__692764799315398656,twitter15,692764799315398656,non-rumor,True,104,True,True,428333,692764799315398656,True,0.0,0.00,374,374,374,0.00,4869.92,0.00,4869.92,4869.92,False,0,0,0,5,data_raw/Twitter15_16_dataset/twitter15/tree/692764799315398656.txt,french police arrest woman who was with man carrying weapons & ammunition at disneyland paris hotel. URL
twitter15__692765809425408000,twitter15,692765809425408000,non-rumor,True,76,True,True,1344951,692765809425408000,True,0.0,0.00,304,304,304,0.00,35081.83,0.00,35081.83,35081.83,False,0,0,0,3,data_raw/Twitter15_16_dataset/twitter15/tree/692765809425408000.txt,gerrymandering is even more infuriating when you can actually see it URL URL
twitter15__692780496590254081,twitter15,692780496590254081,non-rumor,True,98,True,True,2557521,692780496590254081,True,0.0,0.00,1381,1385,1381,0.00,92655.88,0.00,92655.88,92655.88,False,0,0,1,7,data_raw/Twitter15_16_dataset/twitter15/tree/692780496590254081.txt,an undefeated high school wrestler lost on purpose against an opponent with down syndrome: URL URL
twitter15__692792765852286977,twitter15,692792765852286977,non-rumor,True,54,True,True,14075928,692792765852286977,True,0.0,0.00,571,570,571,0.00,180501.32,0.00,180501.32,180501.32,False,0,0,0,1,data_raw/Twitter15_16_dataset/twitter15/tree/692792765852286977.txt,dorm room decorated with empty bottles of adderall URL
twitter15__692800345274241025,twitter15,692800345274241025,non-rumor,True,94,True,True,2367911,692800345274241025,True,0.0,0.00,357,356,357,0.00,3379.68,0.00,3379.68,3379.68,False,0,0,0,4,data_raw/Twitter15_16_dataset/twitter15/tree/692800345274241025.txt,13 truth bombs @zaynmalik dropped in his first solo broadcast interview: URL #zaynonbeats1 URL
twitter15__692812029611089920,twitter15,692812029611089920,non-rumor,True,51,True,True,15754281,692812029611089920,True,0.0,0.00,2990,3007,2990,0.00,257300.30,0.00,257300.30,257300.30,False,0,0,1,20,data_raw/Twitter15_16_dataset/twitter15/tree/692812029611089920.txt,justin bieber must be loving himself right now. URL
twitter15__692816955837804544,twitter15,692816955837804544,non-rumor,True,117,True,True,3646911,692816955837804544,True,0.0,0.00,341,342,341,0.00,43236.25,0.00,43236.25,43236.25,False,0,0,0,5,data_raw/Twitter15_16_dataset/twitter15/tree/692816955837804544.txt,"this doesn't help our score, @ianmckellen! are you team #batman or team #superman? let us know with '#empirebvs'. URL"
twitter15__692818857187213313,twitter15,692818857187213313,non-rumor,True,72,True,True,742143,692818857187213313,True,0.0,0.00,839,843,839,0.00,32857.90,0.00,32857.90,32857.90,False,0,0,0,13,data_raw/Twitter15_16_dataset/twitter15/tree/692818857187213313.txt,lego reveals new young disabled figure after #toylikeme campaign URL URL
twitter15__692838349036326912,twitter15,692838349036326912,non-rumor,True,70,True,True,2367911,692838349036326912,True,0.0,0.00,331,330,331,0.00,21217.38,0.00,21217.38,21217.38,False,0,0,0,3,data_raw/Twitter15_16_dataset/twitter15/tree/692838349036326912.txt,"when you spend the whole day thinking it's friday, but it's not... URL"
twitter15__692840850141753347,twitter15,692840850141753347,non-rumor,True,98,True,True,3646911,692840850141753347,True,0.0,0.00,267,277,267,0.00,146574.95,0.00,146574.95,146574.95,False,0,0,0,8,data_raw/Twitter15_16_dataset/twitter15/tree/692840850141753347.txt,james mcavoy makes that another vote for #batman. do you agree? let us know with '#empirebvs'. URL
twitter15__692842124841123842,twitter15,692842124841123842,non-rumor,True,50,True,True,14075928,692842124841123842,True,0.0,0.00,472,471,472,0.00,301251.65,0.00,301251.65,301251.65,False,0,0,0,2,data_raw/Twitter15_16_dataset/twitter15/tree/692842124841123842.txt,nicoderm introduces new nicotine eye patch URL URL
twitter15__692854695262445568,twitter15,692854695262445568,non-rumor,True,118,True,True,3646911,692854695262445568,True,0.0,0.00,384,391,384,0.00,66783.93,0.00,66783.93,66783.93,False,0,0,0,3,data_raw/Twitter15_16_dataset/twitter15/tree/692854695262445568.txt,"erm, will, that's not quite what we asked. let us know where you stand on #batman and #superman with '#empirebvs'. URL"
twitter15__692881863644282880,twitter15,692881863644282880,non-rumor,True,104,True,True,6017542,692881863644282880,True,0.0,0.00,315,314,315,0.00,30355.53,0.00,30355.53,30355.53,False,0,0,0,4,data_raw/Twitter15_16_dataset/twitter15/tree/692881863644282880.txt,"paul kantner, founding member of jefferson airplane, dies at 74, publicist says - san francisco gate URL"
twitter15__692892472729415680,twitter15,692892472729415680,non-rumor,True,30,True,True,2557521,692892472729415680,True,0.0,0.00,488,495,488,0.00,57067.08,0.00,57067.08,57067.08,False,0,0,0,25,data_raw/Twitter15_16_dataset/twitter15/tree/692892472729415680.txt,the las vegas raiders? URL URL
twitter15__692922211338981377,twitter15,692922211338981377,non-rumor,True,115,True,True,5402612,692922211338981377,True,0.0,0.00,1031,1031,1031,0.00,38382.58,0.00,38382.58,38382.58,False,0,0,0,17,data_raw/Twitter15_16_dataset/twitter15/tree/692922211338981377.txt,"the bank of japan introduces negative interest rates to counter the ongoing economic slump, in a surprise move. URL"
twitter15__692924229017309184,twitter15,692924229017309184,non-rumor,True,62,True,True,15164565,692924229017309184,True,0.0,0.00,353,358,353,0.00,19848.20,0.00,19848.20,19848.20,False,0,0,2,3,data_raw/Twitter15_16_dataset/twitter15/tree/692924229017309184.txt,the real takeaway from the #gopdebate? this ted cruz snub. URL
twitter15__692925163994796033,twitter15,692925163994796033,non-rumor,True,9,True,True,16664681,692925163994796033,True,0.0,0.00,453,452,453,0.00,329779.48,0.00,329779.48,329779.48,False,0,0,0,1,data_raw/Twitter15_16_dataset/twitter15/tree/692925163994796033.txt,home. URL
twitter15__692927739066740741,twitter15,692927739066740741,non-rumor,True,70,True,True,14075928,692927739066740741,True,0.0,0.00,355,355,355,0.00,6804.77,0.00,6804.77,6804.77,False,0,0,0,2,data_raw/Twitter15_16_dataset/twitter15/tree/692927739066740741.txt,study: 90% of workplace injuries caused by bare-knuckle boxing URL URL
twitter15__692932696645865472,twitter15,692932696645865472,non-rumor,True,119,True,True,2557521,692932696645865472,True,0.0,0.00,437,437,437,0.00,5652.22,0.00,5652.22,5652.22,False,0,0,1,0,data_raw/Twitter15_16_dataset/twitter15/tree/692932696645865472.txt,"""i almost started crying ... but i didn't want them to make me the crying face instead of jordan."" --draymond green URL"
twitter15__692946556396244992,twitter15,692946556396244992,non-rumor,True,105,True,True,2557521,692946556396244992,True,0.0,0.00,380,381,380,0.00,10752.63,0.00,10752.63,10752.63,False,0,0,0,5,data_raw/Twitter15_16_dataset/twitter15/tree/692946556396244992.txt,this young warriors fan wants riley curry to be his valentine. what does pops have to say about that? URL
twitter15__693032076543655936,twitter15,693032076543655936,non-rumor,True,83,True,True,742143,693032076543655936,True,0.0,0.00,417,417,417,0.00,209608.35,0.00,209608.35,209608.35,False,0,0,8,3,data_raw/Twitter15_16_dataset/twitter15/tree/693032076543655936.txt,#zika virus: everything you need to know about the mosquito that spreads it URL URL
twitter15__693056396250652672,twitter15,693056396250652672,non-rumor,True,46,True,True,14075928,693056396250652672,True,0.0,0.00,282,281,282,0.00,37897.32,0.00,37897.32,37897.32,False,0,0,0,1,data_raw/Twitter15_16_dataset/twitter15/tree/693056396250652672.txt,dog finds absolutely perfect place to shit URL
twitter15__693068611951300608,twitter15,693068611951300608,non-rumor,True,21,True,True,2557521,693068611951300608,True,0.0,0.00,398,397,398,0.00,335664.70,0.00,335664.70,335664.70,False,0,0,0,0,data_raw/Twitter15_16_dataset/twitter15/tree/693068611951300608.txt,"ooooh my, d-rose. URL"
twitter15__693071700200722433,twitter15,693071700200722433,non-rumor,True,85,True,True,1652541,693071700200722433,True,0.0,0.00,322,325,322,0.00,7742.37,0.00,7742.37,7742.37,False,0,0,0,7,data_raw/Twitter15_16_dataset/twitter15/tree/693071700200722433.txt,forty percent of germans say merkel should resign over refugee policy: poll - URL URL
twitter15__693079616072880128,twitter15,693079616072880128,non-rumor,True,96,True,True,2367911,693079616072880128,True,0.0,0.00,829,829,829,0.00,64972.90,0.00,64972.90,64972.90,False,0,0,0,1,data_raw/Twitter15_16_dataset/twitter15/tree/693079616072880128.txt,"i'm sorry, but i can't do anything today because i'll be watching #pillowtalk on repeat: URL URL"
twitter15__693082547664883712,twitter15,693082547664883712,non-rumor,True,77,True,True,14075928,693082547664883712,True,0.0,0.00,620,621,620,0.00,29022.72,0.00,29022.72,29022.72,False,0,0,0,3,data_raw/Twitter15_16_dataset/twitter15/tree/693082547664883712.txt,person one season ahead in tv show doling out counsel like wise elder URL URL
twitter15__693083689098477568,twitter15,693083689098477568,non-rumor,True,94,True,True,2557521,693083689098477568,True,0.0,0.00,290,291,290,0.00,856.33,0.00,856.33,856.33,False,0,0,0,1,data_raw/Twitter15_16_dataset/twitter15/tree/693083689098477568.txt,cam newton and steph curry have more in common than just north carolina. here's proof: URL URL
twitter15__693087256727388161,twitter15,693087256727388161,non-rumor,True,102,True,True,5402612,693087256727388161,True,0.0,0.00,497,499,497,0.00,37726.28,0.00,37726.28,37726.28,False,0,0,0,3,data_raw/Twitter15_16_dataset/twitter15/tree/693087256727388161.txt,maoist cult leader aravindan balakrishnan jailed for 23 years for string of sex assaults in london URL
twitter15__693091255685787648,twitter15,693091255685787648,non-rumor,True,97,True,True,2557521,693091255685787648,True,0.0,0.00,772,781,772,0.00,35336.67,0.00,35336.67,35336.67,False,0,0,0,7,data_raw/Twitter15_16_dataset/twitter15/tree/693091255685787648.txt,joseph pena is 17. joseph pena is in high school. joseph pena can squat 875(!) pounds. watch: URL
twitter15__693098795022725120,twitter15,693098795022725120,non-rumor,True,30,True,True,2557521,693098795022725120,True,0.0,0.00,423,422,423,0.00,8066.12,0.00,8066.12,8066.12,False,0,0,1,5,data_raw/Twitter15_16_dataset/twitter15/tree/693098795022725120.txt,the las vegas raiders? URL URL
twitter15__693102023764492288,twitter15,693102023764492288,non-rumor,True,117,True,True,5402612,693102023764492288,True,0.0,0.00,438,441,438,0.00,37667.50,0.00,37667.50,37667.50,False,0,0,1,13,data_raw/Twitter15_16_dataset/twitter15/tree/693102023764492288.txt,"uk mother tareena shakil, who took son to syria, guilty of joining so-called islamic state and encouraging terror URL"
twitter15__693102420688121856,twitter15,693102420688121856,non-rumor,True,81,True,True,30313925,693102420688121856,True,0.0,0.00,1189,1193,1189,0.00,179053.52,0.00,179053.52,179053.52,False,0,0,0,14,data_raw/Twitter15_16_dataset/twitter15/tree/693102420688121856.txt,rt the good news: we're taking new steps to advance #equalpay for women → URL URL
twitter15__693107789007339521,twitter15,693107789007339521,non-rumor,True,91,True,True,30313925,693107789007339521,True,0.0,0.00,1120,1135,1120,0.00,251041.88,0.00,251041.88,251041.88,False,0,0,6,49,data_raw/Twitter15_16_dataset/twitter15/tree/693107789007339521.txt,our daughters should get paid the same as our sons for doing the same work. period. URL URL
twitter15__693116426824093696,twitter15,693116426824093696,non-rumor,True,92,True,True,14800270,693116426824093696,True,0.0,0.00,432,432,432,0.00,61324.45,0.00,61324.45,61324.45,False,0,0,0,3,data_raw/Twitter15_16_dataset/twitter15/tree/693116426824093696.txt,most companies pay little attention to how employees are feeling. this is a mistake. URL URL
twitter15__693118410444636161,twitter15,693118410444636161,non-rumor,True,58,True,True,759251,693118410444636161,True,0.0,0.00,341,340,341,0.00,13192.50,0.00,13192.50,13192.50,False,0,0,0,1,data_raw/Twitter15_16_dataset/twitter15/tree/693118410444636161.txt,"after 40-year ban, u.s. starts exporting crude oil URL URL"
twitter15__693121477491757056,twitter15,693121477491757056,non-rumor,True,111,True,True,30313925,693121477491757056,True,0.0,0.00,1262,1266,1262,0.00,43589.35,0.00,43589.35,43589.35,False,0,0,2,26,data_raw/Twitter15_16_dataset/twitter15/tree/693121477491757056.txt,"""the typical woman who works full-time still earns 79 cents for every dollar the typical man does."" —@potus URL"
twitter15__693122199536934912,twitter15,693122199536934912,non-rumor,True,98,True,True,1652541,693122199536934912,True,0.0,0.00,355,360,355,0.00,16140.12,0.00,16140.12,16140.12,False,0,0,0,22,data_raw/Twitter15_16_dataset/twitter15/tree/693122199536934912.txt,"forty percent of germans want angela merkel to resign over her refugee policy, poll shows: URL URL"
twitter15__693122701569974273,twitter15,693122701569974273,non-rumor,True,136,False,True,30313925,693122701569974273,True,0.0,0.00,370,380,370,0.00,203874.02,0.00,203874.02,203874.02,False,0,0,1,9,data_raw/Twitter15_16_dataset/twitter15/tree/693122701569974273.txt,"""we’ve still got to make sure women aren’t penalized or held back in the workplace simply for starting a family. "" —@potus #womensucceed"
twitter15__693123067204243456,twitter15,693123067204243456,non-rumor,True,61,True,True,759251,693123067204243456,True,0.0,0.00,423,424,423,0.00,275792.27,0.00,275792.27,275792.27,False,0,0,2,7,data_raw/Twitter15_16_dataset/twitter15/tree/693123067204243456.txt,.@potus announces new rule aimed to advance #equalpay URL URL
twitter15__693125234317086720,twitter15,693125234317086720,non-rumor,True,96,True,True,2367911,693125234317086720,True,0.0,0.00,1299,1299,1299,0.00,17878.97,0.00,17878.97,17878.97,False,0,0,0,10,data_raw/Twitter15_16_dataset/twitter15/tree/693125234317086720.txt,the on air broadcast premiere of @zaynmalik's #pillowtalk is on mtv at 8:15p. be there 🔥 URL URL
twitter15__693126696132804608,twitter15,693126696132804608,non-rumor,True,94,True,True,30313925,693126696132804608,True,0.0,0.00,838,839,838,0.00,116325.22,0.00,116325.22,116325.22,False,0,0,1,16,data_raw/Twitter15_16_dataset/twitter15/tree/693126696132804608.txt,.@potus just announced new actions to advance #equalpay. here's what you need to know: URL URL
twitter15__693131575261659137,twitter15,693131575261659137,non-rumor,True,120,True,True,2557521,693131575261659137,True,0.0,0.00,536,535,536,0.00,7214.88,0.00,7214.88,7214.88,False,0,0,4,6,data_raw/Twitter15_16_dataset/twitter15/tree/693131575261659137.txt,"""let's not make the next two weeks about a 'black qb.' let's just talk about the greatness of this guy."" -c. barkley URL"
twitter15__693136527816331264,twitter15,693136527816331264,non-rumor,True,88,True,True,759251,693136527816331264,True,0.0,0.00,323,323,323,0.00,6269.83,0.00,6269.83,6269.83,False,0,0,0,4,data_raw/Twitter15_16_dataset/twitter15/tree/693136527816331264.txt,a tiny alpine town in northern italy just welcomed its first baby in 28 years 🍼👶 URL URL
twitter15__693139276708585472,twitter15,693139276708585472,non-rumor,True,91,True,True,14075928,693139276708585472,True,0.0,0.00,2715,2724,2715,0.00,71987.25,0.00,71987.25,71987.25,False,0,0,1,23,data_raw/Twitter15_16_dataset/twitter15/tree/693139276708585472.txt,retreating clinton campaign torches iowa town to slow advance of sanders volunteers URL URL
twitter15__693140568143220736,twitter15,693140568143220736,non-rumor,True,93,True,True,14780915,693140568143220736,True,0.0,0.00,392,391,392,0.00,112707.23,0.00,112707.23,112707.23,False,0,0,0,3,data_raw/Twitter15_16_dataset/twitter15/tree/693140568143220736.txt,jack white and avett brothers premiered a six-part music doc at #sundance. our report URL URL
twitter15__693160939802214400,twitter15,693160939802214400,non-rumor,True,83,True,True,759251,693160939802214400,True,0.0,0.00,703,702,703,0.00,9353.30,0.00,9353.30,9353.30,False,0,0,0,5,data_raw/Twitter15_16_dataset/twitter15/tree/693160939802214400.txt,"first on cnn: @tommychong wants @berniesanders for next ""commander in kush"" URL URL"
twitter15__693162950358622208,twitter15,693162950358622208,non-rumor,True,100,True,True,2367911,693162950358622208,True,0.0,0.00,640,639,640,0.00,16040.12,0.00,16040.12,16040.12,False,0,0,0,7,data_raw/Twitter15_16_dataset/twitter15/tree/693162950358622208.txt,one direction fans have a lot of mixed emotions about zayn's #pillowtalk. what do you think? URL URL
twitter15__693185488644149248,twitter15,693185488644149248,non-rumor,True,87,True,True,1652541,693185488644149248,True,0.0,0.00,433,442,433,0.00,98869.70,0.00,98869.70,98869.70,False,0,0,0,17,data_raw/Twitter15_16_dataset/twitter15/tree/693185488644149248.txt,poll shows 40 percent of germans want merkel to resign over her refugee policy: URL URL
twitter15__693198912660885505,twitter15,693198912660885505,non-rumor,True,88,True,True,14075928,693198912660885505,True,0.0,0.00,395,394,395,0.00,109713.37,0.00,109713.37,109713.37,False,0,0,0,2,data_raw/Twitter15_16_dataset/twitter15/tree/693198912660885505.txt,area dad just wants to watch one 7-hour block of television without interruption URL URL
twitter15__693204483501887488,twitter15,693204483501887488,non-rumor,True,88,True,True,20012204,693204483501887488,True,0.0,0.00,227,226,227,0.00,26914.13,0.00,26914.13,26914.13,False,0,0,0,2,data_raw/Twitter15_16_dataset/twitter15/tree/693204483501887488.txt,it's official: #gilmoregirls is coming back! get the details on the netflix revival: URL
twitter15__693204708933160960,twitter15,693204708933160960,non-rumor,True,100,True,True,2557521,693204708933160960,True,0.0,0.00,326,325,326,0.00,14027.32,0.00,14027.32,14027.32,False,0,0,0,0,data_raw/Twitter15_16_dataset/twitter15/tree/693204708933160960.txt,"brandon marshall visits and offers advice, support to brother of fallen hero zaevion dobson: URL URL"
twitter15__693214543615561729,twitter15,693214543615561729,non-rumor,True,94,True,True,759251,693214543615561729,True,0.0,0.00,474,473,474,0.00,30551.63,0.00,30551.63,30551.63,False,0,0,0,8,data_raw/Twitter15_16_dataset/twitter15/tree/693214543615561729.txt,"a #gilmoregirls revival is coming to @netflix, with @thelaurengraham and @alexisbledel URL URL"
twitter15__693216311502073856,twitter15,693216311502073856,non-rumor,True,120,True,True,14800270,693216311502073856,True,0.0,0.00,389,388,389,0.00,29226.28,0.00,29226.28,29226.28,False,0,0,0,1,data_raw/Twitter15_16_dataset/twitter15/tree/693216311502073856.txt,"why digital companies need more liberal arts majors: creativity, empathy, and listening are more important than ever URL"
twitter15__693217698482933760,twitter15,693217698482933760,non-rumor,True,83,True,True,2836421,693217698482933760,True,0.0,0.00,376,390,376,0.00,5201.63,0.00,5201.63,5201.63,False,0,0,1,18,data_raw/Twitter15_16_dataset/twitter15/tree/693217698482933760.txt,".@cornelwest joins @berniesanders for rally in davenport, iowa. watch live: URL URL"
twitter15__693234925252775936,twitter15,693234925252775936,non-rumor,True,52,True,True,759251,693234925252775936,True,0.0,0.00,670,672,670,0.00,16057.88,0.00,16057.88,16057.88,False,0,0,0,12,data_raw/Twitter15_16_dataset/twitter15/tree/693234925252775936.txt,"meet quasimodo, the dog with the short spine URL URL"
twitter15__693236688538243074,twitter15,693236688538243074,non-rumor,True,97,True,True,759251,693236688538243074,True,0.0,0.00,468,468,468,0.00,12946.30,0.00,12946.30,12946.30,False,0,0,0,11,data_raw/Twitter15_16_dataset/twitter15/tree/693236688538243074.txt,"is the truth out there? in nod to @thexfiles, @cia releases hundreds of declassified docs URL URL"
twitter15__693239731031683072,twitter15,693239731031683072,non-rumor,True,74,True,True,2557521,693239731031683072,True,0.0,0.00,726,730,726,0.00,225978.77,0.00,225978.77,225978.77,False,0,0,0,9,data_raw/Twitter15_16_dataset/twitter15/tree/693239731031683072.txt,he's 17 and can squat 875(!) pounds. joseph pena is not of this world. URL
twitter15__693240976970752004,twitter15,693240976970752004,non-rumor,True,80,True,True,2367911,693240976970752004,True,0.0,0.00,1005,1005,1005,0.00,18073.02,0.00,18073.02,18073.02,False,0,0,0,2,data_raw/Twitter15_16_dataset/twitter15/tree/693240976970752004.txt,the broadcast premiere of @zaynmalik's #pillowtalk is on mtv right now 💥 URL URL
twitter15__693272659447119873,twitter15,693272659447119873,non-rumor,True,83,True,True,759251,693272659447119873,True,0.0,0.00,469,476,469,0.00,6245.83,0.00,6245.83,6245.83,False,0,0,0,15,data_raw/Twitter15_16_dataset/twitter15/tree/693272659447119873.txt,"report: breast-feeding increase could save more than 800,000 lives annually URL URL"
twitter15__693284114724700160,twitter15,693284114724700160,non-rumor,True,73,True,True,1652541,693284114724700160,True,0.0,0.00,399,398,399,0.00,7122.93,0.00,7122.93,7122.93,False,0,0,0,6,data_raw/Twitter15_16_dataset/twitter15/tree/693284114724700160.txt,boeing wins contract to build new air force one presidential jets URL URL
twitter15__693344498953383936,twitter15,693344498953383936,non-rumor,True,115,True,True,428333,693344498953383936,True,0.0,0.00,428,434,428,0.00,3495.90,0.00,3495.90,3495.90,False,0,0,0,29,data_raw/Twitter15_16_dataset/twitter15/tree/693344498953383936.txt,"u.s. navy sends ship near contested island in south china sea to challenge claims by china, taiwan and vietnam. URL"
twitter15__693355140284334081,twitter15,693355140284334081,non-rumor,True,66,True,True,759251,693355140284334081,True,0.0,0.00,358,373,358,0.00,3921.10,0.00,3921.10,3921.10,False,0,0,0,6,data_raw/Twitter15_16_dataset/twitter15/tree/693355140284334081.txt,russian fighter came within 15 feet of u.s. air force jet. URL URL
twitter15__693408117225299968,twitter15,693408117225299968,non-rumor,True,96,True,True,742143,693408117225299968,True,0.0,0.00,408,409,408,0.00,7837.87,0.00,7837.87,7837.87,False,0,0,0,7,data_raw/Twitter15_16_dataset/twitter15/tree/693408117225299968.txt,the challenges saudi women face as they vote and stand in elections for the first time 📺 URL URL
twitter15__693411834808946688,twitter15,693411834808946688,non-rumor,True,84,True,True,14511951,693411834808946688,True,0.0,0.00,296,296,296,0.00,25928.02,0.00,25928.02,25928.02,False,0,0,0,3,data_raw/Twitter15_16_dataset/twitter15/tree/693411834808946688.txt,michael jackson told oprah he doesn't want a white actor playing him in 1993 URL URL
twitter15__693443289370882049,twitter15,693443289370882049,non-rumor,True,98,True,True,30313925,693443289370882049,True,0.0,0.00,1166,1177,1166,0.00,160277.32,0.00,160277.32,160277.32,False,0,0,2,33,data_raw/Twitter15_16_dataset/twitter15/tree/693443289370882049.txt,"""we have to make sure all our kids are equipped for the jobs of the future."" —@potus #csforall URL"
twitter15__693452449173086210,twitter15,693452449173086210,non-rumor,True,66,True,True,14075928,693452449173086210,True,0.0,0.00,498,498,498,0.00,9167.77,0.00,9167.77,9167.77,False,0,0,0,3,data_raw/Twitter15_16_dataset/twitter15/tree/693452449173086210.txt,study finds girls outperforming future employers in school URL URL
twitter15__693456340790804480,twitter15,693456340790804480,non-rumor,True,53,True,True,14669951,693456340790804480,True,0.0,0.00,402,405,402,0.00,18130.03,0.00,18130.03,18130.03,False,0,0,1,17,data_raw/Twitter15_16_dataset/twitter15/tree/693456340790804480.txt,fbi 'super pissed off' at white house meddling... URL
twitter15__693456387880402944,twitter15,693456387880402944,non-rumor,True,91,True,True,759251,693456387880402944,True,0.0,0.00,294,293,294,0.00,23465.38,0.00,23465.38,23465.38,False,0,0,0,1,data_raw/Twitter15_16_dataset/twitter15/tree/693456387880402944.txt,"get ready to binge watch - the #gilmoregirls are coming back, this time to @netflix URL URL"
twitter15__693457310824468480,twitter15,693457310824468480,non-rumor,True,115,True,True,30313925,693457310824468480,True,0.0,0.00,434,437,434,0.00,149835.10,0.00,149835.10,149835.10,False,0,0,1,13,data_raw/Twitter15_16_dataset/twitter15/tree/693457310824468480.txt,watch @potus's weekly address on giving every student an opportunity to learn through computer science for all: URL
twitter15__693459931022913536,twitter15,693459931022913536,non-rumor,True,100,True,True,14780915,693459931022913536,True,0.0,0.00,1022,1028,1022,0.00,110638.72,0.00,110638.72,110638.72,False,0,0,2,7,data_raw/Twitter15_16_dataset/twitter15/tree/693459931022913536.txt,the beatles' rooftop concert happened 47 years ago today. here are 15 things you didn't know URL URL
twitter15__693465666259656705,twitter15,693465666259656705,non-rumor,True,76,True,True,5402612,693465666259656705,True,0.0,0.00,688,704,688,0.00,36222.33,0.00,36222.33,36222.33,False,0,0,0,28,data_raw/Twitter15_16_dataset/twitter15/tree/693465666259656705.txt,turkey claims russian plane violated its airspace and summons ambassador URL
twitter15__693476901772513280,twitter15,693476901772513280,non-rumor,True,93,True,True,742143,693476901772513280,True,0.0,0.00,304,305,304,0.00,77894.70,0.00,77894.70,77894.70,False,0,0,0,5,data_raw/Twitter15_16_dataset/twitter15/tree/693476901772513280.txt,"at least 39 migrants, including children, drown as boat sinks between turkey & greece URL URL"
twitter15__693481256735150082,twitter15,693481256735150082,non-rumor,True,89,True,True,742143,693481256735150082,True,0.0,0.00,406,416,406,0.00,11050.13,0.00,11050.13,11050.13,False,0,0,0,21,data_raw/Twitter15_16_dataset/twitter15/tree/693481256735150082.txt,"up to 100 masked men, dressed in black, involved in ""migrant attack"" in stockholm URL URL"
twitter15__693484841011060737,twitter15,693484841011060737,non-rumor,True,119,True,True,1367531,693484841011060737,True,0.0,0.00,495,504,495,0.00,97256.60,0.00,97256.60,97256.60,False,0,0,1,28,data_raw/Twitter15_16_dataset/twitter15/tree/693484841011060737.txt,".@tedcruz: ""bernie is a socialist and he admits it. hillary is a socialist and she pretends she's not."" @teamcavuto URL"
twitter15__693485676881403905,twitter15,693485676881403905,non-rumor,True,91,True,True,759251,693485676881403905,True,0.0,0.00,415,415,415,0.00,37737.75,0.00,37737.75,37737.75,False,0,0,0,3,data_raw/Twitter15_16_dataset/twitter15/tree/693485676881403905.txt,a sloth clings to a pole in ecuador ... and so much more. see the week in 37 photos URL URL
twitter15__693487871806689280,twitter15,693487871806689280,non-rumor,True,98,True,True,2557521,693487871806689280,True,0.0,0.00,592,595,592,0.00,9909.05,0.00,9909.05,9909.05,False,0,0,1,10,data_raw/Twitter15_16_dataset/twitter15/tree/693487871806689280.txt,"doctor of ""concussion"" fame willing to ""bet my medical license"" that o.j. simpson has cte: URL URL"
twitter15__693490132440129536,twitter15,693490132440129536,non-rumor,True,84,True,True,2557521,693490132440129536,True,0.0,0.00,343,344,343,0.00,3314.52,0.00,3314.52,3314.52,False,0,0,1,4,data_raw/Twitter15_16_dataset/twitter15/tree/693490132440129536.txt,"baseball players had ""fight club"" at texas high school, investigation finds: URL URL"
twitter15__693492159635443714,twitter15,693492159635443714,non-rumor,True,89,True,True,14511951,693492159635443714,True,0.0,0.00,316,317,316,0.00,17779.03,0.00,17779.03,17779.03,False,0,0,2,13,data_raw/Twitter15_16_dataset/twitter15/tree/693492159635443714.txt,donald trump admits he says horrible things just to keep people interested in him URL URL
twitter15__693492349142433792,twitter15,693492349142433792,non-rumor,True,46,True,True,759251,693492349142433792,True,0.0,0.00,299,301,299,0.00,2487.75,0.00,2487.75,2487.75,False,0,0,0,2,data_raw/Twitter15_16_dataset/twitter15/tree/693492349142433792.txt,japan's first stealth fighter unveiled URL URL
twitter15__693501482721681408,twitter15,693501482721681408,non-rumor,True,112,True,True,2557521,693501482721681408,True,0.0,0.00,710,709,710,0.00,112104.58,0.00,112104.58,112104.58,False,0,0,0,1,data_raw/Twitter15_16_dataset/twitter15/tree/693501482721681408.txt,"on this date in 1996, magic johnson returned to the nba more than four years after testing positive for hiv. URL"
twitter15__693509689418588160,twitter15,693509689418588160,non-rumor,True,86,True,True,2367911,693509689418588160,True,0.0,0.00,287,288,287,0.00,41338.40,0.00,41338.40,41338.40,False,0,0,0,7,data_raw/Twitter15_16_dataset/twitter15/tree/693509689418588160.txt,what was your favorite moment from this week's #teenwolf? watch + let me know: URL URL
twitter15__693512850539683842,twitter15,693512850539683842,non-rumor,True,75,True,True,14075928,693512850539683842,True,0.0,0.00,522,523,522,0.00,36266.33,0.00,36266.33,36266.33,False,0,0,0,3,data_raw/Twitter15_16_dataset/twitter15/tree/693512850539683842.txt,obama gently guides michelle’s hand as she maneuvers drone joystick URL URL
twitter15__693523133920342016,twitter15,693523133920342016,non-rumor,True,24,True,True,807095,693523133920342016,True,0.0,0.00,483,491,483,0.00,324435.88,0.00,324435.88,324435.88,False,0,0,13,91,data_raw/Twitter15_16_dataset/twitter15/tree/693523133920342016.txt,quote of the day URL URL
twitter15__693524179597955072,twitter15,693524179597955072,non-rumor,True,118,True,True,2557521,693524179597955072,True,0.0,0.00,355,355,355,0.00,4923.67,0.00,4923.67,4923.67,False,0,0,0,1,data_raw/Twitter15_16_dataset/twitter15/tree/693524179597955072.txt,ben simmons could be 1st sec player since shaq to average a 20-10. t-minus 2 hours till he faces no. 1 ou on espn. URL
twitter15__693533469922693120,twitter15,693533469922693120,non-rumor,True,64,True,True,2367911,693533469922693120,True,0.0,0.00,408,409,408,0.00,11246.87,0.00,11246.87,11246.87,False,0,0,1,7,data_raw/Twitter15_16_dataset/twitter15/tree/693533469922693120.txt,"still sobbing over @onedirection's #1dhistoryvideo, hbu? URL URL"
twitter15__693534177694609409,twitter15,693534177694609409,non-rumor,True,118,True,True,2557521,693534177694609409,True,0.0,0.00,351,352,351,0.00,96593.03,0.00,96593.03,96593.03,False,0,0,0,3,data_raw/Twitter15_16_dataset/twitter15/tree/693534177694609409.txt,icymi: joe parsons's snowmobile sit-n-spin backflip was unreal. see more epic #xgames action on abc all afternoon: URL
twitter15__693537938425171968,twitter15,693537938425171968,non-rumor,True,87,True,True,807095,693537938425171968,True,0.0,0.00,492,499,492,0.00,5538.97,0.00,5538.97,5538.97,False,0,0,0,18,data_raw/Twitter15_16_dataset/twitter15/tree/693537938425171968.txt,"when an iowa man asked ted cruz an uncomfortable question, the room went silent URL URL"
twitter15__693549273468764160,twitter15,693549273468764160,non-rumor,True,78,True,True,807095,693549273468764160,True,0.0,0.00,388,392,388,0.00,5102.87,0.00,5102.87,5102.87,False,0,0,0,11,data_raw/Twitter15_16_dataset/twitter15/tree/693549273468764160.txt,"her father shot her in the head, as an ""honor killing"" URL via @nytopinion URL"
twitter15__693554007785234432,twitter15,693554007785234432,non-rumor,True,101,True,True,759251,693554007785234432,True,0.0,0.00,352,355,352,0.00,6372.18,0.00,6372.18,6372.18,False,0,0,1,17,data_raw/Twitter15_16_dataset/twitter15/tree/693554007785234432.txt,"one person dead, many taken to hospital after shootings, stabbing at denver coliseum, police say. URL"
twitter15__693554344298467328,twitter15,693554344298467328,non-rumor,True,56,True,True,807095,693554344298467328,True,0.0,0.00,283,282,283,0.00,34281.20,0.00,34281.20,34281.20,False,0,0,0,4,data_raw/Twitter15_16_dataset/twitter15/tree/693554344298467328.txt,how to raise a creative child step one: back off URL URL
twitter15__693560600471863296,twitter15,693560600471863296,non-rumor,True,93,True,True,2557521,693560600471863296,True,0.0,0.00,281,281,281,0.00,8901.85,0.00,8901.85,8901.85,False,0,0,0,3,data_raw/Twitter15_16_dataset/twitter15/tree/693560600471863296.txt,"miami was desperate for a turnover. instead, nc state got this dunk. and a big upset win: URL"
twitter15__693573042111270912,twitter15,693573042111270912,non-rumor,True,118,True,True,1367531,693573042111270912,True,0.0,0.00,407,412,407,0.00,39718.13,0.00,39718.13,39718.13,False,0,0,2,27,data_raw/Twitter15_16_dataset/twitter15/tree/693573042111270912.txt,".@danaperino​: ""if i were in... legal trouble, i would call @hillaryclinton to find out how do you get out of it."" URL"
twitter15__693594331735683072,twitter15,693594331735683072,non-rumor,True,98,True,True,30313925,693594331735683072,True,0.0,0.00,474,475,474,0.00,110953.20,0.00,110953.20,110953.20,False,0,0,5,14,data_raw/Twitter15_16_dataset/twitter15/tree/693594331735683072.txt,"deadline: if you don't have health insurance, you've only got one more day to #getcovered: URL URL"
twitter15__693595814401327104,twitter15,693595814401327104,non-rumor,True,48,True,True,2883841,693595814401327104,True,0.0,0.00,724,725,724,0.00,206108.15,0.00,206108.15,206108.15,False,0,0,0,10,data_raw/Twitter15_16_dataset/twitter15/tree/693595814401327104.txt,make way for leonardo dicaprio. #sagawards ❤ URL
twitter15__693600369281253376,twitter15,693600369281253376,non-rumor,True,117,True,True,2557521,693600369281253376,True,0.0,0.00,301,300,301,0.00,60206.50,0.00,60206.50,60206.50,False,0,0,0,1,data_raw/Twitter15_16_dataset/twitter15/tree/693600369281253376.txt,kentucky leads kansas 46-40 at the half. tyler ulis has scored or assisted on 11 of the wildcats' 17 field goals. URL
twitter15__693605375803813889,twitter15,693605375803813889,non-rumor,True,94,True,True,2883841,693605375803813889,True,0.0,0.00,1250,1250,1250,0.00,21148.77,0.00,21148.77,21148.77,False,0,0,0,3,data_raw/Twitter15_16_dataset/twitter15/tree/693605375803813889.txt,"""look at this stage, this is what we talk about when we talk about diversity. "" #sagawards URL"
twitter15__693618217667928068,twitter15,693618217667928068,non-rumor,True,113,True,True,2883841,693618217667928068,True,0.0,0.00,275,274,275,0.00,40425.57,0.00,40425.57,40425.57,False,0,0,0,3,data_raw/Twitter15_16_dataset/twitter15/tree/693618217667928068.txt,"just when we thought we couldn't love steve carell more, he helps carol burnett up to the #sagawards stage. ❤ URL"
twitter15__693622130735484929,twitter15,693622130735484929,non-rumor,True,72,True,True,14511951,693622130735484929,True,0.0,0.00,461,466,461,0.00,13184.72,0.00,13184.72,13184.72,False,0,0,4,10,data_raw/Twitter15_16_dataset/twitter15/tree/693622130735484929.txt,"saudi prince takes on trump on twitter: ""i bailed you out twice"" URL URL"
twitter15__693629063932596224,twitter15,693629063932596224,non-rumor,True,31,True,True,972651,693629063932596224,True,0.0,0.00,327,326,327,0.00,8206.12,0.00,8206.12,8206.12,False,0,0,0,1,data_raw/Twitter15_16_dataset/twitter15/tree/693629063932596224.txt,leo's first sag. #sagawards URL
twitter15__693629498177253376,twitter15,693629498177253376,non-rumor,True,103,True,True,2883841,693629498177253376,True,0.0,0.00,2090,2097,2090,0.00,191504.87,0.00,191504.87,191504.87,False,0,0,0,17,data_raw/Twitter15_16_dataset/twitter15/tree/693629498177253376.txt,"kate winslet and leonardo dicaprio #sagawards embrace, we repeat kate and leo sag awards embrace. ❤ URL"
twitter15__693631772639145984,twitter15,693631772639145984,non-rumor,True,74,True,True,2883841,693627620571877377,False,-16.5,0.00,371,371,371,-16.50,8498.10,0.00,8498.10,8498.10,True,0,0,2,4,data_raw/Twitter15_16_dataset/twitter15/tree/693631772639145984.txt,@eonline started from the bottom now the whole team's here. #sagawards URL
twitter15__693643778033344512,twitter15,693643778033344512,non-rumor,True,79,True,True,972651,693643778033344512,True,0.0,0.00,432,438,432,0.00,287797.50,0.00,287797.50,287797.50,False,0,0,3,7,data_raw/Twitter15_16_dataset/twitter15/tree/693643778033344512.txt,nonwhite actors nearly swept every nominated category at the #sagawards URL URL
twitter15__693658242044542976,twitter15,693658242044542976,non-rumor,True,98,True,True,3108351,693658242044542976,True,0.0,0.00,365,364,365,0.00,11454.45,0.00,11454.45,11454.45,False,0,0,0,2,data_raw/Twitter15_16_dataset/twitter15/tree/693658242044542976.txt,stephen curry is taking—and making—more absurdly long 3-pointers than ever. URL via @wsjsports URL
twitter15__693662456393134080,twitter15,693662456393134080,non-rumor,True,89,True,True,2467791,693662456393134080,True,0.0,0.00,400,400,400,0.00,4019.03,0.00,4019.03,4019.03,False,0,0,0,8,data_raw/Twitter15_16_dataset/twitter15/tree/693662456393134080.txt,donald trump is the least favorably viewed presidential candidate since at least 1992 URL
twitter15__693670046497935361,twitter15,693670046497935361,non-rumor,True,100,True,True,807095,693670046497935361,True,0.0,0.00,410,411,410,0.00,47308.03,0.00,47308.03,47308.03,False,0,0,1,15,data_raw/Twitter15_16_dataset/twitter15/tree/693670046497935361.txt,the times editorial board endorses hillary clinton for the democratic nomination URL via @nytopinion
twitter15__693673606279229440,twitter15,693673606279229440,non-rumor,True,51,True,True,807095,693673606279229440,True,0.0,0.00,291,296,291,0.00,18227.97,0.00,18227.97,18227.97,False,0,0,0,14,data_raw/Twitter15_16_dataset/twitter15/tree/693673606279229440.txt,how 2 little-known actors became the obamas URL URL
twitter15__693676692309700609,twitter15,693676692309700609,non-rumor,True,89,True,True,807095,693676692309700609,True,0.0,0.00,366,365,366,0.00,16474.93,0.00,16474.93,16474.93,False,0,0,0,3,data_raw/Twitter15_16_dataset/twitter15/tree/693676692309700609.txt,an unexpected bond has developed between damaged parrots and traumatized veterans URL URL
twitter15__693686290408181760,twitter15,693686290408181760,non-rumor,True,118,True,True,14800270,693686290408181760,True,0.0,0.00,267,266,267,0.00,119785.28,0.00,119785.28,119785.28,False,0,0,0,2,data_raw/Twitter15_16_dataset/twitter15/tree/693686290408181760.txt,today’s work world requires continuous growth and learning. here's a process to decide what skill to work on next: URL
twitter15__693696168908423168,twitter15,693696168908423168,non-rumor,True,83,True,True,428333,693696168908423168,True,0.0,0.00,275,283,275,0.00,2008.68,0.00,2008.68,2008.68,False,0,0,0,4,data_raw/Twitter15_16_dataset/twitter15/tree/693696168908423168.txt,"ex-president of el salvador, francisco flores, dies at 56, government says. URL URL"
twitter15__693711272014155776,twitter15,693711272014155776,non-rumor,True,72,True,True,5988062,693711272014155776,True,0.0,0.00,313,313,313,0.00,44708.68,0.00,44708.68,44708.68,False,0,0,0,2,data_raw/Twitter15_16_dataset/twitter15/tree/693711272014155776.txt,zika fever: a newly emerging disease is threatening the americas URL URL
twitter15__693718533239365633,twitter15,693718533239365633,non-rumor,True,97,True,True,5988062,693718533239365633,True,0.0,0.00,465,464,465,0.00,49518.65,0.00,49518.65,49518.65,False,0,0,0,4,data_raw/Twitter15_16_dataset/twitter15/tree/693718533239365633.txt,1 billion young people will start work in the next decade—only 40% in jobs that now exist URL URL
twitter15__693722259740069889,twitter15,693722259740069889,non-rumor,True,71,False,True,87416722,693722259740069889,True,0.0,0.00,614,615,614,0.00,2070.35,0.00,2070.35,2070.35,False,0,0,0,7,data_raw/Twitter15_16_dataset/twitter15/tree/693722259740069889.txt,bbc reports that broadcaster sir terry wogan has died of cancer aged 77
twitter15__693729678306189313,twitter15,693729678306189313,non-rumor,True,94,True,True,5402612,693720804933132288,False,-35.25,0.00,2315,2333,2315,-35.25,307867.38,0.00,307867.38,307867.38,True,0,0,5,40,data_raw/Twitter15_16_dataset/twitter15/tree/693729678306189313.txt,"""an extraordinary broadcaster"" - tributes paid to sir terry wogan who has died aged 77 URL URL"
twitter15__693769968199061504,twitter15,693769968199061504,non-rumor,True,104,True,True,428333,693769968199061504,True,0.0,0.00,366,368,366,0.00,16302.35,0.00,16302.35,16302.35,False,0,0,0,8,data_raw/Twitter15_16_dataset/twitter15/tree/693769968199061504.txt,"dozens of people were killed in car bomb, 2 suicide bombings near damascus, syria, state media says. URL"
twitter15__693785810311778304,twitter15,693785810311778304,non-rumor,True,83,True,True,14293310,693785810311778304,True,0.0,0.00,290,291,290,0.00,66298.53,0.00,66298.53,66298.53,False,0,0,3,4,data_raw/Twitter15_16_dataset/twitter15/tree/693785810311778304.txt,america’s biggest toy company is changing the most famous body in the world URL URL
twitter15__693792605755285504,twitter15,693792605755285504,non-rumor,True,54,True,True,14293310,693792605755285504,True,0.0,0.00,365,364,365,0.00,28791.13,0.00,28791.13,28791.13,False,0,0,0,0,data_raw/Twitter15_16_dataset/twitter15/tree/693792605755285504.txt,at least 45 killed in triple bombing near damascus URL
twitter15__693795905049329664,twitter15,693795905049329664,non-rumor,True,98,True,True,807095,693795905049329664,True,0.0,0.00,499,500,499,0.00,84693.25,0.00,84693.25,84693.25,False,0,0,1,6,data_raw/Twitter15_16_dataset/twitter15/tree/693795905049329664.txt,more than a million observations by amateur bird watchers helped collect data for this map URL URL
twitter15__693802524579618816,twitter15,693802524579618816,non-rumor,True,97,True,True,759251,693802524579618816,True,0.0,0.00,307,312,307,0.00,11135.78,0.00,11135.78,11135.78,False,0,0,6,4,data_raw/Twitter15_16_dataset/twitter15/tree/693802524579618816.txt,".@tedcruz: @marcorubio ""broke his promise to the american people"" on immigration URL #cnnsotu URL"
twitter15__693803472806760448,twitter15,693803472806760448,non-rumor,True,56,True,True,2557521,693803472806760448,True,0.0,0.00,512,512,512,0.00,11028.65,0.00,11028.65,11028.65,False,0,0,0,1,data_raw/Twitter15_16_dataset/twitter15/tree/693803472806760448.txt,icymi: this wayne selden dunk was absolutely absurd. URL
twitter15__693804630615166977,twitter15,693804630615166977,non-rumor,True,76,True,True,14800270,693804630615166977,True,0.0,0.00,253,252,253,0.00,79298.07,0.00,79298.07,79298.07,False,0,0,0,1,data_raw/Twitter15_16_dataset/twitter15/tree/693804630615166977.txt,"research on which matters more: ""leadership qualities"" or competence URL URL"
twitter15__693806234026188801,twitter15,693806234026188801,non-rumor,True,75,True,True,788524,693806234026188801,True,0.0,0.00,512,519,512,0.00,11549.13,0.00,11549.13,11549.13,False,0,0,1,11,data_raw/Twitter15_16_dataset/twitter15/tree/693806234026188801.txt,teenage girl 'made up' migrant rape claim that caused uproar in germany URL
twitter15__693807822971236353,twitter15,693807822971236353,non-rumor,True,76,True,True,759251,693807822971236353,True,0.0,0.00,434,453,434,0.00,9251.25,0.00,9251.25,9251.25,False,0,0,18,27,data_raw/Twitter15_16_dataset/twitter15/tree/693807822971236353.txt,".@berniesanders: @hillaryclinton's emails are a ""very serious issue"" URL URL"
twitter15__693821069879160832,twitter15,693821069879160832,non-rumor,True,118,True,True,2557521,693821069879160832,True,0.0,0.00,494,499,494,0.00,9624.25,0.00,9624.25,9624.25,False,0,0,0,16,data_raw/Twitter15_16_dataset/twitter15/tree/693821069879160832.txt,"from @otlonespn: baylor faces accusations of ignoring sex assault claims against athletes, not supporting victims: URL"
twitter15__693822949456007169,twitter15,693822949456007169,non-rumor,True,71,True,True,807095,693822949456007169,True,0.0,0.00,376,375,376,0.00,221653.65,0.00,221653.65,221653.65,False,0,0,0,5,data_raw/Twitter15_16_dataset/twitter15/tree/693822949456007169.txt,"german forest ranger finds that trees have social networks, too URL URL"
twitter15__693824042164436992,twitter15,693824042164436992,non-rumor,True,80,True,True,972651,693824042164436992,True,0.0,0.00,289,290,289,0.00,12934.67,0.00,12934.67,12934.67,False,0,0,0,3,data_raw/Twitter15_16_dataset/twitter15/tree/693824042164436992.txt,"boko haram burned children alive in attack on nigerian village, witness says URL"
twitter15__693830499047989248,twitter15,693830499047989248,non-rumor,True,66,True,True,1367531,693830499047989248,True,0.0,0.00,423,433,423,0.00,11433.68,0.00,11433.68,11433.68,False,0,0,2,22,data_raw/Twitter15_16_dataset/twitter15/tree/693830499047989248.txt,"boko haram burns kids alive in northeast nigeria, witness says URL"
twitter15__693853982293254144,twitter15,693853982293254144,non-rumor,True,120,True,True,1367531,693853982293254144,True,0.0,0.00,499,511,499,0.00,7674.28,0.00,7674.28,7674.28,False,0,0,1,34,data_raw/Twitter15_16_dataset/twitter15/tree/693853982293254144.txt,".@drzuhdijasser: ""it's disgraceful that this is...the mosque that [@potus] picked to be the first visit."" @ffweekend URL"
twitter15__693855615618322432,twitter15,693855615618322432,non-rumor,True,59,True,True,2883841,693855615618322432,True,0.0,0.00,447,447,447,0.00,5883.27,0.00,5883.27,5883.27,False,0,0,0,2,data_raw/Twitter15_16_dataset/twitter15/tree/693855615618322432.txt,happy birthday to the man who brought sexy back! 🎉🔥 URL URL
twitter15__693866093123915776,twitter15,693866093123915776,non-rumor,True,70,True,True,28785486,693866093123915776,True,0.0,0.00,2081,2099,2081,0.00,133591.40,0.00,133591.40,133591.40,False,0,0,2,46,data_raw/Twitter15_16_dataset/twitter15/tree/693866093123915776.txt,"officials: boko haram burns kids alive in nigeria, kill 86 people: URL"
twitter15__693873151659249669,twitter15,693873151659249669,non-rumor,True,116,True,True,30313925,693873151659249669,True,0.0,0.00,451,458,451,0.00,24300.50,0.00,24300.50,24300.50,False,0,0,15,45,data_raw/Twitter15_16_dataset/twitter15/tree/693873151659249669.txt,"""i’ve got a plan to help make sure all our kids get an opportunity to learn computer science."" —@potus #csforall URL"
twitter15__693899062098137088,twitter15,693899062098137088,non-rumor,True,116,True,True,807095,693899062098137088,True,0.0,0.00,437,442,437,0.00,10121.20,0.00,10121.20,10121.20,False,0,0,0,4,data_raw/Twitter15_16_dataset/twitter15/tree/693899062098137088.txt,"officials say at least 86 people died in the latest attack by nigeria's homegrown islamic extremists, boko haram URL"
twitter15__693912520923295745,twitter15,693912520923295745,non-rumor,True,109,True,True,1367531,693912520923295745,True,0.0,0.00,622,636,622,0.00,22500.95,0.00,22500.95,22500.95,False,0,0,4,30,data_raw/Twitter15_16_dataset/twitter15/tree/693912520923295745.txt,"phil robertson: ""the reason i'm going for @tedcruz is that cruz loves god and james madison."" @teamcavuto URL"
twitter15__693916809125351425,twitter15,693916809125351425,non-rumor,True,70,True,True,14075928,693916809125351425,True,0.0,0.00,296,295,296,0.00,153223.65,0.00,153223.65,153223.65,False,0,0,0,2,data_raw/Twitter15_16_dataset/twitter15/tree/693916809125351425.txt,study: 90% of workplace injuries caused by bare-knuckle boxing URL URL
twitter15__693921710383337472,twitter15,693921710383337472,non-rumor,True,77,True,True,2884771,693921710383337472,True,0.0,0.00,461,489,461,0.00,79953.68,0.00,79953.68,79953.68,False,0,0,1,0,data_raw/Twitter15_16_dataset/twitter15/tree/693921710383337472.txt,a conversation with x japan’s yoshiki and documentarian stephen kijak URL URL
twitter15__693925198630821889,twitter15,693925198630821889,non-rumor,True,85,True,True,2557521,693925198630821889,True,0.0,0.00,1987,1993,1987,0.00,206135.28,0.00,206135.28,206135.28,False,0,0,1,13,data_raw/Twitter15_16_dataset/twitter15/tree/693925198630821889.txt,sources: calvin johnson told detroit lions he plans on retiring from the nfl. URL URL
twitter15__693926742814281729,twitter15,693926742814281729,non-rumor,True,62,True,True,14293310,693926742814281729,True,0.0,0.00,370,369,370,0.00,80106.22,0.00,80106.22,80106.22,False,0,0,0,2,data_raw/Twitter15_16_dataset/twitter15/tree/693926742814281729.txt,these aerial photos of dutch tulip fields are stunning URL URL
twitter15__693934062445187072,twitter15,693934062445187072,non-rumor,True,116,True,True,428333,693934062445187072,True,0.0,0.00,346,349,346,0.00,136368.07,0.00,136368.07,136368.07,False,0,0,2,17,data_raw/Twitter15_16_dataset/twitter15/tree/693934062445187072.txt,"bernie sanders and donald trump continue to hold wide leads in new hampshire primary races, cnn/wmur poll finds. URL"
twitter15__697992796565741569,twitter15,697992796565741569,unverified,True,94,False,True,213291472,697992796565741569,True,0.0,0.00,865,883,865,0.00,11553.73,0.00,11553.73,11553.73,False,0,0,0,9,data_raw/Twitter15_16_dataset/twitter15/tree/697992796565741569.txt,nevada focus group of #pbsdebate says @berniesanders won tonight's debate by a 25 to 9 margin.
twitter15__699252269414354944,twitter15,699252269414354944,non-rumor,True,74,True,True,6604072,699252269414354944,True,0.0,0.00,1032,1038,1032,0.00,288680.02,0.00,288680.02,288680.02,False,0,0,0,2,data_raw/Twitter15_16_dataset/twitter15/tree/699252269414354944.txt,a eulogy for the show that changed kids' tv forever: #gravityfalls URL URL
twitter15__701175292937707520,twitter15,701175292937707520,unverified,True,108,True,True,13654792,701175292937707520,True,0.0,0.00,120,122,120,0.00,8218.62,0.00,8218.62,8218.62,False,0,0,0,2,data_raw/Twitter15_16_dataset/twitter15/tree/701175292937707520.txt,"""sanders won 54% of the latino vote, according to the sample data, compared to clinton’s 43%."" #nvcaucus URL"
twitter15__701514249269542912,twitter15,701514249269542912,unverified,True,80,True,True,807095,701514249269542912,True,0.0,0.00,200,206,200,0.00,27433.38,0.00,27433.38,27433.38,False,0,0,1,12,data_raw/Twitter15_16_dataset/twitter15/tree/701514249269542912.txt,"no, the polling doesn't prove bernie sanders won the hispanic vote in nevada URL"
twitter15__701539698452393986,twitter15,701539698452393986,unverified,True,95,True,True,807095,701539698452393986,True,0.0,0.00,140,141,140,0.00,413.25,0.00,413.25,413.25,False,0,0,0,0,data_raw/Twitter15_16_dataset/twitter15/tree/701539698452393986.txt,"the 2016 race: no, the polling doesn’t prove bernie sanders won the hispanic vote in nevada URL"
twitter15__701975210044497921,twitter15,701975210044497921,unverified,True,114,True,True,150135224,701975210044497921,True,0.0,0.00,271,278,271,0.00,8079.40,0.00,8079.40,8079.40,False,0,0,0,15,data_raw/Twitter15_16_dataset/twitter15/tree/701975210044497921.txt,study concluded that the clinton camp has “no statistical basis” to back claims that it won latino vote in nv. URL
twitter15__703234354579898368,twitter15,703234354579898368,unverified,True,109,True,True,572278319,703234354579898368,True,0.0,0.00,148,147,148,0.00,5453.45,0.00,5453.45,5453.45,False,0,0,0,0,data_raw/Twitter15_16_dataset/twitter15/tree/703234354579898368.txt,"kenny is considered the first tiger with down syndrome. at the age of nine, kenny died in 2008 of cancer. URL"
twitter15__705092738224525312,twitter15,705092738224525312,unverified,True,88,True,True,292777349,705092738224525312,True,0.0,0.00,212,215,212,0.00,1800.07,0.00,1800.07,1800.07,False,0,0,0,7,data_raw/Twitter15_16_dataset/twitter15/tree/705092738224525312.txt,"breaking news: search ""how can i move to canada"" skyrocketed following #supertuesday URL"
twitter15__705093513076015104,twitter15,705093513076015104,unverified,True,86,True,True,292777349,705093513076015104,True,0.0,0.00,137,136,137,0.00,2585.20,0.00,2585.20,2585.20,False,0,0,0,2,data_raw/Twitter15_16_dataset/twitter15/tree/705093513076015104.txt,"tons of people searching ""how to move to canada"" following trump, clinton wins URL URL"
twitter15__706665777332621314,twitter15,706665777332621314,unverified,True,116,False,True,14437914,706665777332621314,True,0.0,0.00,94,93,94,0.00,1378.95,0.00,1378.95,1378.95,False,0,0,0,0,data_raw/Twitter15_16_dataset/twitter15/tree/706665777332621314.txt,".@berniesanders: in 2016, ""we will end institutional racism and reform a broken criminal justice system.” #demdebate"
twitter15__706933939953344514,twitter15,706933939953344514,unverified,True,59,True,True,2302239423,706933939953344514,True,0.0,0.00,98,97,98,0.00,97665.73,0.00,97665.73,97665.73,False,0,0,0,0,data_raw/Twitter15_16_dataset/twitter15/tree/706933939953344514.txt,bernie sanders speaking about institutional racism 👏🏽🙌🏽 URL
twitter15__707300612862566400,twitter15,707300612862566400,unverified,True,83,True,True,39308549,707300612862566400,True,0.0,0.00,179,180,179,0.00,28850.63,0.00,28850.63,28850.63,False,0,0,0,7,data_raw/Twitter15_16_dataset/twitter15/tree/707300612862566400.txt,"obama to skip nancy reagan’s funeral, attend entertainment festival instead URL URL"
twitter15__707305999971921920,twitter15,707305999971921920,unverified,True,95,True,True,1618641848,707305999971921920,True,0.0,0.00,306,313,306,0.00,165970.43,0.00,165970.43,165970.43,False,0,0,1,15,data_raw/Twitter15_16_dataset/twitter15/tree/707305999971921920.txt,"‘president petty strikes again’: obama will reportedly skip nancy reagan’s funeral,,, ✅ URL URL"
twitter15__707308274270539777,twitter15,707308274270539777,unverified,True,120,True,True,232901331,707308274270539777,True,0.0,0.00,134,142,134,0.00,17274.95,0.00,17274.95,17274.95,False,0,0,1,13,data_raw/Twitter15_16_dataset/twitter15/tree/707308274270539777.txt,no one is surprised by this.of course obama is skipping nancy reagan's funeral.dignity isn't his strongest attribute URL
twitter15__707310135291416576,twitter15,707310135291416576,unverified,True,97,True,True,16193222,707310135291416576,True,0.0,0.00,142,146,142,0.00,2514.43,0.00,2514.43,2514.43,False,0,0,1,41,data_raw/Twitter15_16_dataset/twitter15/tree/707310135291416576.txt,"obama to skip nancy reagan's funeral, as he did scalia's. this time, he'll be attending sxsw: URL"
twitter15__707321278135463936,twitter15,707321278135463936,unverified,True,93,True,True,15553222,707321278135463936,True,0.0,0.00,2260,2278,2260,0.00,104615.53,0.00,104615.53,104615.53,False,0,0,0,20,data_raw/Twitter15_16_dataset/twitter15/tree/707321278135463936.txt,president obama to skip nancy reagan’s funeral in order to attend south by southwest: URL URL
twitter15__707332312724283392,twitter15,707332312724283392,unverified,True,100,True,True,282695161,707332312724283392,True,0.0,0.00,185,187,185,0.00,2964.50,0.00,2964.50,2964.50,False,0,0,0,13,data_raw/Twitter15_16_dataset/twitter15/tree/707332312724283392.txt,"obama to skip nancy reagan's funeral for music, film festival in austin, tx URL via @waynedupreeshow"
twitter15__707405809181917184,twitter15,707405809181917184,unverified,True,70,True,True,1917731,707405809181917184,True,0.0,0.00,138,142,138,0.00,2689.37,0.00,2689.37,2689.37,False,0,0,0,6,data_raw/Twitter15_16_dataset/twitter15/tree/707405809181917184.txt,"bachmann: obama ""classless"" for missing nancy reagan’s funeral URL URL"
twitter15__707412869860696064,twitter15,707412869860696064,unverified,True,76,True,True,1917731,707412869860696064,True,0.0,0.00,130,134,130,0.00,4865.83,0.00,4865.83,4865.83,False,0,0,0,9,data_raw/Twitter15_16_dataset/twitter15/tree/707412869860696064.txt,"bachmann slams ""classless"" obama for skipping nancy reagan’s funeral URL URL"
twitter15__707420972173955072,twitter15,707420972173955072,unverified,True,60,True,True,17469289,707420972173955072,True,0.0,0.00,170,183,170,0.00,9258.87,0.00,9258.87,9258.87,False,0,0,1,9,data_raw/Twitter15_16_dataset/twitter15/tree/707420972173955072.txt,obama skipping nancy reagan's funeral to attend sxsw URL URL
twitter15__707786906189303808,twitter15,707786906189303808,unverified,True,116,True,True,4714915461,707786906189303808,True,0.0,0.00,1764,1773,1764,0.00,227065.90,0.00,227065.90,227065.90,False,0,0,0,11,data_raw/Twitter15_16_dataset/twitter15/tree/707786906189303808.txt,meet kenny the tiger. he was born with down syndrome. he's proof you don't have to be perfect to be beautiful ❤️ URL
twitter15__711994705333112832,twitter15,711994705333112832,unverified,True,99,True,True,19063323,711994705333112832,True,0.0,0.00,144,150,144,0.00,5173.57,0.00,5173.57,5173.57,False,0,0,2,19,data_raw/Twitter15_16_dataset/twitter15/tree/711994705333112832.txt,keith richards 'once pulled a knife on donald trump' says rolling stones' ex-event promoter URL URL
twitter15__712223438698627073,twitter15,712223438698627073,unverified,True,100,True,True,19063323,712223438698627073,True,0.0,0.00,95,94,95,0.00,1577.12,0.00,1577.12,1577.12,False,0,0,0,0,data_raw/Twitter15_16_dataset/twitter15/tree/712223438698627073.txt,"keith richards 'once pulled a knife on donald trump', claims rolling stones' former promoter URL URL"
twitter15__714503380476026880,twitter15,714503380476026880,unverified,True,120,True,True,19310250,714503380476026880,True,0.0,0.00,338,349,338,0.00,40626.35,0.00,40626.35,40626.35,False,0,0,0,17,data_raw/Twitter15_16_dataset/twitter15/tree/714503380476026880.txt,open letter to trump voters from his top strategist-turned-defector - amazing first person account URL via @xojanedotcom
twitter15__714531423273746432,twitter15,714531423273746432,unverified,True,83,True,True,292432955,714531423273746432,True,0.0,0.00,191,191,191,0.00,4037.48,0.00,4037.48,4037.48,False,0,0,0,4,data_raw/Twitter15_16_dataset/twitter15/tree/714531423273746432.txt,an open letter to @realdonaldtrump from his top strategist-turned-defector: URL URL
twitter15__714555825122107392,twitter15,714555825122107392,unverified,True,112,True,True,32639940,714555825122107392,True,0.0,0.00,144,143,144,0.00,71787.68,0.00,71787.68,71787.68,False,0,0,1,2,data_raw/Twitter15_16_dataset/twitter15/tree/714555825122107392.txt,an open letter to trump voters from his top strategist-turned-defector URL @juddapatow @andylassner @bettemidler
twitter15__714560810266132480,twitter15,714560810266132480,unverified,True,119,True,True,14749383,714560810266132480,True,0.0,0.00,246,252,246,0.00,8399.53,0.00,8399.53,8399.53,False,0,0,0,13,data_raw/Twitter15_16_dataset/twitter15/tree/714560810266132480.txt,"letter to trump voters from his top strategist-turned-defector - i don’t know if this is real, but it’s believable. URL"
twitter15__714598641827246081,twitter15,714598641827246081,unverified,True,92,True,True,94215989,714598641827246081,True,0.0,0.00,95,95,95,0.00,101483.42,0.00,101483.42,101483.42,False,0,0,0,3,data_raw/Twitter15_16_dataset/twitter15/tree/714598641827246081.txt,an open letter to trump voters from his top strategist-turned-defector URL via @xojanedotcom
twitter15__714755546285477888,twitter15,714755546285477888,unverified,True,108,True,True,362144301,714755546285477888,True,0.0,0.00,117,118,117,0.00,3512.17,0.00,3512.17,3512.17,False,0,0,1,7,data_raw/Twitter15_16_dataset/twitter15/tree/714755546285477888.txt,donald spunktrumpet's former communications director stephanie cegielski has resigned and written this - URL
twitter15__714811995573325828,twitter15,714811995573325828,unverified,True,103,True,True,20748745,714811995573325828,True,0.0,0.00,126,125,126,0.00,104222.68,0.00,104222.68,104222.68,False,0,0,0,3,data_raw/Twitter15_16_dataset/twitter15/tree/714811995573325828.txt,"an open letter to trump voters from his top strategist: stop supporting him, he doesn't want to win URL"
twitter15__714851393861881857,twitter15,714851393861881857,unverified,True,119,True,True,3164431032,714851393861881857,True,0.0,0.00,224,223,224,0.00,4477.87,0.00,4477.87,4477.87,False,0,0,0,1,data_raw/Twitter15_16_dataset/twitter15/tree/714851393861881857.txt,"trump's top strategist, stephanie cegielski, has quit his campaign + just wrote an open letter to trump supporters: URL"
twitter15__714998347111669760,twitter15,714998347111669760,unverified,True,115,True,True,216776631,714998347111669760,True,0.0,0.00,2421,2478,2421,0.00,44618.28,0.00,44618.28,44618.28,False,0,0,11,234,data_raw/Twitter15_16_dataset/twitter15/tree/714998347111669760.txt,we must address the political marginalization and institutional racism affecting people of color. read my plan: URL
twitter15__715253497462145024,twitter15,715253497462145024,unverified,True,106,False,True,8839632,715253497462145024,True,0.0,0.00,643,664,643,0.00,174120.63,0.00,174120.63,174120.63,False,0,0,6,29,data_raw/Twitter15_16_dataset/twitter15/tree/715253497462145024.txt,"just in: donald trump to @msnbc: ""there has to be some form of punishment"" for women who have an abortion."
twitter15__715254040289021952,twitter15,715254040289021952,unverified,True,95,True,True,16041234,715254040289021952,True,0.0,0.00,121,120,121,0.00,2096.77,0.00,2096.77,2096.77,False,0,0,0,5,data_raw/Twitter15_16_dataset/twitter15/tree/715254040289021952.txt,donald trump tells chris matthews: women deserve ‘some form of punishment’ for abortion URL URL
twitter15__715255507506892800,twitter15,715255507506892800,unverified,True,118,True,True,8839632,715253497462145024,False,-7.98,0.00,344,363,344,-7.98,109891.60,0.00,109891.60,109891.60,True,0,0,6,29,data_raw/Twitter15_16_dataset/twitter15/tree/715255507506892800.txt,"update: donald trump advocates abortion ban and ""some form of punishment"" for women who have an abortion. URL - @msnbc"
twitter15__715268937873760256,twitter15,715268937873760256,unverified,True,75,True,True,14511951,715268937873760256,True,0.0,0.00,381,387,381,0.00,1263.80,0.00,1263.80,1263.80,False,0,0,1,10,data_raw/Twitter15_16_dataset/twitter15/tree/715268937873760256.txt,"donald trump goes full anti-woman: ""punishment"" for women who abort URL URL"
twitter15__715515982584881152,twitter15,715515982584881152,unverified,True,77,True,True,18643437,715515982584881152,True,0.0,0.00,639,649,639,0.00,82670.30,0.00,82670.30,82670.30,False,0,0,0,46,data_raw/Twitter15_16_dataset/twitter15/tree/715515982584881152.txt,craigslist ad: ‘get paid $15 an hour to protest at the trump rally’ - URL URL
twitter15__715671763808493569,twitter15,715671763808493569,unverified,True,136,False,True,27789999,715671763808493569,True,0.0,0.00,130,129,130,0.00,10000.98,0.00,10000.98,10000.98,False,0,0,0,2,data_raw/Twitter15_16_dataset/twitter15/tree/715671763808493569.txt,☆☆craigslist ad allegedly posted by bernie supporters offered $15 to protest at trump's rally in wisconsin. trump already creating jobs!
twitter15__716092408920936448,twitter15,716092408920936448,unverified,True,119,True,True,47253057,716092408920936448,True,0.0,0.00,361,363,361,0.00,143668.68,0.00,143668.68,143668.68,False,0,0,0,7,data_raw/Twitter15_16_dataset/twitter15/tree/716092408920936448.txt,international criminal george soros & his boi @davidbrockdc are sooo busted #fauxprotests #ringers @realdonaldtrump URL
twitter15__716416753409081344,twitter15,716416753409081344,unverified,True,122,False,True,78569026,716416753409081344,True,0.0,0.00,113,115,113,0.00,8460.77,0.00,8460.77,8460.77,False,0,0,0,0,data_raw/Twitter15_16_dataset/twitter15/tree/716416753409081344.txt,"hearing that bernie sanders flipped clark county in nevada at state convention, may have won the entire state #feelthebern"
twitter15__716424773216022530,twitter15,716424773216022530,unverified,True,119,True,True,2689574322,716424773216022530,True,0.0,0.00,229,228,229,0.00,25730.42,0.00,25730.42,25730.42,False,0,0,0,1,data_raw/Twitter15_16_dataset/twitter15/tree/716424773216022530.txt,it seems @berniesanders has won back nevada! don't let @clarkcountynv dems rig it against @sensanders! #feelthebern URL
twitter15__716439952922312704,twitter15,716439952922312704,unverified,True,140,False,True,3337804853,716439952922312704,True,0.0,0.00,275,274,275,0.00,1498.78,0.00,1498.78,1498.78,False,0,0,0,1,data_raw/Twitter15_16_dataset/twitter15/tree/716439952922312704.txt,we officially won clark county (70% of the population of nevada) and washoe county +5/6 for @berniesanders -4 for hillary #bernietakesnevada
twitter15__716448280201269248,twitter15,716448280201269248,unverified,True,54,True,True,4541374877,716448280201269248,True,0.0,0.00,159,158,159,0.00,6466.80,0.00,6466.80,6466.80,False,0,0,0,0,data_raw/Twitter15_16_dataset/twitter15/tree/716448280201269248.txt,bernie sanders has won the nevada caucus #nvcaucus URL
twitter15__716451800581279744,twitter15,716451800581279744,unverified,True,114,True,True,755113,716451800581279744,True,0.0,0.00,2612,2803,2612,0.00,63456.68,0.00,63456.68,63456.68,False,0,0,30,253,data_raw/Twitter15_16_dataset/twitter15/tree/716451800581279744.txt,"it's official, @berniesanders actually won nevada today. came down to 2 factors. 1. enthusiasm 2. organization URL"
twitter15__716457799392342018,twitter15,716457799392342018,unverified,True,92,True,True,3594364096,716457799392342018,True,0.0,0.00,160,164,160,0.00,12378.20,0.00,12378.20,12378.20,False,0,0,1,4,data_raw/Twitter15_16_dataset/twitter15/tree/716457799392342018.txt,"bernie sanders has actually won nevada, not hillary clinton! the people have spoken! URL URL"
twitter15__716461257025581056,twitter15,716461257025581056,unverified,True,91,True,True,3337804853,716461257025581056,True,0.0,0.00,574,580,574,0.00,59195.60,0.00,59195.60,59195.60,False,0,0,0,13,data_raw/Twitter15_16_dataset/twitter15/tree/716461257025581056.txt,.@berniesanders is pulling magic tricks out of a hat in nevada. we just officially won! URL
twitter15__717081129627553792,twitter15,717081129627553792,unverified,True,105,True,True,700720920218894338,717081129627553792,True,0.0,0.00,1094,1105,1094,0.00,153867.77,0.00,153867.77,153867.77,False,0,0,0,15,data_raw/Twitter15_16_dataset/twitter15/tree/717081129627553792.txt,"this is kenny, the tiger with down syndrome. this proves you don't have to perfect to be beautiful ❤️ URL"
twitter15__722885778448121857,twitter15,722885778448121857,unverified,True,80,True,True,14294848,722885778448121857,True,0.0,0.00,122,127,122,0.00,14280.57,0.00,14280.57,14280.57,False,0,0,0,22,data_raw/Twitter15_16_dataset/twitter15/tree/722885778448121857.txt,"a new transgender bathroom policy at @target is real, and it's fabulous: URL URL"
twitter15__723365789378584578,twitter15,723365789378584578,unverified,True,83,True,True,49616273,723365789378584578,True,0.0,0.00,231,230,231,0.00,6007.93,0.00,6007.93,6007.93,False,0,0,0,2,data_raw/Twitter15_16_dataset/twitter15/tree/723365789378584578.txt,"landmarks around world turn purple, in honor of #prince. #princerip #purplerain URL"
twitter15__723477822950395904,twitter15,723477822950395904,unverified,True,90,True,True,64643056,723477822950395904,True,0.0,0.00,127,126,127,0.00,2063.58,0.00,2063.58,2063.58,False,0,0,0,0,data_raw/Twitter15_16_dataset/twitter15/tree/723477822950395904.txt,purple pain: landmarks across globe light up in fitting prince tributes #ripprince URL URL
twitter15__723511860516016128,twitter15,723511860516016128,unverified,True,94,True,True,23995748,723511860516016128,True,0.0,0.00,146,145,146,0.00,7909.93,0.00,7909.93,7909.93,False,0,0,0,0,data_raw/Twitter15_16_dataset/twitter15/tree/723511860516016128.txt,all in purple: memorials and landmarks across the globe honor #prince after his death. URL URL
twitter15__723521076446142465,twitter15,723521076446142465,unverified,True,98,True,True,18565988,723521076446142465,True,0.0,0.00,149,148,149,0.00,7622.07,0.00,7622.07,7622.07,False,0,0,0,2,data_raw/Twitter15_16_dataset/twitter15/tree/723521076446142465.txt,when your two favorite landmarks...go purple in honor of the world missing prince...beautiful: URL
twitter15__723644048867774464,twitter15,723644048867774464,unverified,True,59,True,True,16211434,723644048867774464,True,0.0,0.00,132,131,132,0.00,13337.30,0.00,13337.30,13337.30,False,0,0,0,0,data_raw/Twitter15_16_dataset/twitter15/tree/723644048867774464.txt,niagara falls turned purple on the day prince died: URL URL
twitter15__723772395211862016,twitter15,723772395211862016,unverified,True,59,True,True,16211434,723772395211862016,True,0.0,0.00,94,93,94,0.00,2792.85,0.00,2792.85,2792.85,False,0,0,0,3,data_raw/Twitter15_16_dataset/twitter15/tree/723772395211862016.txt,niagara falls turned purple on the day prince died: URL URL
twitter15__724320681517670400,twitter15,724320681517670400,unverified,True,73,True,True,1367531,724320681517670400,True,0.0,0.00,537,576,537,0.00,73915.88,0.00,73915.88,73915.88,False,0,0,21,142,data_raw/Twitter15_16_dataset/twitter15/tree/724320681517670400.txt,"340,000 pledge to boycott target over transgender bathroom policy URL URL"
twitter15__724348906096590849,twitter15,724348906096590849,unverified,True,74,True,True,1367531,724348906096590849,True,0.0,0.00,421,442,421,0.00,67519.52,0.00,67519.52,67519.52,False,0,0,4,42,data_raw/Twitter15_16_dataset/twitter15/tree/724348906096590849.txt,"340,000 pledge to boycott @target over transgender bathroom policy URL URL"
twitter15__724603564946010112,twitter15,724603564946010112,unverified,True,79,True,True,457984599,724603564946010112,True,0.0,0.00,115,117,115,0.00,10473.87,0.00,10473.87,10473.87,False,0,0,0,5,data_raw/Twitter15_16_dataset/twitter15/tree/724603564946010112.txt,twenty-five stories proving target’s pro-trans bathroom policy is dangerous URL
twitter15__724624672604610562,twitter15,724624672604610562,unverified,True,104,True,True,201977673,724624672604610562,True,0.0,0.00,94,93,94,0.00,7163.00,0.00,7163.00,7163.00,False,0,0,2,0,data_raw/Twitter15_16_dataset/twitter15/tree/724624672604610562.txt,people are over here boycotting @target over their new transgender bathroom policy and i'm just like URL
twitter15__724661834419048448,twitter15,724661834419048448,unverified,True,85,True,True,457949035,724661834419048448,True,0.0,0.00,120,125,120,0.00,5001.63,0.00,5001.63,5001.63,False,0,0,3,7,data_raw/Twitter15_16_dataset/twitter15/tree/724661834419048448.txt,"hey guys, target isn't backing down check the usa today article about the boycott URL"
twitter15__724703995147751424,twitter15,724703995147751424,unverified,True,116,True,True,15754281,724703995147751424,True,0.0,0.00,138,151,138,0.00,5728.62,0.00,5728.62,5728.62,False,0,0,2,21,data_raw/Twitter15_16_dataset/twitter15/tree/724703995147751424.txt,"american family association gets 500,000 to sign petition boycotting target over its transgender bathroom policy URL"
twitter15__725983128444129280,twitter15,725983128444129280,unverified,True,90,True,True,26900055,725983128444129280,True,0.0,0.00,325,331,325,0.00,3395.73,0.00,3395.73,3395.73,False,0,0,0,13,data_raw/Twitter15_16_dataset/twitter15/tree/725983128444129280.txt,starve the beasts destroying our #civilsociety #target stock ➡️ sinks $1.5 billion URL URL
twitter15__726043971911213057,twitter15,726043971911213057,unverified,True,73,True,True,457984599,726043971911213057,True,0.0,0.00,186,192,186,0.00,21710.28,0.00,21710.28,21710.28,False,0,0,0,9,data_raw/Twitter15_16_dataset/twitter15/tree/726043971911213057.txt,"target boycott crosses 1 million signers, stock sinks by $1.5 billion URL"
twitter15__726086935903494144,twitter15,726086935903494144,unverified,True,85,True,True,462104542,726086935903494144,True,0.0,0.00,152,157,152,0.00,4401.35,0.00,4401.35,4401.35,False,0,0,0,8,data_raw/Twitter15_16_dataset/twitter15/tree/726086935903494144.txt,"target boycott crosses 1 million signers, stock sinks by $1.5 billion - breitbart URL"
twitter15__726190016435728385,twitter15,726190016435728385,unverified,True,73,True,True,457984599,726190016435728385,True,0.0,0.00,278,281,278,0.00,66120.47,0.00,66120.47,66120.47,False,0,0,0,14,data_raw/Twitter15_16_dataset/twitter15/tree/726190016435728385.txt,"target boycott crosses 1 million signers, stock sinks by $1.5 billion URL"
twitter15__726442550266044416,twitter15,726442550266044416,unverified,True,115,True,True,236487888,726442550266044416,True,0.0,0.00,134,135,134,0.00,12899.15,0.00,12899.15,12899.15,False,0,0,0,10,data_raw/Twitter15_16_dataset/twitter15/tree/726442550266044416.txt,"because target believes men can pee with girls, their stock has taken a huge hit. good. keep boycotting target. URL"
twitter15__727116900983934976,twitter15,727116900983934976,unverified,True,70,True,True,15515169,727116900983934976,True,0.0,0.00,142,143,142,0.00,15489.60,0.00,15489.60,15489.60,False,0,0,0,2,data_raw/Twitter15_16_dataset/twitter15/tree/727116900983934976.txt,. @target stock plunges in early days of @americanfamassc boycott. URL
twitter15__727172374999666688,twitter15,727172374999666688,unverified,True,116,True,True,196168350,727172374999666688,True,0.0,0.00,441,463,441,0.00,12577.05,0.00,12577.05,12577.05,False,0,0,2,32,data_raw/Twitter15_16_dataset/twitter15/tree/727172374999666688.txt,"we should pick a company a month. 1.1 million families join afa’s target boycott, stock takes $2.5 billion hit - URL"
twitter15__727179214546456577,twitter15,727179214546456577,unverified,True,98,True,True,457984599,727179214546456577,True,0.0,0.00,249,251,249,0.00,12053.52,0.00,12053.52,12053.52,False,0,0,0,9,data_raw/Twitter15_16_dataset/twitter15/tree/727179214546456577.txt,target's stock has taken a $2.5 billion hit over its insistence on insulting regular customers URL
twitter15__727187859367546880,twitter15,727187859367546880,unverified,True,92,True,True,33529092,727187859367546880,True,0.0,0.00,144,148,144,0.00,13013.83,0.00,13013.83,13013.83,False,0,0,0,4,data_raw/Twitter15_16_dataset/twitter15/tree/727187859367546880.txt,good news!: target stock plummets #lbgtq #bathroombill URL #tcot #pjnet #rednationrising URL
twitter15__727588444000526336,twitter15,727588444000526336,unverified,True,49,True,True,14669951,727588444000526336,True,0.0,0.00,265,264,265,0.00,69480.87,0.00,69480.87,69480.87,False,0,0,0,2,data_raw/Twitter15_16_dataset/twitter15/tree/727588444000526336.txt,payments to hard drive destruction company... URL
twitter15__727623131494387714,twitter15,727623131494387714,unverified,True,119,True,True,3540252020,727623131494387714,True,0.0,0.00,116,116,116,0.00,3760.03,0.00,3760.03,3760.03,False,0,0,0,0,data_raw/Twitter15_16_dataset/twitter15/tree/727623131494387714.txt,clinton campaign made payments to hard drive destruction company 🤔 destruction of 14 hard drives @hillaryclinton ⁉️ URL
twitter15__727834854931435522,twitter15,727834854931435522,unverified,True,116,True,True,26487169,727834854931435522,True,0.0,0.00,1045,1058,1045,0.00,141674.32,0.00,141674.32,141674.32,False,0,0,1,29,data_raw/Twitter15_16_dataset/twitter15/tree/727834854931435522.txt,evidence destroyed? campaign made payments to hard drive and document destruction company URL #makeamericagreatagain
twitter15__727854332188577792,twitter15,727854332188577792,unverified,True,112,True,True,366819502,727854332188577792,True,0.0,0.00,372,372,372,0.00,120280.30,0.00,120280.30,120280.30,False,0,0,0,2,data_raw/Twitter15_16_dataset/twitter15/tree/727854332188577792.txt,perhaps media should ask hillary about this clinton campaign made payments to hard drive destruction company URL
twitter15__727966590084485120,twitter15,727966590084485120,unverified,True,73,True,True,14511951,727966590084485120,True,0.0,0.00,281,292,281,0.00,5800.12,0.00,5800.12,5800.12,False,0,0,3,42,data_raw/Twitter15_16_dataset/twitter15/tree/727966590084485120.txt,.@caitlyn_jenner will reportedly pose nude for sports illustrated URL URL
twitter15__727982226290442240,twitter15,727982226290442240,unverified,True,75,True,True,19091173,727982226290442240,True,0.0,0.00,127,129,127,0.00,14161.12,0.00,14161.12,14161.12,False,0,0,0,7,data_raw/Twitter15_16_dataset/twitter15/tree/727982226290442240.txt,surprise! => @target stock drops since #transgender bathroom policy URL URL
twitter15__728013148788154368,twitter15,728013148788154368,unverified,True,68,True,True,9648652,728013148788154368,True,0.0,0.00,438,443,438,0.00,28780.27,0.00,28780.27,28780.27,False,0,0,0,8,data_raw/Twitter15_16_dataset/twitter15/tree/728013148788154368.txt,report: caitlyn jenner will pose nude for sports illustrated URL URL
twitter15__728038172270198787,twitter15,728038172270198787,unverified,True,117,False,True,584031440,728038172270198787,True,0.0,0.00,468,468,468,0.00,79221.80,0.00,79221.80,79221.80,False,0,0,0,1,data_raw/Twitter15_16_dataset/twitter15/tree/728038172270198787.txt,caitlyn jenner will pose nude on the sports illustrated cover. nothing says sexy like a 66 year old chick with balls.
twitter15__728101712762834944,twitter15,728101712762834944,unverified,True,71,False,True,2267865715,728101712762834944,True,0.0,0.00,144,145,144,0.00,3708.90,0.00,3708.90,3708.90,False,0,0,0,0,data_raw/Twitter15_16_dataset/twitter15/tree/728101712762834944.txt,caitlyn jenner about to post nude for cover of sports illustrated.... 😳
twitter15__728207861050970112,twitter15,728207861050970112,unverified,True,119,False,True,307478701,728207861050970112,True,0.0,0.00,437,436,437,0.00,20463.23,0.00,20463.23,20463.23,False,0,0,0,0,data_raw/Twitter15_16_dataset/twitter15/tree/728207861050970112.txt,caitlyn jenner will pose nude on the sports illustrated cover. her balls will be censored by a sad michael jordan face.
twitter15__728273551883534336,twitter15,728273551883534336,unverified,True,119,False,True,1406346067,728273551883534336,True,0.0,0.00,426,425,426,0.00,62388.97,0.00,62388.97,62388.97,False,0,0,0,1,data_raw/Twitter15_16_dataset/twitter15/tree/728273551883534336.txt,caitlyn jenner will pose nude on the sports illustrated cover. her balls will be censored by a sad michael jordan face.
twitter15__728625967921401856,twitter15,728625967921401856,unverified,True,99,True,True,10168082,728625967921401856,True,0.0,0.00,118,118,118,0.00,26055.18,0.00,26055.18,26055.18,False,0,0,0,4,data_raw/Twitter15_16_dataset/twitter15/tree/728625967921401856.txt,the retail giant has taken huge hits as consumers react to their misguided bathroom policy. URL URL
twitter15__728631482722308096,twitter15,728631482722308096,unverified,True,120,True,True,462104542,728631482722308096,True,0.0,0.00,164,165,164,0.00,27809.13,0.00,27809.13,27809.13,False,0,0,0,3,data_raw/Twitter15_16_dataset/twitter15/tree/728631482722308096.txt,afa' rios: target's transgender bathroom policy is 'push from the left to deconstruct the family' URL via @breitbartnews
twitter15__729647367457230850,twitter15,729647367457230850,unverified,True,88,True,True,91478624,729647367457230850,True,0.0,0.00,173,172,173,0.00,3550.32,0.00,3550.32,3550.32,False,0,0,0,1,data_raw/Twitter15_16_dataset/twitter15/tree/729647367457230850.txt,leading causes of death in the u.s.: 1. heart disease 2. cancer 3. medical error URL URL
twitter15__730516765525082112,twitter15,730516765525082112,unverified,True,54,True,True,14294848,730516765525082112,True,0.0,0.00,122,121,122,0.00,30177.05,0.00,30177.05,30177.05,False,0,0,0,1,data_raw/Twitter15_16_dataset/twitter15/tree/730516765525082112.txt,a canadian teen didn't find a lost mayan city: URL URL
twitter15__730939370765754368,twitter15,730939370765754368,unverified,True,81,True,True,2461452080,730939370765754368,True,0.0,0.00,233,255,233,0.00,18624.73,0.00,18624.73,18624.73,False,0,0,3,128,data_raw/Twitter15_16_dataset/twitter15/tree/730939370765754368.txt,ca grand dragon endorses hillary clinton on behalf of the kkk. #trump2016 URL URL
twitter15__731166399389962242,twitter15,731166399389962242,unverified,True,76,True,True,431917957,731166399389962242,True,0.0,0.00,145,147,145,0.00,171903.50,0.00,171903.50,171903.50,False,0,0,0,3,data_raw/Twitter15_16_dataset/twitter15/tree/731166399389962242.txt,🔥ca kkk grand wizard 🔥 endorses @hillaryclinton #neverhillary #trump2016 URL
twitter15__732004388181434368,twitter15,732004388181434368,unverified,True,66,True,True,27500565,732004388181434368,True,0.0,0.00,120,122,120,0.00,83476.80,0.00,83476.80,83476.80,False,0,0,1,2,data_raw/Twitter15_16_dataset/twitter15/tree/732004388181434368.txt,target’s new transgender policy raises all sorts of questions. URL
twitter15__732971411157880832,twitter15,732971411157880832,unverified,True,116,True,True,84014340,732971411157880832,True,0.0,0.00,109,110,109,0.00,67612.02,0.00,67612.02,67612.02,False,0,0,1,3,data_raw/Twitter15_16_dataset/twitter15/tree/732971411157880832.txt,here's an interesting look at $tgt target's stock price since it implemented it's transgender bathroom policy... URL
twitter15__733242244522725376,twitter15,733242244522725376,unverified,True,98,True,True,1372786812,733242244522725376,True,0.0,0.00,151,153,151,0.00,10221.15,0.00,10221.15,10221.15,False,0,0,1,1,data_raw/Twitter15_16_dataset/twitter15/tree/733242244522725376.txt,"🎯 #target backlash over transgender bathroom policy hits ""boiling♨️point""❗️ URL #boycotttarget URL"
twitter15__740748123581087745,twitter15,740748123581087745,unverified,True,115,True,True,60113766,740748123581087745,True,0.0,0.00,599,620,599,0.00,30760.63,0.00,30760.63,30760.63,False,0,0,1,20,data_raw/Twitter15_16_dataset/twitter15/tree/740748123581087745.txt,first female candidate for president was not @hillaryclinton it was victoria woodhull in 1872 #nhpolitics #tcot URL
twitter15__740791134146965504,twitter15,740791134146965504,unverified,True,117,True,True,82447359,740791134146965504,True,0.0,0.00,256,262,256,0.00,8240.05,0.00,8240.05,8240.05,False,0,0,1,14,data_raw/Twitter15_16_dataset/twitter15/tree/740791134146965504.txt,dear @hillaryclinton you're not the 1st woman presidential candidate. victoria woodhull is. look @realdonaldtrump URL
twitter15__741995157969592321,twitter15,741995157969592321,unverified,True,67,True,True,3092625141,741995157969592321,True,0.0,0.00,401,425,401,0.00,9423.97,0.00,9423.97,9423.97,False,0,0,2,43,data_raw/Twitter15_16_dataset/twitter15/tree/741995157969592321.txt,"orlando shooter, muslim, omar mateen was a registered democrat. URL"
twitter15__742012307694223361,twitter15,742012307694223361,unverified,True,60,True,True,236487888,742012307694223361,True,0.0,0.00,277,279,277,0.00,2542.42,0.00,2542.42,2542.42,False,0,0,0,7,data_raw/Twitter15_16_dataset/twitter15/tree/742012307694223361.txt,#orlando oh look the muslim shooter was also a democrat! URL
twitter15__742050150307246080,twitter15,742050150307246080,unverified,True,109,True,True,16190478,742050150307246080,True,0.0,0.00,167,169,167,0.00,83920.83,0.00,83920.83,83920.83,False,0,0,2,9,data_raw/Twitter15_16_dataset/twitter15/tree/742050150307246080.txt,shooter in orlando was: a. muslim b. registered democrat voter c. isis d. homophobic e. ready for hillary URL
twitter15__742055437932040193,twitter15,742055437932040193,unverified,True,120,True,True,358545917,742055437932040193,True,0.0,0.00,1018,1031,1018,0.00,12276.88,0.00,12276.88,12276.88,False,0,0,5,24,data_raw/Twitter15_16_dataset/twitter15/tree/742055437932040193.txt,"because the orlando shooter who murdered gay people was a registered democrat and muslim, the media is going silent. URL"
twitter15__742114513726623744,twitter15,742114513726623744,unverified,True,66,True,True,14294848,742114513726623744,True,0.0,0.00,145,155,145,0.00,998.15,0.00,998.15,998.15,False,0,0,0,40,data_raw/Twitter15_16_dataset/twitter15/tree/742114513726623744.txt,a tweet from @realdonaldtrump about the #orlando shooting: URL URL
twitter15__742571519105077248,twitter15,742571519105077248,unverified,True,100,True,True,1090556088,742571519105077248,True,0.0,0.00,114,113,114,0.00,1381.40,0.00,1381.40,1381.40,False,0,0,0,2,data_raw/Twitter15_16_dataset/twitter15/tree/742571519105077248.txt,considering the #orlando shooter was a registered democrat i'd like to just put these back here: URL
twitter15__742678930516123650,twitter15,742678930516123650,unverified,True,106,True,True,24923175,742678930516123650,True,0.0,0.00,415,422,415,0.00,15371.57,0.00,15371.57,15371.57,False,0,0,2,33,data_raw/Twitter15_16_dataset/twitter15/tree/742678930516123650.txt,gay muslim democrat terrorist threatened to kill his classmates. when he was 10. but nra or something. URL
twitter15__743058135300988932,twitter15,743058135300988932,unverified,True,136,False,True,708522042,743058135300988932,True,0.0,0.00,323,324,323,0.00,97077.35,0.00,97077.35,97077.35,False,0,0,0,3,data_raw/Twitter15_16_dataset/twitter15/tree/743058135300988932.txt,"so now we know, orlando shooter was a gay, muslim, registered democrat. no wonder liberals are trying to blame the gun. #orlandoshooting"
twitter15__743126914794037248,twitter15,743126914794037248,unverified,True,136,False,True,1647857366,743126914794037248,True,0.0,0.00,118,117,118,0.00,33445.30,0.00,33445.30,33445.30,False,0,0,0,0,data_raw/Twitter15_16_dataset/twitter15/tree/743126914794037248.txt,people blame the massacre in orlando on the nra. newsflash: the orlando shooter wasn't a nra member... but he was a registered democrat.
twitter15__744390771869102080,twitter15,744390771869102080,unverified,True,120,True,True,358545917,744390771869102080,True,0.0,0.00,247,247,247,0.00,37331.78,0.00,37331.78,37331.78,False,0,0,0,4,data_raw/Twitter15_16_dataset/twitter15/tree/744390771869102080.txt,one of the men who wanted to copy the #orlando shooter was stopped in l.a. he was a liberal democrat and #berniebro. URL
twitter15__745236050407194624,twitter15,745236050407194624,unverified,True,74,True,True,115754870,745236050407194624,True,0.0,0.00,97,96,97,0.00,2554.70,0.00,2554.70,2554.70,False,0,0,0,0,data_raw/Twitter15_16_dataset/twitter15/tree/745236050407194624.txt,the big one: 'large scale motion' detected along san andreas fault URL URL
twitter15__745365403237376000,twitter15,745365403237376000,unverified,True,52,True,True,56300259,742053606820438016,False,-13159.9,0.00,214,218,214,-13159.90,84578.37,0.00,84578.37,84578.37,True,0,0,3,3,data_raw/Twitter15_16_dataset/twitter15/tree/745365403237376000.txt,causes of death in usa in 2016 (through june 15) URL
twitter15__747275598347837440,twitter15,747275598347837440,unverified,True,110,True,True,1379288282,747275598347837440,True,0.0,0.00,371,375,371,0.00,12133.87,0.00,12133.87,12133.87,False,0,0,0,16,data_raw/Twitter15_16_dataset/twitter15/tree/747275598347837440.txt,newsflash⚡️the #orlando shooter was a muslim and a democrat✔️ not a republican or christian❌ #gaypride2016 URL
twitter15__747443219487678464,twitter15,747443219487678464,unverified,True,106,True,True,236487888,747443219487678464,True,0.0,0.00,132,133,132,0.00,1905.33,0.00,1905.33,1905.33,False,0,0,0,4,data_raw/Twitter15_16_dataset/twitter15/tree/747443219487678464.txt,"nyc pride parade after orlando: “republican hate kills"" no. the orlando shooter was a muslim democrat. URL"
twitter15__748543642323783681,twitter15,748543642323783681,unverified,True,100,True,True,16552921,748543642323783681,True,0.0,0.00,530,546,530,0.00,40923.65,0.00,40923.65,40923.65,False,0,0,4,18,data_raw/Twitter15_16_dataset/twitter15/tree/748543642323783681.txt,"obama cuts military pay third year in a row, while pushing $15 min. wage for burger flippers URL URL"
twitter15__748558349139058688,twitter15,748558349139058688,unverified,True,119,True,True,272114651,748558349139058688,True,0.0,0.00,180,179,180,0.00,9025.17,0.00,9025.17,9025.17,False,0,0,0,5,data_raw/Twitter15_16_dataset/twitter15/tree/748558349139058688.txt,obama cuts military pay 4third year in a row #isis 2nd terrorist attack in a week #wakeupamerica r u ok w this? #2a URL
twitter15__748640007934590976,twitter15,748640007934590976,unverified,True,95,True,True,759251,748640007934590976,True,0.0,0.00,138,146,138,0.00,4778.25,0.00,4778.25,4778.25,False,0,0,2,55,data_raw/Twitter15_16_dataset/twitter15/tree/748640007934590976.txt,what's the no. 1 killer of americans? these rankings have changed little over the years URL URL
twitter15__749286768554438658,twitter15,749286768554438658,unverified,True,95,True,True,759251,749286768554438658,True,0.0,0.00,165,167,165,0.00,5566.45,0.00,5566.45,5566.45,False,0,0,0,7,data_raw/Twitter15_16_dataset/twitter15/tree/749286768554438658.txt,what's the no. 1 killer of americans? these rankings have changed little over the years URL URL
twitter15__751856580874960897,twitter15,751856580874960897,unverified,True,118,True,True,198286584,751856580874960897,True,0.0,0.00,166,166,166,0.00,25139.45,0.00,25139.45,25139.45,False,0,0,0,1,data_raw/Twitter15_16_dataset/twitter15/tree/751856580874960897.txt,"should say ""labor unions aligned with @hillaryclinton"" stopped dems from saying no tpp-they don't speak for nurses URL"
twitter15__752875379765968897,twitter15,752875379765968897,unverified,True,115,False,True,8215672,752875379765968897,True,0.0,0.00,251,267,251,0.00,12982.48,0.00,12982.48,12982.48,False,0,0,0,11,data_raw/Twitter15_16_dataset/twitter15/tree/752875379765968897.txt,"ted cruz is apparently riding with the president on air force one en route to dallas. man, barack obama is a saint."
twitter15__752965545528528898,twitter15,752965545528528898,unverified,True,82,True,True,14499829,752934272500109313,False,-124.27,0.00,141,141,141,-124.27,31020.78,0.00,31020.78,31020.78,True,0,0,16,6,data_raw/Twitter15_16_dataset/twitter15/tree/752965545528528898.txt,homicide is among the top five causes of death in adolescents URL #endviolence URL
twitter15__755447443009916929,twitter15,755447443009916929,unverified,True,97,True,True,10774652,755447443009916929,True,0.0,0.00,127,129,127,0.00,9879.93,0.00,9879.93,9879.93,False,0,0,0,1,data_raw/Twitter15_16_dataset/twitter15/tree/755447443009916929.txt,police shut down restaurant after officer cuts mouth on shards of glass found in sandwich URL URL
twitter15__755475529294352385,twitter15,755475529294352385,unverified,True,118,True,True,3272284375,755475529294352385,True,0.0,0.00,104,105,104,0.00,38529.80,0.00,38529.80,38529.80,False,0,0,0,4,data_raw/Twitter15_16_dataset/twitter15/tree/755475529294352385.txt,ohio police officer hospitalized after eating shards of glass in sandwich from columbus restaurant blackliesmatter URL
twitter15__755523157700648960,twitter15,755523157700648960,unverified,True,110,True,True,3293118434,755523157700648960,True,0.0,0.00,161,166,161,0.00,3740.12,0.00,3740.12,3740.12,False,0,0,4,10,data_raw/Twitter15_16_dataset/twitter15/tree/755523157700648960.txt,ohio police officer served sandwich containing shards of glass – officer has been hospitalized - #rncincle URL
twitter15__755548076438196225,twitter15,755548076438196225,unverified,True,71,True,True,1075460258,755548076438196225,True,0.0,0.00,138,139,138,0.00,8360.72,0.00,8360.72,8360.72,False,0,0,1,8,data_raw/Twitter15_16_dataset/twitter15/tree/755548076438196225.txt,"colombus, ohio police officer served sandwich with shards of glass. URL"
twitter15__756282236375277568,twitter15,756282236375277568,unverified,True,74,True,True,15164565,756282236375277568,True,0.0,0.00,115,115,115,0.00,1805.27,0.00,1805.27,1805.27,False,0,0,1,6,data_raw/Twitter15_16_dataset/twitter15/tree/756282236375277568.txt,"""laziness is a trait in blacks,"" 1991 book quotes trump as saying: URL URL"
twitter15__757190314880884736,twitter15,757190314880884736,unverified,True,119,True,True,510455186,757190314880884736,True,0.0,0.00,140,142,140,0.00,38245.28,0.00,38245.28,38245.28,False,0,0,18,1,data_raw/Twitter15_16_dataset/twitter15/tree/757190314880884736.txt,"donald trump: ""...laziness is a trait in blacks. it really is, i believe that. it’s not anything they can control.” URL"
twitter15__757367391202471937,twitter15,757367391202471937,unverified,True,74,True,True,15164565,757367391202471937,True,0.0,0.00,235,238,235,0.00,2700.53,0.00,2700.53,2700.53,False,0,0,1,2,data_raw/Twitter15_16_dataset/twitter15/tree/757367391202471937.txt,"""laziness is a trait in blacks,"" 1991 book quotes trump as saying: URL URL"
twitter15__757450526153900032,twitter15,757450526153900032,unverified,True,81,True,True,786764,757450526153900032,True,0.0,0.00,145,147,145,0.00,22847.52,0.00,22847.52,22847.52,False,0,0,0,3,data_raw/Twitter15_16_dataset/twitter15/tree/757450526153900032.txt,victoria woodhull ran for us president 144 years before hillary clinton 📻 URL URL
twitter15__757748522481491968,twitter15,757748522481491968,unverified,True,83,True,True,393190233,757748522481491968,True,0.0,0.00,388,388,388,0.00,97393.65,0.00,97393.65,97393.65,False,0,0,0,6,data_raw/Twitter15_16_dataset/twitter15/tree/757748522481491968.txt,tim kaine & his besties the muslim brotherhood URL #demsinphilly #dncconvention URL
twitter15__758825535480864769,twitter15,758825535480864769,unverified,True,120,True,True,3364589120,758825535480864769,True,0.0,0.00,138,138,138,0.00,7515.28,0.00,7515.28,7515.28,False,0,0,0,3,data_raw/Twitter15_16_dataset/twitter15/tree/758825535480864769.txt,hillary clinton is lying. clinton is not first woman nominated for president. it was victoria woodhull in 1872. to … URL
twitter15__759653274605740032,twitter15,759653274605740032,non-rumor,True,85,True,True,8936082,759653274605740032,True,0.0,0.00,813,818,813,0.00,16352.82,0.00,16352.82,16352.82,False,0,0,0,3,data_raw/Twitter15_16_dataset/twitter15/tree/759653274605740032.txt,poll: five percent of americans would vote harambe the dead ape for president URL URL
twitter15__760109079133990912,twitter15,760109079133990912,unverified,True,31,True,True,44945327,760109079133990912,True,0.0,0.00,151,152,151,0.00,24738.58,0.00,24738.58,24738.58,False,0,0,1,37,data_raw/Twitter15_16_dataset/twitter15/tree/760109079133990912.txt,“after school satan clubs”? URL
twitter15__760120409429643266,twitter15,760120409429643266,unverified,True,99,True,True,44945327,760120409429643266,True,0.0,0.00,429,472,429,0.00,32393.18,0.00,32393.18,32393.18,False,0,0,7,154,data_raw/Twitter15_16_dataset/twitter15/tree/760120409429643266.txt,pray for parents and school leadership to have wisdom to refuse these after school satan clubs! URL
twitter15__760928376668454912,twitter15,760928376668454912,unverified,True,117,True,True,70468535,760928376668454912,True,0.0,0.00,292,291,292,0.00,69127.03,0.00,69127.03,69127.03,False,0,0,0,4,data_raw/Twitter15_16_dataset/twitter15/tree/760928376668454912.txt,"before hillary clinton, there was victoria woodhull, a pro-life feminist who ran and was nominated for president. URL"
twitter15__761027420849745920,twitter15,761027420849745920,non-rumor,True,93,True,True,13215132,761027420849745920,True,0.0,0.00,676,677,676,0.00,57307.58,0.00,57307.58,57307.58,False,0,0,0,1,data_raw/Twitter15_16_dataset/twitter15/tree/761027420849745920.txt,"after two weeks, thousands of gravity falls fans completed this global scavenger hunt URL URL"
twitter15__761355585724055553,twitter15,761355585724055553,non-rumor,True,119,True,True,30313925,761355585724055553,True,0.0,0.00,708,707,708,0.00,37212.17,0.00,37212.17,37212.17,False,0,0,0,13,data_raw/Twitter15_16_dataset/twitter15/tree/761355585724055553.txt,"every summer since taking office, our interns surprised @potus with a birthday card. #tbt to the 1st one from 2009: URL"
twitter15__761381302260031489,twitter15,761381302260031489,non-rumor,True,27,True,True,30313925,761381302260031489,True,0.0,0.00,1715,1716,1715,0.00,19282.02,0.00,19282.02,19282.02,False,0,0,12,46,data_raw/Twitter15_16_dataset/twitter15/tree/761381302260031489.txt,"happy birthday, @potus! URL"
twitter15__761675705956655109,twitter15,761675705956655109,non-rumor,True,88,True,True,20012204,761675705956655109,True,0.0,0.00,859,865,859,0.00,12181.62,0.00,12181.62,12181.62,False,0,0,0,4,data_raw/Twitter15_16_dataset/twitter15/tree/761675705956655109.txt,exclusive! angelina jolie will be a visiting professor at georgetown university: URL URL
twitter15__762775964224847872,twitter15,762775964224847872,non-rumor,True,93,True,True,30313925,762775964224847872,True,0.0,0.00,1156,1172,1156,0.00,57701.75,0.00,57701.75,57701.75,False,0,0,5,38,data_raw/Twitter15_16_dataset/twitter15/tree/762775964224847872.txt,watch @potus and @flotus share their favorite olympic memories—and cheer on #teamusa: URL URL
twitter15__763404633217835009,twitter15,763404633217835009,non-rumor,True,79,True,True,20012204,763404633217835009,True,0.0,0.00,1432,1440,1432,0.00,14597.57,0.00,14597.57,14597.57,False,0,0,0,8,data_raw/Twitter15_16_dataset/twitter15/tree/763404633217835009.txt,"kendall jenner and a$ap rocky are ""full-on dating"" — exclusive details! URL URL"
twitter15__763428684850094080,twitter15,763428684850094080,unverified,True,85,True,True,825501626,763428684850094080,True,0.0,0.00,112,118,112,0.00,2838.88,0.00,2838.88,2838.88,False,0,0,0,7,data_raw/Twitter15_16_dataset/twitter15/tree/763428684850094080.txt,breaking video : hillary surrogate calls for the assassination of julian assange. URL
twitter15__763430916236640256,twitter15,763430916236640256,unverified,True,74,True,True,4855687055,763430916236640256,True,0.0,0.00,109,112,109,0.00,16075.73,0.00,16075.73,16075.73,False,0,0,0,3,data_raw/Twitter15_16_dataset/twitter15/tree/763430916236640256.txt,hillary surroagte bob beckel calls for assassination of julian assange URL
twitter15__763524712853102596,twitter15,763524712853102596,unverified,True,114,True,True,205644304,763524712853102596,True,0.0,0.00,250,255,250,0.00,10358.88,0.00,10358.88,10358.88,False,0,0,0,22,data_raw/Twitter15_16_dataset/twitter15/tree/763524712853102596.txt,hillary clinton strategist bob beckel called for wikileaks editor julian assange to be assassinated. #dncleaks URL
twitter15__763738618573623297,twitter15,763738618573623297,unverified,True,116,True,True,15669672,763738618573623297,True,0.0,0.00,157,157,157,0.00,28816.88,0.00,28816.88,28816.88,False,0,0,0,7,data_raw/Twitter15_16_dataset/twitter15/tree/763738618573623297.txt,hillary clinton strategist bob beckel called for wikileaks editor julian assange to be assassinated: i do not... URL
twitter15__763896522790440960,twitter15,763896522790440960,unverified,True,103,True,True,72882689,763896522790440960,True,0.0,0.00,98,99,98,0.00,3781.35,0.00,3781.35,3781.35,False,0,0,0,1,data_raw/Twitter15_16_dataset/twitter15/tree/763896522790440960.txt,layton police officer hospitalized after subway worker serves him meth and thc in his drink (video) URL
twitter15__764158239089029120,twitter15,764158239089029120,non-rumor,True,87,True,True,30313925,764158239089029120,True,0.0,0.00,803,803,803,0.00,39061.73,0.00,39061.73,39061.73,False,0,0,0,20,data_raw/Twitter15_16_dataset/twitter15/tree/764158239089029120.txt,young people have the power and potential to change the world. happy #youthday! URL URL
twitter15__764368020391223296,twitter15,764368020391223296,unverified,True,91,True,True,4855687055,764368020391223296,True,0.0,0.00,123,123,123,0.00,26289.62,0.00,26289.62,26289.62,False,0,0,0,3,data_raw/Twitter15_16_dataset/twitter15/tree/764368020391223296.txt,video : clueless hillary clinton calls for americans to respect and empathize with isis URL
twitter15__764449685897568256,twitter15,764449685897568256,non-rumor,True,25,True,True,20065936,764449685897568256,True,0.0,0.00,663,662,663,0.00,12892.80,0.00,12892.80,12892.80,False,0,0,0,4,data_raw/Twitter15_16_dataset/twitter15/tree/764449685897568256.txt,happy #lefthandersday URL
twitter15__764473554431725568,twitter15,764473554431725568,non-rumor,True,102,True,True,30313925,764473554431725568,True,0.0,0.00,758,761,758,0.00,22943.45,0.00,22943.45,22943.45,False,0,0,4,34,data_raw/Twitter15_16_dataset/twitter15/tree/764473554431725568.txt,we've only got one planet. watch @potus share the progress we've made to protect it. #actonclimate URL
twitter15__764505291853627392,twitter15,764505291853627392,non-rumor,True,74,True,True,3646911,764505291853627392,True,0.0,0.00,1954,1956,1954,0.00,37721.97,0.00,37721.97,37721.97,False,0,0,1,7,data_raw/Twitter15_16_dataset/twitter15/tree/764505291853627392.txt,"rip kenny baker, the actor behind legendary star wars droid r2-d2: URL URL"
twitter15__764573523713011713,twitter15,764573523713011713,non-rumor,True,120,True,True,30313925,764573523713011713,True,0.0,0.00,726,732,726,0.00,47067.75,0.00,47067.75,47067.75,False,0,0,17,87,data_raw/Twitter15_16_dataset/twitter15/tree/764573523713011713.txt,"""we've set the first-ever national standards limiting the amount of carbon pollution power plants"" can emit —@potus: URL"
twitter15__764620072228970496,twitter15,764620072228970496,non-rumor,True,99,True,True,20012204,764620072228970496,True,0.0,0.00,817,828,817,0.00,10982.10,0.00,10982.10,10982.10,False,0,0,2,8,data_raw/Twitter15_16_dataset/twitter15/tree/764620072228970496.txt,"ibtihaj muhammad wins bronze in fencing, becomes first u.s. olympian to compete in a hijab: URL URL"
twitter15__764653644138450945,twitter15,764653644138450945,non-rumor,True,134,False,True,30313925,764653644138450945,True,0.0,0.00,1332,1336,1332,0.00,51579.53,0.00,51579.53,51579.53,False,0,0,2,18,data_raw/Twitter15_16_dataset/twitter15/tree/764653644138450945.txt,"hard work, focus, and a dream—that’s the spirit of @michaelphelps. tonight, we congratulate him and all of @teamusa on making history."
twitter15__764753085675761664,twitter15,764753085675761664,non-rumor,True,101,True,True,5402612,764753085675761664,True,0.0,0.00,956,958,956,0.00,9489.08,0.00,9489.08,9489.08,False,0,0,0,14,data_raw/Twitter15_16_dataset/twitter15/tree/764753085675761664.txt,nigerian islamist group boko haram releases video purporting to show kidnapped chibok schoolgirls URL
twitter15__765141361033109504,twitter15,765141361033109504,non-rumor,True,116,True,True,5402612,765141361033109504,True,0.0,0.00,798,807,798,0.00,7558.55,0.00,7558.55,7558.55,False,0,0,4,18,data_raw/Twitter15_16_dataset/twitter15/tree/765141361033109504.txt,man who died after being shot with taser by police in shropshire believed to be ex-football star dalian atkinson URL
twitter15__765631087867367426,twitter15,765631087867367426,non-rumor,True,120,True,True,30313925,765631087867367426,True,0.0,0.00,857,861,857,0.00,16893.87,0.00,16893.87,16893.87,False,0,0,4,24,data_raw/Twitter15_16_dataset/twitter15/tree/765631087867367426.txt,good news: 185 businesses answered @potus's call to give americans with a criminal record a fair chance at a future. URL
twitter15__765735409984806912,twitter15,765735409984806912,unverified,True,120,True,True,15359578,765735409984806912,True,0.0,0.00,187,192,187,0.00,9393.58,0.00,9393.58,9393.58,False,0,0,0,11,data_raw/Twitter15_16_dataset/twitter15/tree/765735409984806912.txt,"trump: dems ""failed and betrayed the africanamerican community” trump: “laziness is a trait in blacks, it really is"" URL"
twitter15__765863022506151937,twitter15,765863022506151937,non-rumor,True,118,True,True,5402612,765863022506151937,True,0.0,0.00,1007,1008,1007,0.00,9512.53,0.00,9512.53,9512.53,False,0,0,1,15,data_raw/Twitter15_16_dataset/twitter15/tree/765863022506151937.txt,"irish and european ioc chief patrick hickey arrested in rio over illegal olympic ticket sales, brazil media report URL"
twitter15__765887221736046592,twitter15,765887221736046592,unverified,True,137,False,True,3092625141,765887221736046592,True,0.0,0.00,193,205,193,0.00,11845.08,0.00,11845.08,11845.08,False,0,0,2,29,data_raw/Twitter15_16_dataset/twitter15/tree/765887221736046592.txt,"#whiteliberalproverbs"" i'll have them n*ggers voting democratic for the next two hundred years"". lbj, founder of the modern welfare state"
twitter15__765934198297362432,twitter15,765934198297362432,non-rumor,True,120,True,True,428333,765934198297362432,True,0.0,0.00,931,942,931,0.00,21910.38,0.00,21910.38,21910.38,False,0,0,1,21,data_raw/Twitter15_16_dataset/twitter15/tree/765934198297362432.txt,"judge issues search warrants, seizure of passports for 2 us swimmers, including ryan lochte, around alleged robbery. URL"
twitter15__766299560415223808,twitter15,766299560415223808,non-rumor,True,116,True,True,5402612,766299560415223808,True,0.0,0.00,1156,1177,1156,0.00,9215.33,0.00,9215.33,9215.33,False,0,0,2,46,data_raw/Twitter15_16_dataset/twitter15/tree/766299560415223808.txt,"us olympic swimmers ""invented"" robbery story to cover up petrol station altercation, rio police sources tell bbc URL"
twitter15__766299795833102336,twitter15,766299795833102336,non-rumor,True,93,True,True,428333,766299795833102336,True,0.0,0.00,646,651,646,0.00,3302.72,0.00,3302.72,3302.72,False,0,0,0,2,data_raw/Twitter15_16_dataset/twitter15/tree/766299795833102336.txt,"after initial dq, us women reinstated, will re-run 4x100m relay in bid to make final. URL URL"
twitter15__766307327922335745,twitter15,766307327922335745,non-rumor,True,95,True,True,5402612,766307327922335745,True,0.0,0.00,1096,1105,1096,0.00,30893.65,0.00,30893.65,30893.65,False,0,0,0,22,data_raw/Twitter15_16_dataset/twitter15/tree/766307327922335745.txt,"us justice department will phase out use of privately owned prisons, citing safety concerns URL"
twitter15__766316494695305218,twitter15,766316494695305218,non-rumor,True,37,True,True,8936082,766316494695305218,True,0.0,0.00,2308,2353,2308,0.00,8422.77,0.00,8422.77,8422.77,False,0,0,6,54,data_raw/Twitter15_16_dataset/twitter15/tree/766316494695305218.txt, URL to end operations next week: URL
twitter15__766358933296517121,twitter15,766358933296517121,non-rumor,True,116,True,True,428333,766358933296517121,True,0.0,0.00,706,725,706,0.00,23199.53,0.00,23199.53,23199.53,False,0,0,4,34,data_raw/Twitter15_16_dataset/twitter15/tree/766358933296517121.txt,"american swimmers who claimed that they were robbed in rio should apologize to residents, brazilian police said. URL"
twitter15__766452700049473536,twitter15,766452700049473536,non-rumor,True,99,True,True,428333,766452700049473536,True,0.0,0.00,722,721,722,0.00,22826.70,0.00,22826.70,22826.70,False,0,0,0,12,data_raw/Twitter15_16_dataset/twitter15/tree/766452700049473536.txt,"olympics: usain bolt wins 200m gold, staying on track for 3 golds in 3 events at 3 olympics URL URL"
twitter15__766638613320859648,twitter15,766638613320859648,non-rumor,True,58,True,True,5402612,766638613320859648,True,0.0,0.00,637,637,637,0.00,4556.65,0.00,4556.65,4556.65,False,0,0,0,11,data_raw/Twitter15_16_dataset/twitter15/tree/766638613320859648.txt,donald trump's campaign chairman paul manafort resigns URL
twitter15__766719302401613825,twitter15,766719302401613825,non-rumor,True,84,True,True,16374678,766719302401613825,True,0.0,0.00,713,713,713,0.00,10629.58,0.00,10629.58,10629.58,False,0,0,0,4,data_raw/Twitter15_16_dataset/twitter15/tree/766719302401613825.txt,dog dies after protecting 8-month-old baby girl from house fire in baltimore URL URL
twitter15__766789709045518336,twitter15,766789709045518336,unverified,True,109,True,True,15115280,766789709045518336,True,0.0,0.00,242,253,242,0.00,2408.37,0.00,2408.37,2408.37,False,0,0,3,26,data_raw/Twitter15_16_dataset/twitter15/tree/766789709045518336.txt,"donald trump goes to louisiana flooding site, spends a minute handing out play-doh, leaves URL #whereshillary"
twitter15__766808183696351233,twitter15,766808183696351233,unverified,True,114,True,True,373564351,766808183696351233,True,0.0,0.00,274,280,274,-147.20,83284.78,0.00,83284.78,83284.78,True,0,0,4,8,data_raw/Twitter15_16_dataset/twitter15/tree/766808183696351233.txt,"""laziness is a trait in blacks""-trump, according to former president of trump plaza hotel and casino @vitico46 URL"
twitter15__766989078294306816,twitter15,766989078294306816,non-rumor,True,90,True,True,14075928,766989078294306816,True,0.0,0.00,694,695,694,0.00,20229.72,0.00,20229.72,20229.72,False,0,0,0,0,data_raw/Twitter15_16_dataset/twitter15/tree/766989078294306816.txt,report: more american fifth-graders taking gap year to unwind before middle school URL URL
twitter15__767068504277344260,twitter15,767068504277344260,non-rumor,True,99,True,True,428333,767068504277344260,True,0.0,0.00,2373,2418,2373,0.00,21674.42,0.00,21674.42,21674.42,False,0,0,9,90,data_raw/Twitter15_16_dataset/twitter15/tree/767068504277344260.txt,older brother of syrian boy in iconic image dies of injuries from airstrike on family home. URL URL
twitter15__767094580634202112,twitter15,767094580634202112,non-rumor,True,106,True,True,30313925,767094580634202112,True,0.0,0.00,650,649,650,0.00,14405.75,0.00,14405.75,14405.75,False,0,0,3,13,data_raw/Twitter15_16_dataset/twitter15/tree/767094580634202112.txt,"""as fdr once said: 'there is nothing so american as our national parks'"" —@potus #nps100 #findyourpark URL"
twitter15__767154835993063425,twitter15,767154835993063425,non-rumor,True,99,True,True,428333,767154835993063425,True,0.0,0.00,633,634,633,0.00,20035.35,0.00,20035.35,20035.35,False,0,0,0,7,data_raw/Twitter15_16_dataset/twitter15/tree/767154835993063425.txt,"olympics: matthew centrowitz wins men's 1,500m race, first gold for us in event since 1908. URL URL"
twitter15__767170849472405508,twitter15,767170849472405508,non-rumor,True,99,True,True,428333,767170849472405508,True,0.0,0.00,657,657,657,0.00,19971.63,0.00,19971.63,19971.63,False,0,0,0,6,data_raw/Twitter15_16_dataset/twitter15/tree/767170849472405508.txt,"olympics: us women win 6th straight 4x400m-relay gold, giving allyson felix 6 career golds. URL URL"
twitter15__767218194385866752,twitter15,767218194385866752,non-rumor,True,109,True,True,2557521,767218194385866752,True,0.0,0.00,2786,2816,2786,0.00,11610.18,0.00,11610.18,11610.18,False,0,0,4,71,data_raw/Twitter15_16_dataset/twitter15/tree/767218194385866752.txt,#ufc202 was conor mcgregor's first fight ever to go into the championship rounds. he made the most of it. URL
twitter15__767223774072676354,twitter15,767223774072676354,non-rumor,True,95,True,True,428333,767223774072676354,True,0.0,0.00,635,636,635,0.00,21384.30,0.00,21384.30,21384.30,False,0,0,0,5,data_raw/Twitter15_16_dataset/twitter15/tree/767223774072676354.txt,"former 3 doors down guitarist matt roberts has died at age 38, according to his father. URL URL"
twitter15__767300637012951040,twitter15,767300637012951040,non-rumor,True,95,True,True,5402612,767300637012951040,True,0.0,0.00,646,653,646,0.00,32051.82,0.00,32051.82,32051.82,False,0,0,3,5,data_raw/Twitter15_16_dataset/twitter15/tree/767300637012951040.txt,"iraq executes 36 jihadists over 2014 massacre of up to 1,700 army recruits at camp speicher URL"
twitter15__767330549262278658,twitter15,767330549262278658,non-rumor,True,69,True,True,2557521,767330549262278658,True,0.0,0.00,898,915,898,0.00,8684.72,0.00,8684.72,8684.72,False,0,0,5,40,data_raw/Twitter15_16_dataset/twitter15/tree/767330549262278658.txt,part 1: nate diaz part 2: conor mcgregor can we expect a trilogy? URL
twitter15__767355611277168642,twitter15,767355611277168642,non-rumor,True,74,True,True,2557521,767355611277168642,True,0.0,0.00,679,680,679,0.00,27827.20,0.00,27827.20,27827.20,False,0,0,0,3,data_raw/Twitter15_16_dataset/twitter15/tree/767355611277168642.txt,"amid the chaos of winning gold, @neymarjr found a moment with his son. URL"
twitter15__767355933919997952,twitter15,767355933919997952,non-rumor,True,117,True,True,428333,767355933919997952,True,0.0,0.00,1047,1063,1047,0.00,19235.87,0.00,19235.87,19235.87,False,0,0,0,46,data_raw/Twitter15_16_dataset/twitter15/tree/767355933919997952.txt,"suicide bomber who killed at least 50 in turkey was aged 12-14, state-run news agency quotes president as saying. URL"
twitter15__767360696761905153,twitter15,767360696761905153,non-rumor,True,100,True,True,2367911,767360696761905153,True,0.0,0.00,631,633,631,0.00,19188.58,0.00,19188.58,19188.58,False,0,0,0,5,data_raw/Twitter15_16_dataset/twitter15/tree/767360696761905153.txt,this is @jackalltimelow asking you to watch the #vma #weekendbrunch that's starting right now. 🙌 URL
twitter15__767444114229059584,twitter15,767444114229059584,non-rumor,True,72,True,True,2557521,767444114229059584,True,0.0,0.00,1783,1782,1783,0.00,14834.30,0.00,14834.30,14834.30,False,0,0,0,5,data_raw/Twitter15_16_dataset/twitter15/tree/767444114229059584.txt,"halftime in rio. usa: 52 serbia: 29 kevin durant: 24 we see you, kd. URL"
twitter15__767462297270968321,twitter15,767462297270968321,non-rumor,True,119,True,True,2557521,767462297270968321,True,0.0,0.00,701,703,701,0.00,12689.42,0.00,12689.42,12689.42,False,0,0,0,16,data_raw/Twitter15_16_dataset/twitter15/tree/767462297270968321.txt,this was team usa's largest margin of victory in a gold-medal game since the dream team beat croatia by 32 in 1992. URL
twitter15__767463109778894848,twitter15,767463109778894848,non-rumor,True,115,True,True,2557521,767463109778894848,True,0.0,0.00,1721,1722,1721,0.00,7243.72,0.00,7243.72,7243.72,False,0,0,1,8,data_raw/Twitter15_16_dataset/twitter15/tree/767463109778894848.txt,"a golden send-off. in his final olympics, carmelo anthony becomes the first man to win three hoops gold medals. URL"
twitter15__767482587879051265,twitter15,767482587879051265,non-rumor,True,46,True,True,14669951,767482587879051265,True,0.0,0.00,791,791,791,0.00,9859.17,0.00,9859.17,9859.17,False,0,0,1,19,data_raw/Twitter15_16_dataset/twitter15/tree/767482587879051265.txt,crowd chants 'do your job!' at cnn crew... URL
twitter15__767515401831997440,twitter15,767515401831997440,non-rumor,True,98,True,True,14075928,767515401831997440,True,0.0,0.00,890,890,890,0.00,13967.82,0.00,13967.82,13967.82,False,0,0,0,3,data_raw/Twitter15_16_dataset/twitter15/tree/767515401831997440.txt,"‘keep it,’ says simone biles throwing gold medal to adoring men's gymnastics team URL #rio2016 URL"
twitter15__767520433247809536,twitter15,767520433247809536,non-rumor,True,107,True,True,15754281,767520433247809536,True,0.0,0.00,1546,1549,1546,0.00,25010.18,0.00,25010.18,25010.18,False,0,0,1,6,data_raw/Twitter15_16_dataset/twitter15/tree/767520433247809536.txt,"hugs! @simone_biles & @aly_raisman during the #closingceremony (photo: rob schumacher, @usatodaysports) URL"
twitter15__767528171520524288,twitter15,767528171520524288,non-rumor,True,98,True,True,972651,767528171520524288,True,0.0,0.00,551,553,551,0.00,4976.12,0.00,4976.12,4976.12,False,0,0,0,1,data_raw/Twitter15_16_dataset/twitter15/tree/767528171520524288.txt,japanese prime minister shinzo abe at #rio2016 closing ceremony is all our super mario dreams. URL
twitter15__767580827513397252,twitter15,767580827513397252,non-rumor,True,72,True,True,1652541,767580827513397252,True,0.0,0.00,1384,1423,1384,0.00,17968.85,0.00,17968.85,17968.85,False,0,0,3,63,data_raw/Twitter15_16_dataset/twitter15/tree/767580827513397252.txt,"mexican president pena nieto plagiarized law thesis, report says URL URL"
twitter15__767668607803359234,twitter15,767668607803359234,non-rumor,True,63,True,True,5988062,767668607803359234,True,0.0,0.00,896,896,896,0.00,30579.63,0.00,30579.63,30579.63,False,0,0,1,4,data_raw/Twitter15_16_dataset/twitter15/tree/767668607803359234.txt,our quote of the day is from american writer dorothy parker URL
twitter15__767710245779103744,twitter15,767710245779103744,non-rumor,True,118,True,True,428333,767710245779103744,True,0.0,0.00,873,880,873,0.00,39172.02,0.00,39172.02,39172.02,False,0,0,0,16,data_raw/Twitter15_16_dataset/twitter15/tree/767710245779103744.txt,"in a historic first, the international criminal court has classified destroying cultural artifacts as a war crime. URL"
twitter15__767715489485205505,twitter15,767715489485205505,non-rumor,True,92,True,True,2557521,767715489485205505,True,0.0,0.00,807,811,807,0.00,7705.02,0.00,7705.02,7705.02,False,0,0,0,5,data_raw/Twitter15_16_dataset/twitter15/tree/767715489485205505.txt,nothing to see here. just nuggets forward wilson chandler catching a 350-pound fish: URL URL
twitter15__767715524222578688,twitter15,767715524222578688,non-rumor,True,65,True,True,14075928,767715524222578688,True,0.0,0.00,590,590,590,0.00,18741.43,0.00,18741.43,18741.43,False,0,0,1,2,data_raw/Twitter15_16_dataset/twitter15/tree/767715524222578688.txt,"college graduate first person in family to waste $160,000 URL URL"
twitter15__767737100347191297,twitter15,767737100347191297,non-rumor,True,111,True,True,1367531,767737100347191297,True,0.0,0.00,836,859,836,0.00,7429.62,0.00,7429.62,7429.62,False,0,0,6,179,data_raw/Twitter15_16_dataset/twitter15/tree/767737100347191297.txt,".@realdonaldtrump's son, eric, slams @hillaryclinton & @potus for their response to flooding in #louisiana. URL"
twitter15__767768054163996672,twitter15,767768054163996672,non-rumor,True,25,True,True,2557521,767768054163996672,True,0.0,0.00,2124,2135,2124,0.00,20659.02,0.00,20659.02,20659.02,False,0,0,0,13,data_raw/Twitter15_16_dataset/twitter15/tree/767768054163996672.txt,it wasn't even close. URL
twitter15__767823175480647681,twitter15,767823175480647681,non-rumor,True,120,True,True,9300262,767823175480647681,True,0.0,0.00,2078,2106,2078,0.00,42080.58,0.00,42080.58,42080.58,False,0,0,2,60,data_raw/Twitter15_16_dataset/twitter15/tree/767823175480647681.txt,"mike pence: ""when donald trump becomes president, we won't be pay ransom to terrorists or terror-sponsoring states."" URL"
twitter15__767845555313774593,twitter15,767845555313774593,non-rumor,True,87,True,True,759251,767845555313774593,True,0.0,0.00,715,718,715,0.00,21367.13,0.00,21367.13,21367.13,False,0,0,0,4,data_raw/Twitter15_16_dataset/twitter15/tree/767845555313774593.txt,"minor leaguer hits grand slam, later finds out that he broke his own windshield URL URL"
twitter15__774833492865593344,twitter15,774833492865593344,unverified,True,120,True,True,3307277274,774833492865593344,True,0.0,0.00,439,469,439,0.00,51107.32,0.00,51107.32,51107.32,False,0,0,5,44,data_raw/Twitter15_16_dataset/twitter15/tree/774833492865593344.txt,"nurses save lives of all different races and colors, but @hillaryclinton thinks we belong in a #basketofdeplorables. URL"
twitter15__775672628493357057,twitter15,775672628493357057,unverified,True,119,True,True,26487169,775672628493357057,True,0.0,0.00,581,583,581,0.00,5991.25,0.00,5991.25,5991.25,False,0,0,0,17,data_raw/Twitter15_16_dataset/twitter15/tree/775672628493357057.txt,clinton hides failing health? full disclosure now: covert doctors and nurses URL via @mailonline #maga @realdonaldtrump
twitter15__778299287293816832,twitter15,778299287293816832,unverified,True,84,True,True,727472528,778299287293816832,True,0.0,0.00,179,179,179,0.00,7750.42,0.00,7750.42,7750.42,False,0,0,0,2,data_raw/Twitter15_16_dataset/twitter15/tree/778299287293816832.txt,will ny ag investigate clinton campaign credit card fraud re elderly donors? URL URL
twitter15__778530869208190976,twitter15,778530869208190976,unverified,True,120,True,True,4826510725,778530869208190976,True,0.0,0.00,151,154,151,0.00,7814.88,0.00,7814.88,7814.88,False,0,0,0,1,data_raw/Twitter15_16_dataset/twitter15/tree/778530869208190976.txt,hillary overcharges poorest campaign donors @lindasuhler @realdrgina @girlsfortrump @cinderella2b @kamvtv #us #usa🇺🇸 URL
twitter15__778572032531427332,twitter15,778572032531427332,unverified,True,112,True,True,16041234,778572032531427332,True,0.0,0.00,397,402,397,0.00,23184.80,0.00,23184.80,23184.80,False,0,0,0,17,data_raw/Twitter15_16_dataset/twitter15/tree/778572032531427332.txt,massachusetts court finds that it’s ‘reasonable’ for black men to run from police to avoid racial profiling… URL
twitter15__778625026144792577,twitter15,778625026144792577,unverified,True,112,True,True,16041234,778625026144792577,True,0.0,0.00,133,134,133,0.00,4412.85,0.00,4412.85,4412.85,False,0,0,0,1,data_raw/Twitter15_16_dataset/twitter15/tree/778625026144792577.txt,massachusetts court finds that it’s ‘reasonable’ for black men to run from police to avoid racial profiling… URL
twitter15__778681502825451520,twitter15,778681502825451520,unverified,True,90,True,True,115754870,778681502825451520,True,0.0,0.00,130,130,130,0.00,8116.58,0.00,8116.58,8116.58,False,0,0,0,8,data_raw/Twitter15_16_dataset/twitter15/tree/778681502825451520.txt,black men have legitimate reason to run from police – #massachusetts supreme court URL URL
twitter15__778689027918618625,twitter15,778689027918618625,unverified,True,78,True,True,5392522,778689027918618625,True,0.0,0.00,152,152,152,0.00,2910.78,0.00,2910.78,2910.78,False,0,0,0,0,data_raw/Twitter15_16_dataset/twitter15/tree/778689027918618625.txt,"black men may have cause to run from police, massachusetts high court says URL"
twitter15__778949749156245504,twitter15,778949749156245504,unverified,True,112,True,True,1137881,778949749156245504,True,0.0,0.00,370,371,370,0.00,4130.85,0.00,4130.85,4130.85,False,0,0,0,0,data_raw/Twitter15_16_dataset/twitter15/tree/778949749156245504.txt,"""a black man who runs from police merely might be trying to avoid the recurring indignity of being profiled"" URL"
twitter15__780436430732525569,twitter15,780436430732525569,unverified,True,116,True,True,18013279,780436430732525569,True,0.0,0.00,143,146,143,0.00,13191.93,0.00,13191.93,13191.93,False,0,0,2,7,data_raw/Twitter15_16_dataset/twitter15/tree/780436430732525569.txt,"well, this is a new one: chelsea clinton implies that marijuana can kill you. 2016, y’all. URL #mmot #p2 #tcot #tlot"
twitter15__780882510645370880,twitter15,780882510645370880,unverified,True,65,True,True,7900962,780882510645370880,True,0.0,0.00,1969,2048,1969,0.00,27852.50,0.00,27852.50,27852.50,False,0,0,11,78,data_raw/Twitter15_16_dataset/twitter15/tree/780882510645370880.txt,chelsea clinton implies here that marijuana can kill you. uhh URL
twitter16__498430783699554305,twitter16,498430783699554305,true,True,100,True,True,24165761,498430783699554305,True,0.0,0.00,267,272,267,0.00,3213.33,0.00,3213.33,3213.33,False,0,0,0,9,data_raw/Twitter15_16_dataset/twitter16/tree/498430783699554305.txt,witness: police allegedly stopped mike brown after yelling at him to walk on sidewalk. #ferguson URL
twitter16__500378223977721856,twitter16,500378223977721856,true,True,138,False,True,16116288,500378223977721856,True,0.0,0.00,92,92,92,0.00,2288.37,0.00,2288.37,2288.37,False,0,0,0,3,data_raw/Twitter15_16_dataset/twitter16/tree/500378223977721856.txt,"oh. so now the #ferguson police chief says the cop didn't know about the robbery when he stopped #mikebrown. the kid was ""jaywalking""? bs!"
twitter16__524922729485848576,twitter16,524922729485848576,true,True,96,True,True,44685373,524922729485848576,True,0.0,0.00,109,115,109,0.00,9092.45,0.00,9092.45,9092.45,False,0,0,3,14,data_raw/Twitter15_16_dataset/twitter16/tree/524922729485848576.txt,only photo i will tweet. cpr being performed on the soldier now. i heard four shots. #ottawa URL
twitter16__524923462398513152,twitter16,524923462398513152,true,True,115,False,True,247412653,524923462398513152,True,0.0,0.00,158,158,158,0.00,7548.02,0.00,7548.02,7548.02,False,0,0,0,3,data_raw/Twitter15_16_dataset/twitter16/tree/524923462398513152.txt,shots fired on parliament hill after a man walked up with a gun. i'm locked in a security office on parliament hill
twitter16__524923676484177920,twitter16,524923676484177920,true,True,76,True,True,42896073,524923676484177920,True,0.0,0.00,357,356,357,0.00,495.05,0.00,495.05,495.05,False,0,0,0,2,data_raw/Twitter15_16_dataset/twitter16/tree/524923676484177920.txt,breaking - shooting on parliament hill. rcmp have weapons drawn #cdnpoli URL
twitter16__524925050739490816,twitter16,524925050739490816,true,True,66,True,True,6433472,524925050739490816,True,0.0,0.00,237,236,237,0.00,687.30,0.00,687.30,687.30,False,0,0,0,1,data_raw/Twitter15_16_dataset/twitter16/tree/524925050739490816.txt,breaking news: soldier shot at national war memorial in ottawa URL
twitter16__524925215235911680,twitter16,524925215235911680,true,True,80,True,True,8736882,524925215235911680,True,0.0,0.00,528,528,528,0.00,901.78,0.00,901.78,901.78,False,0,0,0,0,data_raw/Twitter15_16_dataset/twitter16/tree/524925215235911680.txt,#breaking news: shots fired at parliament hill. follow developing story: URL URL
twitter16__524925987239120897,twitter16,524925987239120897,true,True,64,True,True,74186967,524925987239120897,True,0.0,0.00,140,139,140,0.00,330.73,0.00,330.73,330.73,False,0,0,0,0,data_raw/Twitter15_16_dataset/twitter16/tree/524925987239120897.txt,soldier shot at national war memorial in ottawa URL #cdnpoli #hw
twitter16__524926235030589440,twitter16,524926235030589440,true,True,98,True,True,292777349,524926235030589440,True,0.0,0.00,123,122,123,0.00,474.13,0.00,474.13,474.13,False,0,0,0,0,data_raw/Twitter15_16_dataset/twitter16/tree/524926235030589440.txt,breaking news: at least 3 shots fired at ottawa war memorial. one soldier confirmed shot - URL URL
twitter16__524931324763992064,twitter16,524931324763992064,true,True,97,False,True,25977925,524931324763992064,True,0.0,0.00,162,163,162,0.00,52.38,0.00,52.38,52.38,False,0,0,0,1,data_raw/Twitter15_16_dataset/twitter16/tree/524931324763992064.txt,very reliable source on parliament hill tells me the assailant has been killed. #cdnpoli #ottnews
twitter16__524932935137628160,twitter16,524932935137628160,true,True,106,False,True,22872643,524932935137628160,True,0.0,0.00,220,229,220,0.00,1549.52,0.00,1549.52,1549.52,False,0,0,0,11,data_raw/Twitter15_16_dataset/twitter16/tree/524932935137628160.txt,the gunman in ottawa has been shot and killed. i'm at a loss for words this morning. that isn't my canada.
twitter16__524935485370929152,twitter16,524935485370929152,true,True,140,False,True,30699754,524935485370929152,True,0.0,0.00,113,113,113,0.00,1377.75,0.00,1377.75,1377.75,False,0,0,1,13,data_raw/Twitter15_16_dataset/twitter16/tree/524935485370929152.txt,shooting in canadian parliament comes day after isis-inspired radical drove in2 canadian soldier. also reports of shooting at war memorial/1
twitter16__524936872666353664,twitter16,524936872666353664,true,True,81,False,True,19038934,524936872666353664,True,0.0,0.00,1362,1366,1362,0.00,967.20,0.00,967.20,967.20,False,0,0,0,8,data_raw/Twitter15_16_dataset/twitter16/tree/524936872666353664.txt,more shots fired just off parliament hill. police telling everyone to take cover.
twitter16__524941132237910016,twitter16,524941132237910016,true,True,110,True,True,36730252,524941132237910016,True,0.0,0.00,103,102,103,0.00,1832.55,0.00,1832.55,1832.55,False,0,0,0,0,data_raw/Twitter15_16_dataset/twitter16/tree/524941132237910016.txt,here's that dramatic video via @josh_wingrove of shots fired inside parliament building: URL #ottawa #shooting
twitter16__524942470472548352,twitter16,524942470472548352,true,True,84,False,True,19881665,524942470472548352,True,0.0,0.00,95,94,95,0.00,81.52,0.00,81.52,81.52,False,0,0,0,0,data_raw/Twitter15_16_dataset/twitter16/tree/524942470472548352.txt,"the university of ottawa, just a five minute walk from the hill, is now on lockdown."
twitter16__524943490887991296,twitter16,524943490887991296,true,True,102,False,True,18999969,524943490887991296,True,0.0,0.00,807,806,807,0.00,487.95,0.00,487.95,487.95,False,0,0,0,0,data_raw/Twitter15_16_dataset/twitter16/tree/524943490887991296.txt,"confirmed | 1 shooter shot dead at parliament hill, but there is more than 1 suspect. #cbcott #ottnews"
twitter16__524944399890124801,twitter16,524944399890124801,true,True,139,False,True,19038934,524944399890124801,True,0.0,0.00,887,890,887,0.00,553.62,0.00,553.62,553.62,False,0,0,0,11,data_raw/Twitter15_16_dataset/twitter16/tree/524944399890124801.txt,recap: gunman shot dead inside parliament buildings; police believe there may be others on loose. cdn soldier shot earlier at war memorial.
twitter16__524947674164760577,twitter16,524947674164760577,true,True,137,False,True,1932737630,524947674164760577,True,0.0,0.00,127,133,127,0.00,164.43,0.00,164.43,164.43,False,0,0,0,2,data_raw/Twitter15_16_dataset/twitter16/tree/524947674164760577.txt,breaking news: new york times is reporting the canadian soldier who was shot has died from their injuries. heartbreaking. #cdnpoli #ableg
twitter16__524952883343925249,twitter16,524952883343925249,true,True,72,True,True,5402612,524952883343925249,True,0.0,0.00,977,978,977,0.00,1165.42,0.00,1165.42,1165.42,False,0,0,0,2,data_raw/Twitter15_16_dataset/twitter16/tree/524952883343925249.txt,watch video showing gunfire inside canada's parliament in ottawa URL URL
twitter16__524959809402331137,twitter16,524959809402331137,true,True,110,True,True,428333,524959809402331137,True,0.0,0.00,386,385,386,0.00,659.18,0.00,659.18,659.18,False,0,0,0,2,data_raw/Twitter15_16_dataset/twitter16/tree/524959809402331137.txt,senior u.s. official: canadian government has informed u.s. that one shooter is dead in ottawa. live blog: URL
twitter16__524962142563610625,twitter16,524962142563610625,true,True,126,False,True,957502914,524962142563610625,True,0.0,0.00,178,177,178,0.00,223.13,0.00,223.13,223.13,False,0,0,0,0,data_raw/Twitter15_16_dataset/twitter16/tree/524962142563610625.txt,#breaking rick hughes at cbc hamilton: the soldier who was shot in ottawa wednesday morning is a reservist serving in hamilton
twitter16__524965775036387329,twitter16,524965775036387329,true,True,121,True,True,171606833,524965775036387329,True,0.0,0.00,161,160,161,0.00,722.08,0.00,722.08,722.08,False,0,0,0,0,data_raw/Twitter15_16_dataset/twitter16/tree/524965775036387329.txt,"hero. @affanchowdhry: kevin vickers, head of security in parliament, being credited for taking down shooter #ottawa URL """
twitter16__524966904885428226,twitter16,524966904885428226,true,True,86,True,True,64643056,524966904885428226,True,0.0,0.00,131,130,131,0.00,1273.85,0.00,1273.85,1273.85,False,0,0,0,1,data_raw/Twitter15_16_dataset/twitter16/tree/524966904885428226.txt,breaking update: canadian soldier injured at parliament hill shooting dies URL #ottawa
twitter16__524969201102901248,twitter16,524969201102901248,true,True,81,True,True,19636948,524969201102901248,True,0.0,0.00,378,378,378,0.00,2573.27,0.00,2573.27,2573.27,False,0,0,0,3,data_raw/Twitter15_16_dataset/twitter16/tree/524969201102901248.txt,mps credit sergeant-at-arms for saving lives in parliament hill shootings URL URL
twitter16__524975705206304769,twitter16,524975705206304769,true,True,117,False,True,19038934,524975705206304769,True,0.0,0.00,372,372,372,0.00,455.02,0.00,455.02,455.02,False,0,0,1,9,data_raw/Twitter15_16_dataset/twitter16/tree/524975705206304769.txt,#nhl cancels tonight's game between #ottawa and #toronto due to today's shootings. senators were to host maple leafs.
twitter16__524980744658382848,twitter16,524980744658382848,true,True,98,True,True,19038934,524980744658382848,True,0.0,0.00,218,218,218,0.00,389.23,0.00,389.23,389.23,False,0,0,0,3,data_raw/Twitter15_16_dataset/twitter16/tree/524980744658382848.txt,"#rcmp to hold news conference on #ottawa shootings at 2 pm et, 11 am pt. watch live coverage @ URL"
twitter16__524995771587108864,twitter16,524995771587108864,true,True,120,True,True,88944711,524995771587108864,True,0.0,0.00,105,104,105,0.00,1205.38,0.00,1205.38,1205.38,False,0,0,1,1,data_raw/Twitter15_16_dataset/twitter16/tree/524995771587108864.txt,this afternoon we've lowered our flags to half mast in honour of the canadian reservist who lost his life in ottawa. URL
twitter16__525019752507658240,twitter16,525019752507658240,true,True,112,True,True,2779009591,525019752507658240,True,0.0,0.00,985,995,985,0.00,31087.10,0.00,31087.10,31087.10,False,0,0,0,7,data_raw/Twitter15_16_dataset/twitter16/tree/525019752507658240.txt,"#isis media account posts picture claiming to be michael zehaf-bibeau, dead #ottawashooting suspect. #canada URL"
twitter16__525023025792835585,twitter16,525023025792835585,true,True,120,True,True,17983365,525023025792835585,True,0.0,0.00,147,148,147,0.00,10409.05,0.00,10409.05,10409.05,False,0,0,0,2,data_raw/Twitter15_16_dataset/twitter16/tree/525023025792835585.txt,#ripnathancirillo rt @globeandmail: soldier killed at war memorial identified as cpl. nathan cirillo #ottawashooting URL
twitter16__525025279803424768,twitter16,525025279803424768,true,True,120,True,True,6038642,525025279803424768,True,0.0,0.00,115,115,115,0.00,436.23,0.00,436.23,436.23,False,0,0,0,0,data_raw/Twitter15_16_dataset/twitter16/tree/525025279803424768.txt,the soldier shot dead in wednesday's ottawa attacks has been named as cpl. nathan cirillo of #hamont #ottawashooting URL
twitter16__525025463648137216,twitter16,525025463648137216,true,True,140,False,True,19636948,525025463648137216,True,0.0,0.00,142,141,142,0.00,193.47,0.00,193.47,193.47,False,0,0,0,3,data_raw/Twitter15_16_dataset/twitter16/tree/525025463648137216.txt,breaking: a source confirms to cp24 that the deceased soldier in ottawa is cpl. nathan cirillo. cirillo was a member of the hamilton argylls
twitter16__525028734991343617,twitter16,525028734991343617,true,True,140,False,True,19636948,525028734991343617,True,0.0,0.00,118,117,118,0.00,1020.67,0.00,1020.67,1020.67,False,0,0,0,1,data_raw/Twitter15_16_dataset/twitter16/tree/525028734991343617.txt,ctv news confirms that canadian authorities have provided us authorities with the name michael zehaf-bibeau in connection to ottawa shooting
twitter16__525049639016615937,twitter16,525049639016615937,true,True,119,True,True,63105173,525049639016615937,True,0.0,0.00,177,180,177,0.00,750.47,0.00,750.47,750.47,False,0,0,0,1,data_raw/Twitter15_16_dataset/twitter16/tree/525049639016615937.txt,this is the soldier who died today at the #ottawa war memorial. his name is cpl. nathan cirillo. #rip #ottawastrong URL
twitter16__525056576038518785,twitter16,525056576038518785,true,True,87,True,True,16343974,525056576038518785,True,0.0,0.00,1036,1047,1036,0.00,764.88,0.00,764.88,764.88,False,0,0,0,1,data_raw/Twitter15_16_dataset/twitter16/tree/525056576038518785.txt,soldier killed in canada shooting was a young reservist with a six-year-old son URL URL
twitter16__525058976376193024,twitter16,525058976376193024,true,True,117,True,True,2326482060,525058976376193024,True,0.0,0.00,234,234,234,0.00,702.75,0.00,702.75,702.75,False,0,0,0,1,data_raw/Twitter15_16_dataset/twitter16/tree/525058976376193024.txt,our thoughts and prayers go out to nathan cirillo who died today in ottawa while protecting his country at age 24 URL
twitter16__525060425184858112,twitter16,525060425184858112,true,True,119,True,True,428333,525060425184858112,True,0.0,0.00,358,358,358,0.00,1906.87,0.00,1906.87,1906.87,False,0,0,0,2,data_raw/Twitter15_16_dataset/twitter16/tree/525060425184858112.txt,"the canadian soldier killed in today's ottawa shooting is cpl. nathan cirillo, a family source told cnn. live blog: URL"
twitter16__525068915068923904,twitter16,525068915068923904,true,True,95,True,True,17820367,525068915068923904,True,0.0,0.00,97,97,97,0.00,3042.37,0.00,3042.37,3042.37,False,0,0,0,1,data_raw/Twitter15_16_dataset/twitter16/tree/525068915068923904.txt,***exclusive*** michael zahaf-bibeau caught on a #dashcam model sold at URL #ottawashooting URL
twitter16__544268732046913536,twitter16,544268732046913536,true,True,111,False,True,16834659,544268732046913536,True,0.0,0.00,101,101,101,0.00,710.75,0.00,710.75,710.75,False,0,0,0,0,data_raw/Twitter15_16_dataset/twitter16/tree/544268732046913536.txt,#breaking: hostages are being held and a siege is taking place at sydney's lindt chocolat cafe in martin place.
twitter16__544269749405097984,twitter16,544269749405097984,true,True,87,True,True,15250661,544269749405097984,True,0.0,0.00,440,441,440,0.00,1110.08,0.00,1110.08,1110.08,False,0,0,0,3,data_raw/Twitter15_16_dataset/twitter16/tree/544269749405097984.txt,breaking: live coverage of hostage situation unfolding in sydney's martin place URL URL
twitter16__544271284796784640,twitter16,544271284796784640,true,True,98,True,True,375721095,544271284796784640,True,0.0,0.00,157,157,157,0.00,203.27,0.00,203.27,203.27,False,0,0,0,3,data_raw/Twitter15_16_dataset/twitter16/tree/544271284796784640.txt,"developing: gunman takes hostages in sydney cafe, 'isis' flags being held against window - URL URL"
twitter16__544271362022338560,twitter16,544271362022338560,true,True,115,True,True,109234928,544271362022338560,True,0.0,0.00,200,200,200,0.00,42134.27,0.00,42134.27,42134.27,False,0,0,0,9,data_raw/Twitter15_16_dataset/twitter16/tree/544271362022338560.txt,"black islamic flag being held up in window of #lindt chocolate store in martin place, sydney - hostages inside. URL"
twitter16__544274934835707905,twitter16,544274934835707905,true,True,116,True,True,742143,544274934835707905,True,0.0,0.00,691,701,691,0.00,816.17,0.00,816.17,816.17,False,0,0,0,12,data_raw/Twitter15_16_dataset/twitter16/tree/544274934835707905.txt,several people being held hostage at a sydney cafe. australian tv showing people with hands up against a window: URL
twitter16__544277117039837184,twitter16,544277117039837184,true,True,140,False,True,16834659,544277117039837184,True,0.0,0.00,372,375,372,0.00,859.73,0.00,859.73,859.73,False,0,0,0,6,data_raw/Twitter15_16_dataset/twitter16/tree/544277117039837184.txt,flag in window of sydney lindt cafe not an isis flag. reads: ‘there is no god but allah and muhammad is the messenger of god’ (@liztilley84)
twitter16__544278335455776769,twitter16,544278335455776769,true,True,64,False,True,380648579,544278335455776769,True,0.0,0.00,213,212,213,0.00,825.70,0.00,825.70,825.70,False,0,0,0,0,data_raw/Twitter15_16_dataset/twitter16/tree/544278335455776769.txt,"#breaking hostages held inside sydney cafe, islamic flag held up"
twitter16__544278985249550337,twitter16,544278985249550337,true,True,94,True,True,22123727,544278985249550337,True,0.0,0.00,301,300,301,0.00,1622.78,0.00,1622.78,1622.78,False,0,0,0,2,data_raw/Twitter15_16_dataset/twitter16/tree/544278985249550337.txt,geoblock lifted on #abcnews24. streaming coverage of the martin place siege in sydney here URL
twitter16__544282005941530624,twitter16,544282005941530624,true,True,57,True,True,17469289,544282005941530624,True,0.0,0.00,94,94,94,0.00,384.68,0.00,384.68,384.68,False,0,0,0,3,data_raw/Twitter15_16_dataset/twitter16/tree/544282005941530624.txt,hostages in sydney cafe made to hold up islamic flags URL
twitter16__544282227035869184,twitter16,544282227035869184,true,True,77,True,True,292777349,544282227035869184,True,0.0,0.00,180,180,180,0.00,2247.63,0.00,2247.63,2247.63,False,0,0,0,3,data_raw/Twitter15_16_dataset/twitter16/tree/544282227035869184.txt,"breaking news: gunmen take hostages at sydney cafe, wave islamic flag URL URL"
twitter16__544283772569788416,twitter16,544283772569788416,true,True,38,True,True,7587032,544283772569788416,True,0.0,0.00,176,175,176,0.00,885.33,0.00,885.33,885.33,False,0,0,0,0,data_raw/Twitter15_16_dataset/twitter16/tree/544283772569788416.txt,live updates: siege in sydney cafe URL
twitter16__544289311504355328,twitter16,544289311504355328,true,True,74,True,True,74361628,544289311504355328,True,0.0,0.00,123,122,123,0.00,516.43,0.00,516.43,516.43,False,0,0,0,0,data_raw/Twitter15_16_dataset/twitter16/tree/544289311504355328.txt,statement from prime minister tony abbott on sydney hostage situation. URL
twitter16__544289409294553088,twitter16,544289409294553088,true,True,70,True,True,25036511,544289409294553088,True,0.0,0.00,110,110,110,0.00,810.02,0.00,810.02,810.02,False,0,0,0,1,data_raw/Twitter15_16_dataset/twitter16/tree/544289409294553088.txt,full statement from pm abbott on #sydneysiege #martinplace #lindt. URL
twitter16__544289941996326912,twitter16,544289941996326912,true,True,76,True,True,9609632,544289941996326912,True,0.0,0.00,217,216,217,0.00,626139.78,0.00,626139.78,626139.78,False,0,0,0,0,data_raw/Twitter15_16_dataset/twitter16/tree/544289941996326912.txt,prime minister tony abbott's statement on the #sydneysiege. updates: URL URL
twitter16__544290258951892992,twitter16,544290258951892992,true,True,70,True,True,3108351,544290258951892992,True,0.0,0.00,145,144,145,0.00,389.80,0.00,389.80,389.80,False,0,0,0,2,data_raw/Twitter15_16_dataset/twitter16/tree/544290258951892992.txt,central sydney shut down by police amid ongoing hostage situation: URL
twitter16__544291804057960448,twitter16,544291804057960448,true,True,64,True,True,423662810,544291804057960448,True,0.0,0.00,120,119,120,0.00,494.97,0.00,494.97,494.97,False,0,0,0,3,data_raw/Twitter15_16_dataset/twitter16/tree/544291804057960448.txt,first photos: hostage pressed against a window. #sydneysiege URL
twitter16__544291965513134080,twitter16,544291965513134080,true,True,55,True,True,52327900,544291965513134080,True,0.0,0.00,132,131,132,0.00,428.42,0.00,428.42,428.42,False,0,0,0,0,data_raw/Twitter15_16_dataset/twitter16/tree/544291965513134080.txt,"according to seven, this is a picture of the gunman URL"
twitter16__544301453717041152,twitter16,544301453717041152,true,True,127,False,True,292777349,544301453717041152,True,0.0,0.00,310,313,310,0.00,367.80,0.00,367.80,367.80,False,0,0,0,1,data_raw/Twitter15_16_dataset/twitter16/tree/544301453717041152.txt,breaking update: gunman says four devices are located around sydney. security response underway. police calling for calm. 9news
twitter16__544305540286148609,twitter16,544305540286148609,true,True,87,True,True,1960878613,544305540286148609,True,0.0,0.00,100,102,100,0.00,243.68,0.00,243.68,243.68,False,0,0,0,2,data_raw/Twitter15_16_dataset/twitter16/tree/544305540286148609.txt,a man believed to be the gunman filmed wearing a black headband inside the cafe URL URL
twitter16__544314234541469696,twitter16,544314234541469696,true,True,73,True,True,972651,544314234541469696,True,0.0,0.00,261,261,261,0.00,1316.65,0.00,1316.65,1316.65,False,0,0,0,1,data_raw/Twitter15_16_dataset/twitter16/tree/544314234541469696.txt,uber intros surge pricing in downtown sydney during hostage siege URL URL
twitter16__544319274072817664,twitter16,544319274072817664,true,True,129,False,True,25777812,544319274072817664,True,0.0,0.00,126,125,126,0.00,193.63,0.00,193.63,193.63,False,0,0,0,1,data_raw/Twitter15_16_dataset/twitter16/tree/544319274072817664.txt,"ray hadley says he spoke with hostage, and could hear the gunman in the background barking orders and demanding to go live on air"
twitter16__544319832486064128,twitter16,544319832486064128,true,True,109,True,True,51241574,544319832486064128,True,0.0,0.00,242,245,242,0.00,857.35,0.00,857.35,857.35,False,0,0,1,4,data_raw/Twitter15_16_dataset/twitter16/tree/544319832486064128.txt,"hostage situation erupts in sydney cafe, australian prime minister says it may be ""politically motivated"" URL"
twitter16__544324444773433348,twitter16,544324444773433348,true,True,121,True,True,972651,544324444773433348,True,0.0,0.00,169,168,169,0.00,251798.05,0.00,251798.05,251798.05,False,0,0,0,4,data_raw/Twitter15_16_dataset/twitter16/tree/544324444773433348.txt,"uber says it has hiked prices in sydney to ""encourage more drivers to come online & pick up passengers."" URL #sydneysiege"
twitter16__544329935943237632,twitter16,544329935943237632,true,True,125,False,True,508110571,544329935943237632,True,0.0,0.00,483,518,483,0.00,2102.62,0.00,2102.62,2102.62,False,0,0,5,36,data_raw/Twitter15_16_dataset/twitter16/tree/544329935943237632.txt,uber sydney trips from cbd will be free for riders. higher rates are still in place to encourage drivers to get into the cbd.
twitter16__544350567183556608,twitter16,544350567183556608,true,True,116,False,True,25210650,544350567183556608,True,0.0,0.00,119,118,119,0.00,103.28,0.00,103.28,103.28,False,0,0,0,0,data_raw/Twitter15_16_dataset/twitter16/tree/544350567183556608.txt,we can see people coming out a firedoor near the lindt cafe to waiting police. 2-3 people. hard to see. #sydneysiege
twitter16__544350712365207552,twitter16,544350712365207552,true,True,81,True,True,9235982,544350712365207552,True,0.0,0.00,133,133,133,0.00,489.52,0.00,489.52,489.52,False,0,0,0,11,data_raw/Twitter15_16_dataset/twitter16/tree/544350712365207552.txt,#breaking reports two customers and an employee have escaped the #sydneysiege URL
twitter16__544352727971954690,twitter16,544352727971954690,true,True,109,True,True,6017542,544352727971954690,True,0.0,0.00,199,198,199,0.00,936.18,0.00,936.18,936.18,False,0,0,0,1,data_raw/Twitter15_16_dataset/twitter16/tree/544352727971954690.txt,"local media: 3 people appear to escape from martin place, sydney, café, amid hostage situation - @abcnews URL"
twitter16__544358533819420672,twitter16,544358533819420672,true,True,111,True,True,2097571,544358533819420672,True,0.0,0.00,161,160,161,0.00,1078.17,0.00,1078.17,1078.17,False,0,0,0,10,data_raw/Twitter15_16_dataset/twitter16/tree/544358533819420672.txt,breaking: three hostages appear to have escaped the sydney cafe where a siege remains ongoing. URL #sydneyseige
twitter16__544358564484378624,twitter16,544358564484378624,true,True,113,True,True,28785486,544358564484378624,True,0.0,0.00,108,107,108,0.00,640.25,0.00,640.25,640.25,False,0,0,0,0,data_raw/Twitter15_16_dataset/twitter16/tree/544358564484378624.txt,police: negotiators are now in contact with armed hostage-taker in sydney situation; motive remains unknown - URL
twitter16__544367462012432384,twitter16,544367462012432384,true,True,97,True,True,1367531,544367462012432384,True,0.0,0.00,101,100,101,0.00,571.90,0.00,571.90,571.90,False,0,0,0,2,data_raw/Twitter15_16_dataset/twitter16/tree/544367462012432384.txt,"more: police confirm 3 hostages escape sydney cafe, unknown number remain inside URL #sydneysiege"
twitter16__544374511194632192,twitter16,544374511194632192,true,True,100,True,True,28785486,544374511194632192,True,0.0,0.00,206,205,206,0.00,1287.52,0.00,1287.52,1287.52,False,0,0,0,1,data_raw/Twitter15_16_dataset/twitter16/tree/544374511194632192.txt,update: total of 5 people have been able to get out of sydney cafe during hostage situation: URL URL
twitter16__544380742076088320,twitter16,544380742076088320,true,True,119,True,True,22724717,544380742076088320,True,0.0,0.00,424,427,424,0.00,1851.00,0.00,1851.00,1851.00,False,0,0,0,2,data_raw/Twitter15_16_dataset/twitter16/tree/544380742076088320.txt,"this is shot that captures the #sydneysiege: sheer terror/relief of escaped hostages, incredible work of @nswpolice URL"
twitter16__544381485591982083,twitter16,544381485591982083,true,True,140,False,True,597251143,544381485591982083,True,0.0,0.00,117,118,117,0.00,331.10,0.00,331.10,331.10,False,0,0,1,8,data_raw/Twitter15_16_dataset/twitter16/tree/544381485591982083.txt,reports on @channeltennews #sydneysiege gunman wants #isil flag delivered to cafe and he also wants to speak to pm or people will be killed.
twitter16__544382892378714113,twitter16,544382892378714113,true,True,78,True,True,1020058453,544382892378714113,True,0.0,0.00,110,110,110,0.00,1687.83,0.00,1687.83,1687.83,False,0,0,0,0,data_raw/Twitter15_16_dataset/twitter16/tree/544382892378714113.txt,five hostages escape sydney cafe siege — live updates from @buzzfeedoz URL URL
twitter16__544391176137089024,twitter16,544391176137089024,true,True,110,True,True,2097571,544391176137089024,True,0.0,0.00,228,230,228,0.00,1367.63,0.00,1367.63,1367.63,False,0,0,1,1,data_raw/Twitter15_16_dataset/twitter16/tree/544391176137089024.txt,"hostage taker in sydney cafe demands isis flag and call with australian pm, sky news reports. URL #sydneysiege"
twitter16__544391533240516608,twitter16,544391533240516608,true,True,90,True,True,4970411,544391533240516608,True,0.0,0.00,119,118,119,0.00,470.90,0.00,470.90,470.90,False,0,0,0,0,data_raw/Twitter15_16_dataset/twitter16/tree/544391533240516608.txt,five hostages have escaped the besieged lindt cafe in #sydney | our latest update: URL URL
twitter16__544399927045283840,twitter16,544399927045283840,true,True,120,True,True,5402612,544399927045283840,True,0.0,0.00,539,539,539,0.00,1707.23,0.00,1707.23,1707.23,False,0,0,2,6,data_raw/Twitter15_16_dataset/twitter16/tree/544399927045283840.txt,"nsw police confirm 5 hostages have emerged from #sydneysiege and they are negotiating: ""it might take a bit of time"" URL"
twitter16__544476808566276097,twitter16,544476808566276097,true,True,102,True,True,7587032,544476808566276097,True,0.0,0.00,165,169,165,0.00,1337.17,0.00,1337.17,1337.17,False,0,0,1,8,data_raw/Twitter15_16_dataset/twitter16/tree/544476808566276097.txt,tv channels have chosen not to show videos of hostages relaying #sydneysiege gunman's demands. URL URL
twitter16__544491151118860289,twitter16,544491151118860289,true,True,134,False,True,292777349,544491151118860289,True,0.0,0.00,112,113,112,0.00,143.65,0.00,143.65,143.65,False,0,0,0,1,data_raw/Twitter15_16_dataset/twitter16/tree/544491151118860289.txt,"sydney hostage-taker - man monis, 49 - originally from iran - self-styled sheikh - accused of sexually assaulting 7 women developing.."
twitter16__544504183341064192,twitter16,544504183341064192,true,True,86,True,True,22594051,544504183341064192,True,0.0,0.00,158,159,158,0.00,1573.33,0.00,1573.33,1573.33,False,0,0,0,6,data_raw/Twitter15_16_dataset/twitter16/tree/544504183341064192.txt,"escaped #sydneysiege hostage, elly chen, a top student and skilled sportswoman URL URL"
twitter16__544511199702822913,twitter16,544511199702822913,true,True,80,False,True,156464691,544511199702822913,True,0.0,0.00,106,105,106,0.00,447.42,0.00,447.42,447.42,False,0,0,0,1,data_raw/Twitter15_16_dataset/twitter16/tree/544511199702822913.txt,police move in: police confirm live ammunition used in martin place #sydneysiege
twitter16__544512108885725184,twitter16,544512108885725184,true,True,92,False,True,171802941,544512108885725184,True,0.0,0.00,150,151,150,0.00,508.95,0.00,508.95,508.95,False,0,0,0,9,data_raw/Twitter15_16_dataset/twitter16/tree/544512108885725184.txt,paramedics are currently carrying out a number of hostages in #martinpl. #sydneysiege #9news
twitter16__544512664769396736,twitter16,544512664769396736,true,True,70,True,True,64643056,544512664769396736,True,0.0,0.00,247,246,247,0.00,1150.93,0.00,1150.93,1150.93,False,0,0,0,0,data_raw/Twitter15_16_dataset/twitter16/tree/544512664769396736.txt,"breaking: police enter #lindt cafe, hostages flee URL #sydneysiege URL"
twitter16__544512676643500033,twitter16,544512676643500033,true,True,120,True,True,16834659,544512676643500033,True,0.0,0.00,146,145,146,0.00,76.08,0.00,76.08,76.08,False,0,0,0,0,data_raw/Twitter15_16_dataset/twitter16/tree/544512676643500033.txt,breaking @skybusiness: freed hostage borne high from #sydneysiege w/c.4 paramedic teams on the scene URL ( carsonscottli
twitter16__544513524438155264,twitter16,544513524438155264,true,True,114,True,True,788524,544513524438155264,True,0.0,0.00,103,102,103,0.00,1886.92,0.00,1886.92,1886.92,False,0,0,0,0,data_raw/Twitter15_16_dataset/twitter16/tree/544513524438155264.txt,"sydney siege: police enter cafe as hostages flee the scene, gunfire heard, reports of an injured person – live URL"
twitter16__544514564407427072,twitter16,544514564407427072,true,True,99,True,True,1960878613,544514564407427072,True,0.0,0.00,112,112,112,0.00,62.93,0.00,62.93,62.93,False,0,0,0,0,data_raw/Twitter15_16_dataset/twitter16/tree/544514564407427072.txt,"police seem relaxed, suggesting all hostages are out and gunman no longer a threat URL #sydneysiege"
twitter16__544515538383564801,twitter16,544515538383564801,true,True,102,True,True,42407972,544515538383564801,True,0.0,0.00,189,191,189,0.00,844.75,0.00,844.75,844.75,False,0,0,0,1,data_raw/Twitter15_16_dataset/twitter16/tree/544515538383564801.txt,"haron monis,hostage-taker in #sydney: fled #iran 96,suspect in ex-wife killing,46 sex assaults URL URL"
twitter16__544517264054423552,twitter16,544517264054423552,true,True,70,False,True,171802941,544517264054423552,True,0.0,0.00,630,633,630,0.00,1214.28,0.00,1214.28,1214.28,False,0,0,0,2,data_raw/Twitter15_16_dataset/twitter16/tree/544517264054423552.txt,#breaking: police have confirmed that the #sydneysiege is over. #9news
twitter16__544518335019229184,twitter16,544518335019229184,true,True,110,False,True,491960101,544518335019229184,True,0.0,0.00,251,250,251,0.00,304.72,0.00,304.72,304.72,False,0,0,0,2,data_raw/Twitter15_16_dataset/twitter16/tree/544518335019229184.txt,#breaking: at least two people have died following the #sydneysiege. 5 people are being treated by paramedics.
twitter16__544520042810200064,twitter16,544520042810200064,true,True,95,False,True,442653867,544520042810200064,True,0.0,0.00,103,102,103,0.00,337.67,0.00,337.67,337.67,False,0,0,0,0,data_raw/Twitter15_16_dataset/twitter16/tree/544520042810200064.txt,"#sydneysiege is over. 2 confirmed dead, #prayforsydney #prayforsydneyhostages #sydney #hostages"
twitter16__544520273718812672,twitter16,544520273718812672,true,True,114,True,True,100629223,544520273718812672,True,0.0,0.00,119,120,119,0.00,2238.93,0.00,2238.93,2238.93,False,0,0,0,3,data_raw/Twitter15_16_dataset/twitter16/tree/544520273718812672.txt,police confirm that #sydneysiege is finally over. two people reportedly injured after suffering gunshot wounds URL
twitter16__552783667052167168,twitter16,552783667052167168,true,True,115,True,True,25067168,552783667052167168,True,0.0,0.00,461,461,461,0.00,3579.52,0.00,3579.52,3579.52,False,0,0,0,0,data_raw/Twitter15_16_dataset/twitter16/tree/552783667052167168.txt,"france: 10 people dead after shooting at hq of satirical weekly newspaper #charliehebdo, according to witnesses URL"
twitter16__552785375161499649,twitter16,552785375161499649,true,True,80,True,True,16973333,552785375161499649,True,0.0,0.00,125,124,125,0.00,672.03,0.00,672.03,672.03,False,0,0,0,1,data_raw/Twitter15_16_dataset/twitter16/tree/552785375161499649.txt,breaking: 10 reportedly shot dead at paris hq of french weekly charlie hebdo URL
twitter16__552791196247269378,twitter16,552791196247269378,true,True,121,True,True,2097571,552791196247269378,True,0.0,0.00,244,244,244,0.00,2552.58,0.00,2552.58,2552.58,False,0,0,2,2,data_raw/Twitter15_16_dataset/twitter16/tree/552791196247269378.txt,"breaking: at least 10 killed in shooting at french satirical newspaper charlie hebdo, paris prosecutor's office says. URL"
twitter16__552791578893619200,twitter16,552791578893619200,true,True,95,True,True,87818409,552791578893619200,True,0.0,0.00,297,298,297,0.00,4071.08,0.00,4071.08,4071.08,False,0,0,0,2,data_raw/Twitter15_16_dataset/twitter16/tree/552791578893619200.txt,eleven dead in shooting at paris offices of satirical magazine charlie hebdo – live updates URL
twitter16__552792544132997121,twitter16,552792544132997121,true,True,100,True,True,16973333,552792544132997121,True,0.0,0.00,197,200,197,0.00,6939.00,0.00,6939.00,6939.00,False,0,0,0,3,data_raw/Twitter15_16_dataset/twitter16/tree/552792544132997121.txt,breaking charlie hebdo latest: 11 dead 10 wounded (five critical) two gunmen unaccounted for URL URL
twitter16__552792802309181440,twitter16,552792802309181440,true,True,91,True,True,868112707,552792802309181440,True,0.0,0.00,113,112,113,0.00,381.32,0.00,381.32,381.32,False,0,0,0,0,data_raw/Twitter15_16_dataset/twitter16/tree/552792802309181440.txt,#charliehebdo - 11 dead including 2 police in paris shooting. photo @martinbureau1 #afp URL
twitter16__552792913910833152,twitter16,552792913910833152,true,True,81,True,True,1994321,552792913910833152,True,0.0,0.00,99,98,99,0.00,702.47,0.00,702.47,702.47,False,0,0,0,0,data_raw/Twitter15_16_dataset/twitter16/tree/552792913910833152.txt,at least 11 dead in shooting at hq of #charliehebdo in #paris (police source) URL
twitter16__552793679082311680,twitter16,552793679082311680,true,True,90,True,True,16343974,552793679082311680,True,0.0,0.00,137,137,137,0.00,551.48,0.00,551.48,551.48,False,0,0,0,0,data_raw/Twitter15_16_dataset/twitter16/tree/552793679082311680.txt,"11 confirmed dead, francois hollande to visit scene of attack - latest from paris: URL URL"
twitter16__552802654641225728,twitter16,552802654641225728,true,True,72,True,True,2461887810,552802654641225728,True,0.0,0.00,102,101,102,0.00,181.28,0.00,181.28,181.28,False,0,0,0,0,data_raw/Twitter15_16_dataset/twitter16/tree/552802654641225728.txt,charlie hebdo shooting latest: 12 dead and gunmen still at large URL URL
twitter16__552805488631758849,twitter16,552805488631758849,true,True,101,True,True,428333,552805488631758849,True,0.0,0.00,1022,1043,1022,0.00,255992.08,0.00,255992.08,255992.08,False,0,0,1,77,data_raw/Twitter15_16_dataset/twitter16/tree/552805488631758849.txt,"at least 12 killed in today's attack on satirical magazine #charliehebdo in paris, official says. URL"
twitter16__552806757672964097,twitter16,552806757672964097,true,True,101,True,True,15754281,552806757672964097,True,0.0,0.00,259,258,259,0.00,4933.05,0.00,4933.05,4933.05,False,0,0,0,2,data_raw/Twitter15_16_dataset/twitter16/tree/552806757672964097.txt,"update: 12 now confirmed dead in #charliehebdo attack in paris, @ap is reporting. story: URL (ap) URL"
twitter16__552811386259386370,twitter16,552811386259386370,true,True,96,True,True,3108351,552811386259386370,True,0.0,0.00,313,312,313,0.00,6253.35,0.00,6253.35,6253.35,False,0,0,0,5,data_raw/Twitter15_16_dataset/twitter16/tree/552811386259386370.txt,at least 12 dead in the paris shooting. updated story and background info: URL #charliehebdo URL
twitter16__552832817089236992,twitter16,552832817089236992,true,True,116,True,True,372502604,552832817089236992,True,0.0,0.00,94,95,94,0.00,445.28,0.00,445.28,445.28,False,0,0,0,2,data_raw/Twitter15_16_dataset/twitter16/tree/552832817089236992.txt,stills from eyewitness video show two #charliehebdo attackers wearing hoods & black clothing shoot a wounded man URL
twitter16__552834961762709505,twitter16,552834961762709505,true,True,115,True,True,64643056,552834961762709505,True,0.0,0.00,111,111,111,0.00,768.17,0.00,768.17,768.17,False,0,0,0,3,data_raw/Twitter15_16_dataset/twitter16/tree/552834961762709505.txt,paris manhunt: 3 #charliehebdo attackers with ak-47 rifles & reportedly rocket-propelled grenade still at large URL
twitter16__552984502063337472,twitter16,552984502063337472,true,True,119,True,True,380648579,552984502063337472,True,0.0,0.00,102,101,102,0.00,615.70,0.00,615.70,615.70,False,0,0,0,1,data_raw/Twitter15_16_dataset/twitter16/tree/552984502063337472.txt,#update three men including two brothers identified in france newspaper attack: source URL #jesuischarlie #charliehebdo
twitter16__553107921081749504,twitter16,553107921081749504,true,True,97,True,True,14173315,553107921081749504,True,0.0,0.00,105,104,105,0.00,1379.53,0.00,1379.53,1379.53,False,0,0,0,1,data_raw/Twitter15_16_dataset/twitter16/tree/553107921081749504.txt,"two shot in paris, including traffic cop, as manhunt continues for #charliehebdo suspects URL URL"
twitter16__553160652567498752,twitter16,553160652567498752,true,True,85,True,True,28785486,553160652567498752,True,0.0,0.00,123,122,123,0.00,757.35,0.00,757.35,757.35,False,0,0,0,1,data_raw/Twitter15_16_dataset/twitter16/tree/553160652567498752.txt,french police: said kouachi and cherif kouachi wanted in paris terror attack: URL URL
twitter16__553221600955621376,twitter16,553221600955621376,true,True,120,True,True,2779009591,553221600955621376,True,0.0,0.00,90,89,90,0.00,804.15,0.00,804.15,804.15,False,0,0,0,1,data_raw/Twitter15_16_dataset/twitter16/tree/553221600955621376.txt,"clarissa, 27 years old, police trainee of montrouge police in #france. victim of this morning's attack. via @_batou_ URL"
twitter16__553476490315431937,twitter16,553476490315431937,true,True,100,True,True,15438913,553476490315431937,True,0.0,0.00,112,111,112,0.00,2204.55,0.00,2204.55,2204.55,False,0,0,0,0,data_raw/Twitter15_16_dataset/twitter16/tree/553476490315431937.txt,police convoy and helicopters are rushing to scene to detain charlie hebdo massacre suspects URL URL
twitter16__553476880339599360,twitter16,553476880339599360,true,True,102,True,True,64643056,553476880339599360,True,0.0,0.00,100,100,100,0.00,8561.12,0.00,8561.12,8561.12,False,0,0,5,5,data_raw/Twitter15_16_dataset/twitter16/tree/553476880339599360.txt,"developing: police pursuing #charliehebdo shooting suspects, helicopters deployed - live feed: URL URL"
twitter16__553506608203169792,twitter16,553506608203169792,true,True,101,True,True,5402612,553506608203169792,True,0.0,0.00,566,566,566,0.00,6044.33,0.00,6044.33,6044.33,False,0,0,0,3,data_raw/Twitter15_16_dataset/twitter16/tree/553506608203169792.txt,"map shows industrial estate where 2 #charliehebdo suspects are holed up, surrounded by police URL URL"
twitter16__553508098825261056,twitter16,553508098825261056,true,True,101,True,True,14173315,553508098825261056,True,0.0,0.00,206,209,206,0.00,431.62,0.00,431.62,431.62,False,0,0,0,6,data_raw/Twitter15_16_dataset/twitter16/tree/553508098825261056.txt,police have surrounded this building where the suspected #charliehebdo attackers are holed-up URL URL
twitter16__553512735192141826,twitter16,553512735192141826,true,True,134,False,True,87416722,553512735192141826,True,0.0,0.00,105,104,105,0.00,1223.47,0.00,1223.47,1223.47,False,0,0,0,1,data_raw/Twitter15_16_dataset/twitter16/tree/553512735192141826.txt,update - afp: an unnamed police source says the killing of the policewoman in #paris on thursday is linked to the #charliehebdo attack
twitter16__553531413459660800,twitter16,553531413459660800,true,True,140,False,True,87416722,553531413459660800,True,0.0,0.00,306,305,306,0.00,2844.68,0.00,2844.68,2844.68,False,0,0,1,5,data_raw/Twitter15_16_dataset/twitter16/tree/553531413459660800.txt,update - afp says gunman who has taken a hostage at kosher supermarket in paris believed to be suspect in killing of policewoman on thursday
twitter16__553534838880608256,twitter16,553534838880608256,true,True,85,False,True,380648579,553534838880608256,True,0.0,0.00,201,200,201,0.00,332.07,0.00,332.07,332.07,False,0,0,0,0,data_raw/Twitter15_16_dataset/twitter16/tree/553534838880608256.txt,#breaking gunman in policewoman killing suspected in new paris hostage-taking: source
twitter16__553535829017370625,twitter16,553535829017370625,true,True,88,True,True,1994321,553535829017370625,True,0.0,0.00,184,183,184,0.00,471.05,0.00,471.05,471.05,False,0,0,0,0,data_raw/Twitter15_16_dataset/twitter16/tree/553535829017370625.txt,#breaking - at least five hostages in paris kosher supermarket: (afp) URL #vincennes URL
twitter16__553543369604210689,twitter16,553543369604210689,true,True,98,True,True,747822822,553543369604210689,True,0.0,0.00,128,131,128,0.00,357.25,0.00,357.25,357.25,False,0,0,1,6,data_raw/Twitter15_16_dataset/twitter16/tree/553543369604210689.txt,an 11-month old baby is among the hostages at the kosher supermarket in paris. unbearably sad. URL
twitter16__553544694765215745,twitter16,553544694765215745,true,True,120,True,True,9651232,553544694765215745,True,0.0,0.00,169,169,169,0.00,221.07,0.00,221.07,221.07,False,0,0,0,7,data_raw/Twitter15_16_dataset/twitter16/tree/553544694765215745.txt,french police publishes photos of suspect in yesterday's montrouge shooting. maybe the same persons in kosher market URL
twitter16__553558982476828674,twitter16,553558982476828674,true,True,138,False,True,328967731,553558982476828674,True,0.0,0.00,119,121,119,0.00,3455.03,0.00,3455.03,3455.03,False,0,0,0,5,data_raw/Twitter15_16_dataset/twitter16/tree/553558982476828674.txt,"on israeli tv, an israeli woman speaks of her nephew,a mother with 6 month old baby, held hostage in the supermarket in paris. #jesuisjuif"
twitter16__553566026030272512,twitter16,553566026030272512,true,True,76,False,True,28785486,553566026030272512,True,0.0,0.00,160,160,160,0.00,992.98,0.00,992.98,992.98,False,0,0,0,2,data_raw/Twitter15_16_dataset/twitter16/tree/553566026030272512.txt,"breaking: two hostage situations in france are linked, paris prosecutor says"
twitter16__553586860334010368,twitter16,553586860334010368,true,True,41,False,True,1299769218,553586860334010368,True,0.0,0.00,269,268,269,0.00,441.90,0.00,441.90,441.90,False,0,0,0,7,data_raw/Twitter15_16_dataset/twitter16/tree/553586860334010368.txt,#charliehebdo killers shot dead by police
twitter16__553586897168392192,twitter16,553586897168392192,true,True,96,True,True,25049056,553586897168392192,True,0.0,0.00,452,456,452,0.00,830.85,0.00,830.85,830.85,False,0,0,0,2,data_raw/Twitter15_16_dataset/twitter16/tree/553586897168392192.txt,#breaking : both charlie hebdo suspects killed as police storm building (police sources) URL URL
twitter16__553587013409325058,twitter16,553587013409325058,true,True,76,False,True,380648579,553587013409325058,True,0.0,0.00,2756,2759,2756,0.00,3737.93,0.00,3737.93,3737.93,False,0,0,1,2,data_raw/Twitter15_16_dataset/twitter16/tree/553587013409325058.txt,#breaking charlie hebdo gunmen's hostage freed and safe after police assault
twitter16__553587303172833280,twitter16,553587303172833280,true,True,78,True,True,428333,553587303172833280,True,0.0,0.00,629,628,629,0.00,4619.65,0.00,4619.65,4619.65,False,0,0,0,1,data_raw/Twitter15_16_dataset/twitter16/tree/553587303172833280.txt,police taking people out of #paris grocery where hostages were being held. URL
twitter16__553587672137334785,twitter16,553587672137334785,true,True,52,False,True,87416722,553587672137334785,True,0.0,0.00,1362,1364,1362,0.00,1211.80,0.00,1211.80,1211.80,False,0,0,0,7,data_raw/Twitter15_16_dataset/twitter16/tree/553587672137334785.txt,afp: suspected #charliehebdo gunmen have been killed
twitter16__553588178687655936,twitter16,553588178687655936,true,True,42,True,True,14511951,553588178687655936,True,0.0,0.00,210,209,210,0.00,165.68,0.00,165.68,165.68,False,0,0,0,1,data_raw/Twitter15_16_dataset/twitter16/tree/553588178687655936.txt,reports: #charliehebdo suspects killed URL
twitter16__553589051044151296,twitter16,553589051044151296,true,True,83,True,True,868112707,553589051044151296,True,0.0,0.00,166,165,166,0.00,2595.07,0.00,2595.07,2595.07,False,0,0,0,0,data_raw/Twitter15_16_dataset/twitter16/tree/553589051044151296.txt,several hostages freed at jewish supermarket in paris. photo thomas samson #afp URL
twitter16__553590459688570880,twitter16,553590459688570880,true,True,83,True,True,868112707,553590459688570880,True,0.0,0.00,2425,2424,2425,0.00,5537.78,0.00,5537.78,5537.78,False,0,0,0,0,data_raw/Twitter15_16_dataset/twitter16/tree/553590459688570880.txt,several hostages freed at jewish supermarket in paris. photo thomas samson #afp URL
twitter16__553590835850514433,twitter16,553590835850514433,true,True,77,True,True,7587032,553590835850514433,True,0.0,0.00,241,241,241,0.00,403.63,0.00,403.63,403.63,False,0,0,0,5,data_raw/Twitter15_16_dataset/twitter16/tree/553590835850514433.txt,"hostage-taker in supermarket siege killed, reports say. #parisattacks URL URL"
twitter16__580324027715063808,twitter16,580324027715063808,true,True,80,True,True,38400130,580324027715063808,True,0.0,0.00,116,115,116,0.00,206.37,0.00,206.37,206.37,False,0,0,0,0,data_raw/Twitter15_16_dataset/twitter16/tree/580324027715063808.txt,"just in: germanwings plane crashes in southern france, up to 150 feared dead URL"
twitter16__580348081100734464,twitter16,580348081100734464,true,True,114,True,True,5402612,580348081100734464,True,0.0,0.00,1341,1343,1341,0.00,39900.47,0.00,39900.47,39900.47,False,0,0,2,3,data_raw/Twitter15_16_dataset/twitter16/tree/580348081100734464.txt,"#germanwings ""sorry to confirm"" 144 passengers & 6 crew on board flight #4u9525 when it crashed in french alps URL"
twitter16__594687353937100801,twitter16,594687353937100801,false,True,35,True,True,2470325805,594687353937100801,True,0.0,0.00,476,475,476,0.00,475048.13,0.00,475048.13,475048.13,False,0,0,0,0,data_raw/Twitter15_16_dataset/twitter16/tree/594687353937100801.txt,"the kissing islands, greenland. URL"
twitter16__600451916414484480,twitter16,600451916414484480,false,True,90,True,True,1571502440,600451916414484480,True,0.0,0.00,286,285,286,0.00,182560.80,0.00,182560.80,182560.80,False,0,0,0,0,data_raw/Twitter15_16_dataset/twitter16/tree/600451916414484480.txt,nasa recently released imagery showing the deforestation of america …in just 34 years. URL
twitter16__604354747357859842,twitter16,604354747357859842,false,True,83,True,True,623611206,604354747357859842,True,0.0,0.00,105,104,105,0.00,103914.10,0.00,103914.10,103914.10,False,0,0,0,0,data_raw/Twitter15_16_dataset/twitter16/tree/604354747357859842.txt,florida couple arrested for selling fake real estate on the moon #wtf15 👉🏿👉 URL URL
twitter16__604625816992002049,twitter16,604625816992002049,false,True,35,True,True,786796010,604625816992002049,True,0.0,0.00,271,270,271,0.00,382573.85,0.00,382573.85,382573.85,False,0,0,0,1,data_raw/Twitter15_16_dataset/twitter16/tree/604625816992002049.txt,"the kissing islands, greenland. URL"
twitter16__604642913188872192,twitter16,604642913188872192,false,True,121,True,True,1122192223,604642913188872192,True,0.0,0.00,163,162,163,0.00,190597.85,0.00,190597.85,190597.85,False,0,0,0,3,data_raw/Twitter15_16_dataset/twitter16/tree/604642913188872192.txt,florida man sips bud light as he walks down street in only shirt and shoes; says he lost pants and underwear at beach URL
twitter16__611039775856812032,twitter16,611039775856812032,false,True,94,True,True,2097571,611039775856812032,True,0.0,0.00,589,595,589,0.00,16262.47,0.00,16262.47,16262.47,False,0,0,0,24,data_raw/Twitter15_16_dataset/twitter16/tree/611039775856812032.txt,what's lurking underneath that crispy crust? a kfc customer claims he got a fried rat: URL URL
twitter16__612438528803213312,twitter16,612438528803213312,false,True,118,True,True,9112032,612438528803213312,True,0.0,0.00,657,672,657,0.00,7215.97,0.00,7215.97,7215.97,False,0,0,1,20,data_raw/Twitter15_16_dataset/twitter16/tree/612438528803213312.txt,"after police arrested #dylannroof, they went and bought him burger king because he was hungry. #charlestonshooting URL"
twitter16__612646796355960832,twitter16,612646796355960832,false,True,100,True,True,110396781,612646796355960832,True,0.0,0.00,2170,2200,2170,0.00,575980.37,0.00,575980.37,575980.37,False,0,0,17,49,data_raw/Twitter15_16_dataset/twitter16/tree/612646796355960832.txt,"after arrest, dylann roof was hungry. police bought him food from burger king. more details: URL URL"
twitter16__612741808125120513,twitter16,612741808125120513,false,True,102,True,True,2377815434,612741808125120513,True,0.0,0.00,1355,1359,1355,0.00,575406.18,0.00,575406.18,575406.18,False,0,0,0,6,data_raw/Twitter15_16_dataset/twitter16/tree/612741808125120513.txt,this dad loved his family so much he got eye enlargement surgery so he could look at them more URL URL
twitter16__612841482823729152,twitter16,612841482823729152,false,True,102,True,True,487600344,612841482823729152,True,0.0,0.00,275,285,275,0.00,5515.03,0.00,5515.03,5515.03,False,0,0,1,40,data_raw/Twitter15_16_dataset/twitter16/tree/612841482823729152.txt,breaking news campaign donations link top gop contenders to #dylannroof. #tedcruz returns $8k. URL URL
twitter16__613016993692798977,twitter16,613016993692798977,false,True,79,True,True,1291770157,613016993692798977,True,0.0,0.00,136,136,136,0.00,307.10,0.00,307.10,307.10,False,0,0,0,3,data_raw/Twitter15_16_dataset/twitter16/tree/613016993692798977.txt,police chief says dylann roof was taken to burger king shortly after arrest URL
twitter16__613023744454475776,twitter16,613023744454475776,false,True,93,True,True,13850422,613023744454475776,True,0.0,0.00,454,477,454,0.00,16283.27,0.00,16283.27,16283.27,False,0,0,6,14,data_raw/Twitter15_16_dataset/twitter16/tree/613023744454475776.txt,first black female gop @repmialove returning donations from alleged white supremacist URL URL
twitter16__613061089518034944,twitter16,613061089518034944,false,True,107,True,True,256596567,613061089518034944,True,0.0,0.00,216,219,216,0.00,3110.83,0.00,3110.83,3110.83,False,0,0,1,1,data_raw/Twitter15_16_dataset/twitter16/tree/613061089518034944.txt,cops rewarded dylann storm roof with burger king following his arrest for an act of domestic terrorism. URL
twitter16__613114185505996802,twitter16,613114185505996802,false,True,111,True,True,51241574,613114185505996802,True,0.0,0.00,128,130,128,0.00,7783.68,0.00,7783.68,7783.68,False,0,0,0,4,data_raw/Twitter15_16_dataset/twitter16/tree/613114185505996802.txt,"gop candidates, lawmakers return donations made by leader of racist group cited in dylann roof's manifesto: URL"
twitter16__613194145423826944,twitter16,613194145423826944,false,True,87,True,True,10774652,613194145423826944,True,0.0,0.00,282,285,282,0.00,23047.77,0.00,23047.77,23047.77,False,0,0,0,20,data_raw/Twitter15_16_dataset/twitter16/tree/613194145423826944.txt,.@hillaryclinton not talking about ’92 clinton-gore confederate campaign button URL URL
twitter16__613294443878305796,twitter16,613294443878305796,false,True,66,True,True,380285402,613294443878305796,True,0.0,0.00,327,333,327,0.00,24599.13,0.00,24599.13,24599.13,False,0,0,0,8,data_raw/Twitter15_16_dataset/twitter16/tree/613294443878305796.txt,cops who arrested dylann roof treated him to a burger king URL URL
twitter16__613362193787129860,twitter16,613362193787129860,false,True,35,True,True,1349082427,613362193787129860,True,0.0,0.00,140,139,140,0.00,175524.75,0.00,175524.75,175524.75,False,0,0,0,1,data_raw/Twitter15_16_dataset/twitter16/tree/613362193787129860.txt,"the kissing islands, greenland. URL"
twitter16__613393657161510913,twitter16,613393657161510913,false,True,68,True,True,16374678,613393657161510913,True,0.0,0.00,209,210,209,0.00,25661.32,0.00,25661.32,25661.32,False,0,0,0,4,data_raw/Twitter15_16_dataset/twitter16/tree/613393657161510913.txt,cops bought burger king for dylann roof following his arrest URL URL
twitter16__613404935003217920,twitter16,613404935003217920,false,True,75,True,True,14511951,613404935003217920,True,0.0,0.00,118,119,118,0.00,8851.47,0.00,8851.47,8851.47,False,0,0,4,27,data_raw/Twitter15_16_dataset/twitter16/tree/613404935003217920.txt,cops bought the alleged church shooter burger king hours after killings URL
twitter16__613425834301485056,twitter16,613425834301485056,false,True,98,True,True,23995748,613425834301485056,True,0.0,0.00,109,109,109,0.00,11721.30,0.00,11721.30,11721.30,False,0,0,0,3,data_raw/Twitter15_16_dataset/twitter16/tree/613425834301485056.txt,police bought #dylannroof food from @burgerking after he was arrested for church shooting: URL URL
twitter16__614054616154550273,twitter16,614054616154550273,false,True,96,True,True,343051698,614054616154550273,True,0.0,0.00,2509,2591,2509,0.00,24981.40,0.00,24981.40,24981.40,False,0,0,10,73,data_raw/Twitter15_16_dataset/twitter16/tree/614054616154550273.txt,charleston church shooter dylann roof receives $4 million in donations from supporters - URL URL
twitter16__614467824313106432,twitter16,614467824313106432,true,True,44,True,True,605822673,614467824313106432,True,0.0,0.00,658,660,658,0.00,111177.07,0.00,111177.07,111177.07,False,0,0,0,2,data_raw/Twitter15_16_dataset/twitter16/tree/614467824313106432.txt,god put a rainbow over the white house 🌈 URL
twitter16__614494170590367744,twitter16,614494170590367744,true,True,49,True,True,1187647735,614494170590367744,True,0.0,0.00,894,895,894,0.00,17652.72,0.00,17652.72,17652.72,False,0,0,0,3,data_raw/Twitter15_16_dataset/twitter16/tree/614494170590367744.txt,theres' a double rainbow over the white house URL
twitter16__614494460747997184,twitter16,614494460747997184,true,True,49,True,True,1901273544,614494460747997184,True,0.0,0.00,518,517,518,0.00,12935.27,0.00,12935.27,12935.27,False,0,0,0,0,data_raw/Twitter15_16_dataset/twitter16/tree/614494460747997184.txt,theres' a double rainbow over the white house URL
twitter16__614593386188828672,twitter16,614593386188828672,true,True,114,True,True,28785486,614593386188828672,True,0.0,0.00,970,979,970,0.00,6578.62,0.00,6578.62,6578.62,False,0,0,0,17,data_raw/Twitter15_16_dataset/twitter16/tree/614593386188828672.txt,white house lit in rainbow colors following us supreme court ruling that same-sex couples have right to marry. URL
twitter16__614593989203886080,twitter16,614593989203886080,true,True,55,True,True,19921215,614593989203886080,True,0.0,0.00,170,169,170,0.00,4784.92,0.00,4784.92,4784.92,False,0,0,0,1,data_raw/Twitter15_16_dataset/twitter16/tree/614593989203886080.txt,the @whitehouse is lit up like a rainbow! #lovewins URL
twitter16__614594195479752704,twitter16,614594195479752704,true,True,97,True,True,8839632,614594195479752704,True,0.0,0.00,635,635,635,0.00,60733.03,0.00,60733.03,60733.03,False,0,0,0,2,data_raw/Twitter15_16_dataset/twitter16/tree/614594195479752704.txt,white house lit in rainbow colors after today's historic supreme court ruling #scotusmarriage URL
twitter16__614594259900080128,twitter16,614594259900080128,true,True,101,True,True,1917731,614594259900080128,True,0.0,0.00,169,170,169,0.00,960.23,0.00,960.23,960.23,False,0,0,0,2,data_raw/Twitter15_16_dataset/twitter16/tree/614594259900080128.txt,"watch live: as sun goes down, white house lights up rainbow colors to celebrate scotus ruling URL URL"
twitter16__614594667225571328,twitter16,614594667225571328,true,True,96,True,True,487600344,614594667225571328,True,0.0,0.00,341,341,341,0.00,1454.83,0.00,1454.83,1454.83,False,0,0,0,6,data_raw/Twitter15_16_dataset/twitter16/tree/614594667225571328.txt,breaking: the @whitehouse is celebrating with us tonight lit up in rainbow colors. #lovewins URL
twitter16__614595106906226688,twitter16,614595106906226688,true,True,56,True,True,22077368,614595106906226688,True,0.0,0.00,850,852,850,0.00,5396.75,0.00,5396.75,5396.75,False,0,0,1,0,data_raw/Twitter15_16_dataset/twitter16/tree/614595106906226688.txt,the white house bathed in rainbow #scotusgaymarriage URL
twitter16__614595181845839873,twitter16,614595181845839873,true,True,38,True,True,18939358,614595181845839873,True,0.0,0.00,2140,2162,2140,0.00,42220.32,0.00,42220.32,42220.32,False,0,0,3,31,data_raw/Twitter15_16_dataset/twitter16/tree/614595181845839873.txt,the white house is lit up rainbow. URL
twitter16__614599587362414592,twitter16,614599587362414592,true,True,114,True,True,67958182,614599587362414592,True,0.0,0.00,214,213,214,0.00,14066.68,0.00,14066.68,14066.68,False,0,0,0,0,data_raw/Twitter15_16_dataset/twitter16/tree/614599587362414592.txt,white house lit in rainbow colors following us supreme court ruling that same-sex couples have right to marry. URL
twitter16__614599619310407680,twitter16,614599619310407680,true,True,113,True,True,1367531,614599619310407680,True,0.0,0.00,392,433,392,0.00,5314.37,0.00,5314.37,5314.37,False,0,0,6,122,data_raw/Twitter15_16_dataset/twitter16/tree/614599619310407680.txt,white house is aglow in the colors of the rainbow celebrating the supreme court's same-sex marriage decision. URL
twitter16__614599815280857088,twitter16,614599815280857088,true,True,95,True,True,42958829,614599815280857088,True,0.0,0.00,683,689,683,0.00,10189.97,0.00,10189.97,10189.97,False,0,0,0,12,data_raw/Twitter15_16_dataset/twitter16/tree/614599815280857088.txt,look: @whitehouse lights up in rainbow colors to celebrate #scotus same-sex marriage ruling URL
twitter16__614601139422633984,twitter16,614601139422633984,true,True,114,True,True,86141342,614601139422633984,True,0.0,0.00,671,678,671,0.00,99490.57,0.00,99490.57,99490.57,False,0,0,1,3,data_raw/Twitter15_16_dataset/twitter16/tree/614601139422633984.txt,white house lit in rainbow colors following us supreme court ruling that same-sex couples have right to marry. URL
twitter16__614604054552018944,twitter16,614604054552018944,true,True,101,True,True,844364659,614604054552018944,True,0.0,0.00,1242,1265,1242,0.00,34313.27,0.00,34313.27,34313.27,False,0,0,17,85,data_raw/Twitter15_16_dataset/twitter16/tree/614604054552018944.txt,the @whitehouse is rainbow-colored tonight in celebration of scotus same-sex marriage ruling. URL URL
twitter16__614604580601597953,twitter16,614604580601597953,true,True,101,True,True,1917731,614604580601597953,True,0.0,0.00,237,237,237,0.00,7080.02,0.00,7080.02,7080.02,False,0,0,0,5,data_raw/Twitter15_16_dataset/twitter16/tree/614604580601597953.txt,"watch live: as sun goes down, white house lights up rainbow colors to celebrate scotus ruling URL URL"
twitter16__614605997953404929,twitter16,614605997953404929,true,True,89,True,True,51241574,614605997953404929,True,0.0,0.00,396,401,396,0.00,4893.42,0.00,4893.42,4893.42,False,0,0,4,24,data_raw/Twitter15_16_dataset/twitter16/tree/614605997953404929.txt,white house lit in rainbow colors after high court's gay marriage ruling (with photo) URL
twitter16__614607711368519680,twitter16,614607711368519680,true,True,87,True,True,16374678,614607711368519680,True,0.0,0.00,310,309,310,0.00,2553.12,0.00,2553.12,2553.12,False,0,0,0,1,data_raw/Twitter15_16_dataset/twitter16/tree/614607711368519680.txt,photo: white house lit in rainbow colors after high court's gay marriage ruling URL URL
twitter16__614608936491188225,twitter16,614608936491188225,true,True,67,True,True,17446621,614608936491188225,True,0.0,0.00,971,975,971,0.00,14388.37,0.00,14388.37,14388.37,False,0,0,0,3,data_raw/Twitter15_16_dataset/twitter16/tree/614608936491188225.txt,white house lit in rainbow colors after gay marriage ruling URL URL
twitter16__614609560658161664,twitter16,614609560658161664,true,True,89,True,True,16311797,614609560658161664,True,0.0,0.00,922,936,922,0.00,189477.08,0.00,189477.08,189477.08,False,0,0,3,20,data_raw/Twitter15_16_dataset/twitter16/tree/614609560658161664.txt,the white house is lit like a rainbow tonight in honor of the #scotusmarriage ruling. URL
twitter16__614610102927147008,twitter16,614610102927147008,true,True,93,False,True,249293918,614610102927147008,True,0.0,0.00,378,378,378,0.00,33386.63,0.00,33386.63,33386.63,False,0,0,0,1,data_raw/Twitter15_16_dataset/twitter16/tree/614610102927147008.txt,bro there's either a black president in a rainbow whitehouse or i'm having the best trip ever
twitter16__614610364702044164,twitter16,614610364702044164,true,True,59,True,True,9300262,614610364702044164,True,0.0,0.00,467,468,467,0.00,150898.87,0.00,150898.87,150898.87,False,0,0,0,6,data_raw/Twitter15_16_dataset/twitter16/tree/614610364702044164.txt,white house set aglow with rainbow pride URL | ap photo URL
twitter16__614610920782888960,twitter16,614610920782888960,true,True,116,True,True,18215973,614610920782888960,True,0.0,0.00,2822,2836,2822,0.00,575218.27,0.00,575218.27,575218.27,False,0,0,1,14,data_raw/Twitter15_16_dataset/twitter16/tree/614610920782888960.txt,there will be cool photos of the white house w rainbow colors tonight but hard to top this one by chuck kennedy. URL
twitter16__614614133410033664,twitter16,614614133410033664,true,True,79,True,True,14173315,614614133410033664,True,0.0,0.00,644,647,644,0.00,6863.57,0.00,6863.57,6863.57,False,0,0,0,41,data_raw/Twitter15_16_dataset/twitter16/tree/614614133410033664.txt,the white house goes rainbow to celebrate supreme court marriage ruling URL URL
twitter16__614615157730357248,twitter16,614615157730357248,true,True,101,True,True,1917731,614615157730357248,True,0.0,0.00,180,179,180,0.00,1523.48,0.00,1523.48,1523.48,False,0,0,0,1,data_raw/Twitter15_16_dataset/twitter16/tree/614615157730357248.txt,"watch live: as sun goes down, white house lights up rainbow colors to celebrate scotus ruling URL URL"
twitter16__614616994499788800,twitter16,614616994499788800,true,True,116,True,True,288215711,614616994499788800,True,0.0,0.00,252,252,252,0.00,14056.23,0.00,14056.23,14056.23,False,0,0,0,0,data_raw/Twitter15_16_dataset/twitter16/tree/614616994499788800.txt,"there's a rainbow over the white house right now, just the same as when dublin had one the day ireland legalized URL"
twitter16__614617234942656512,twitter16,614617234942656512,true,True,109,True,True,17004618,614617234942656512,True,0.0,0.00,2443,2447,2443,0.00,192683.67,0.00,192683.67,192683.67,False,0,0,0,3,data_raw/Twitter15_16_dataset/twitter16/tree/614617234942656512.txt,the white house tonight is illuminated in rainbow colors to honor and celebrate marriage equality. bravo! URL
twitter16__614618682543616000,twitter16,614618682543616000,true,True,101,True,True,2884771,614618682543616000,True,0.0,0.00,365,375,365,0.00,10114.95,0.00,10114.95,10114.95,False,0,0,1,64,data_raw/Twitter15_16_dataset/twitter16/tree/614618682543616000.txt,white house shines rainbow-colored lights in honor of #scotus gay marriage decision #lovewins URL URL
twitter16__614620298877513729,twitter16,614620298877513729,true,True,114,True,True,28785486,614620298877513729,True,0.0,0.00,832,836,832,0.00,10878.00,0.00,10878.00,10878.00,False,0,0,1,19,data_raw/Twitter15_16_dataset/twitter16/tree/614620298877513729.txt,white house lit in rainbow colors following us supreme court ruling that same-sex couples have right to marry. URL
twitter16__614624331717545984,twitter16,614624331717545984,true,True,80,True,True,97474887,614624331717545984,True,0.0,0.00,371,372,371,0.00,7190.62,0.00,7190.62,7190.62,False,0,0,0,11,data_raw/Twitter15_16_dataset/twitter16/tree/614624331717545984.txt,live from the white house...in rainbow colors. hundreds of people...hundreds URL
twitter16__614626710248534016,twitter16,614626710248534016,true,True,97,True,True,2884771,614626710248534016,True,0.0,0.00,201,200,201,0.00,1340.35,0.00,1340.35,1340.35,False,0,0,0,1,data_raw/Twitter15_16_dataset/twitter16/tree/614626710248534016.txt,"""these colors celebrate a new chapter in the history of american civil rights."" #lovewins URL URL"
twitter16__614628136634949632,twitter16,614628136634949632,true,True,52,True,True,35459922,614628136634949632,True,0.0,0.00,187,186,187,0.00,9203.13,0.00,9203.13,9203.13,False,0,0,0,1,data_raw/Twitter15_16_dataset/twitter16/tree/614628136634949632.txt,the @whitehouse is lit up in a rainbow #lovewins URL
twitter16__614628865353351168,twitter16,614628865353351168,true,True,86,True,True,2097571,614628865353351168,True,0.0,0.00,395,396,395,0.00,6960.03,0.00,6960.03,6960.03,False,0,0,0,2,data_raw/Twitter15_16_dataset/twitter16/tree/614628865353351168.txt,the white house takes on rainbow hues in celebrating #scotusmarriage decision: URL URL
twitter16__614638036593299456,twitter16,614638036593299456,true,True,99,True,True,2884771,614638036593299456,True,0.0,0.00,273,272,273,0.00,8723.12,0.00,8723.12,8723.12,False,0,0,0,4,data_raw/Twitter15_16_dataset/twitter16/tree/614638036593299456.txt,"this is how the white house celebrated what obama called ""a victory for america."" #lovewins URL URL"
twitter16__614645853291155457,twitter16,614645853291155457,true,True,90,True,True,1917731,614645853291155457,True,0.0,0.00,175,175,175,0.00,5108.93,0.00,5108.93,5108.93,False,0,0,0,3,data_raw/Twitter15_16_dataset/twitter16/tree/614645853291155457.txt,"as sun goes down, white house lights up rainbow colors to celebrate scotus ruling: URL URL"
twitter16__614648099542204416,twitter16,614648099542204416,true,True,101,True,True,2884771,614648099542204416,True,0.0,0.00,255,266,255,0.00,52080.33,0.00,52080.33,52080.33,False,0,0,2,15,data_raw/Twitter15_16_dataset/twitter16/tree/614648099542204416.txt,white house shines rainbow-colored lights in honor of #scotus gay marriage decision #lovewins URL URL
twitter16__614650850393391104,twitter16,614650850393391104,true,True,93,True,True,1137638220,614650850393391104,True,0.0,0.00,141,140,141,0.00,6957.28,0.00,6957.28,6957.28,False,0,0,0,0,data_raw/Twitter15_16_dataset/twitter16/tree/614650850393391104.txt,wow! what a way to end this historic day! URL #lovewins #loveislove #equalityforall #lgbt URL
twitter16__614671961801785344,twitter16,614671961801785344,true,True,56,True,True,9300262,614671961801785344,True,0.0,0.00,233,236,233,0.00,15209.58,0.00,15209.58,15209.58,False,0,0,0,10,data_raw/Twitter15_16_dataset/twitter16/tree/614671961801785344.txt,the white house is glowing with pride URL | ap photo URL
twitter16__614702244001382400,twitter16,614702244001382400,true,True,59,True,True,9300262,614702244001382400,True,0.0,0.00,405,406,405,0.00,149579.67,0.00,149579.67,149579.67,False,0,0,0,7,data_raw/Twitter15_16_dataset/twitter16/tree/614702244001382400.txt,white house set aglow with rainbow pride URL | ap photo URL
twitter16__614790312955904000,twitter16,614790312955904000,true,True,75,True,True,14293310,614790312955904000,True,0.0,0.00,880,893,880,0.00,619297.37,0.00,619297.37,619297.37,False,0,0,0,25,data_raw/Twitter15_16_dataset/twitter16/tree/614790312955904000.txt,see the white house light up as a rainbow to celebrate gay marriage URL URL
twitter16__614891047886434304,twitter16,614891047886434304,true,True,86,True,True,15164565,614891047886434304,True,0.0,0.00,170,170,170,0.00,5899.42,0.00,5899.42,5899.42,False,0,0,0,1,data_raw/Twitter15_16_dataset/twitter16/tree/614891047886434304.txt,the white house was lit up with rainbow lights to celebrate marriage equality: URL URL
twitter16__615346611955183616,twitter16,615346611955183616,false,True,120,True,True,2292074120,615346611955183616,True,0.0,0.00,167,174,167,0.00,16523.98,0.00,16523.98,16523.98,False,0,0,1,18,data_raw/Twitter15_16_dataset/twitter16/tree/615346611955183616.txt,breaking: south carolina to ban sale of tylenol. they fear picking of cotton from the bottles may represent slavery. URL
twitter16__615494435074363392,twitter16,615494435074363392,true,True,140,False,True,1018225862,615494435074363392,True,0.0,0.00,1362,1362,1362,0.00,30800.98,0.00,30800.98,30800.98,False,0,0,0,6,data_raw/Twitter15_16_dataset/twitter16/tree/615494435074363392.txt,"if they can light up the white house like a rainbow for gay pride, it sure as hell better be red, white & blue for independence day. merica."
twitter16__615592870540488704,twitter16,615592870540488704,true,True,118,False,True,366355851,615592870540488704,True,0.0,0.00,665,665,665,0.00,343235.23,0.00,343235.23,343235.23,False,0,0,0,4,data_raw/Twitter15_16_dataset/twitter16/tree/615592870540488704.txt,"if they can light up the white house like a rainbow, it sure as hell better be red, white & blue for independence day."
twitter16__615689290706595840,twitter16,615689290706595840,true,True,96,True,True,44945327,615689290706595840,True,0.0,0.00,357,365,357,0.00,34575.95,0.00,34575.95,34575.95,False,0,0,0,18,data_raw/Twitter15_16_dataset/twitter16/tree/615689290706595840.txt,.@whitehouse in rainbow colors for #scotusmarriage? here's what i think about that decision: URL
twitter16__615840865815298048,twitter16,615840865815298048,true,True,60,True,True,3022045469,615840865815298048,True,0.0,0.00,368,374,368,0.00,13182.52,0.00,13182.52,13182.52,False,0,0,0,35,data_raw/Twitter15_16_dataset/twitter16/tree/615840865815298048.txt,valerie jarrett organized white house rainbow lights URL URL
twitter16__616311563071434753,twitter16,616311563071434753,true,True,98,True,True,26659703,616311563071434753,True,0.0,0.00,489,491,489,0.00,201131.52,0.00,201131.52,201131.52,False,0,0,0,4,data_raw/Twitter15_16_dataset/twitter16/tree/616311563071434753.txt,apologies if you've already seen a crow riding a bald eagle today. image: phoo chan story: URL URL
twitter16__616421546702336000,twitter16,616421546702336000,true,True,21,True,True,972651,616421546702336000,True,0.0,0.00,176,175,176,0.00,173585.35,0.00,173585.35,173585.35,False,0,0,1,2,data_raw/Twitter15_16_dataset/twitter16/tree/616421546702336000.txt,"woah, nature. URL URL"
twitter16__616481759329427456,twitter16,616481759329427456,true,True,41,True,True,972651,616481759329427456,True,0.0,0.00,539,542,539,0.00,17234.28,0.00,17234.28,17234.28,False,0,0,0,7,data_raw/Twitter15_16_dataset/twitter16/tree/616481759329427456.txt,"just a crow riding an eagle, nbd. URL URL"
twitter16__616765822095261700,twitter16,616765822095261700,true,True,60,True,True,17471979,616765822095261700,True,0.0,0.00,174,173,174,0.00,6784.25,0.00,6784.25,6784.25,False,0,0,0,3,data_raw/Twitter15_16_dataset/twitter16/tree/616765822095261700.txt,a crow tries to fight an eagle—gets a free ride instead: URL
twitter16__618192748735299584,twitter16,618192748735299584,false,True,35,True,True,199110089,618192748735299584,True,0.0,0.00,291,290,291,0.00,567629.65,0.00,567629.65,567629.65,False,0,0,0,1,data_raw/Twitter15_16_dataset/twitter16/tree/618192748735299584.txt,"the kissing islands, greenland! URL"
twitter16__618449248179191808,twitter16,618449248179191808,false,True,81,True,True,343051698,618449248179191808,True,0.0,0.00,276,275,276,0.00,71993.67,0.00,71993.67,71993.67,False,0,0,0,2,data_raw/Twitter15_16_dataset/twitter16/tree/618449248179191808.txt,girl killed in her sleep from wearing earbuds while iphone was charging - URL URL
twitter16__618804516578680832,twitter16,618804516578680832,false,True,83,True,True,759251,618804516578680832,True,0.0,0.00,231,230,231,0.00,98014.53,0.00,98014.53,98014.53,False,0,0,0,1,data_raw/Twitter15_16_dataset/twitter16/tree/618804516578680832.txt,family: @schwarzenegger's last act as governor stole justice from dead son. URL URL
twitter16__618805892222468096,twitter16,618805892222468096,false,True,69,True,True,243163874,618805892222468096,True,0.0,0.00,170,169,170,0.00,10947.03,0.00,10947.03,10947.03,False,0,0,0,0,data_raw/Twitter15_16_dataset/twitter16/tree/618805892222468096.txt,jay z and beyoncé want to buy rights to the confederate flag: URL URL
twitter16__619242759359037440,twitter16,619242759359037440,true,True,138,False,True,466645191,619242759359037440,True,0.0,0.00,2086,2090,2086,0.00,202307.98,0.00,202307.98,202307.98,False,0,0,2,7,data_raw/Twitter15_16_dataset/twitter16/tree/619242759359037440.txt,"obama 2008:""i support traditional marriage, christians vote for me"" obama 2015:""the white house is a rainbow. bring me my unicorn"" merica."
twitter16__620367840902782976,twitter16,620367840902782976,false,True,40,True,True,572278319,620367840902782976,True,0.0,0.00,120,121,120,0.00,5027.27,0.00,5027.27,5027.27,False,0,0,0,3,data_raw/Twitter15_16_dataset/twitter16/tree/620367840902782976.txt,translucent butterfly - beautiful! ' URL
twitter16__620835698514464768,twitter16,620835698514464768,false,True,38,True,True,989429790,620835698514464768,True,0.0,0.00,96,96,96,0.00,40180.42,0.00,40180.42,40180.42,False,0,0,0,1,data_raw/Twitter15_16_dataset/twitter16/tree/620835698514464768.txt,translucent butterfly - beautiful! URL
twitter16__620916279608651776,twitter16,620916279608651776,false,True,91,True,True,343051698,620916279608651776,True,0.0,0.00,389,396,389,0.00,220124.12,0.00,220124.12,220124.12,False,0,0,0,7,data_raw/Twitter15_16_dataset/twitter16/tree/620916279608651776.txt,nasa confirms earth will experience 15 days of complete darkness in november 2015 - URL URL
twitter16__620971220301787136,twitter16,620971220301787136,false,True,114,True,True,143257853,620971220301787136,True,0.0,0.00,158,157,158,0.00,602930.85,0.00,602930.85,602930.85,False,0,0,0,1,data_raw/Twitter15_16_dataset/twitter16/tree/620971220301787136.txt,while @cnn is talking about #irandeal nasa confirms earth will experience 15 days of darkness in november 2015 URL
twitter16__622858454949040128,twitter16,622858454949040128,false,True,41,False,True,23173615,622858454949040128,True,0.0,0.00,486,487,486,0.00,88246.78,0.00,88246.78,88246.78,False,0,0,0,1,data_raw/Twitter15_16_dataset/twitter16/tree/622858454949040128.txt,in heaven chick-fil-a is open on sundays.
twitter16__622891631293935616,twitter16,622891631293935616,false,True,96,True,True,26900055,622891631293935616,True,0.0,0.00,195,194,195,0.00,5977.57,0.00,5977.57,5977.57,False,0,0,0,5,data_raw/Twitter15_16_dataset/twitter16/tree/622891631293935616.txt,#wakeupamerica🇺🇸 who needs a #gun registry when #obama has all your personal information URL URL
twitter16__623533663947517952,twitter16,623533663947517952,true,True,136,False,True,11616202,623533663947517952,True,0.0,0.00,1132,1156,1132,0.00,6650.73,0.00,6650.73,6650.73,False,0,0,2,29,data_raw/Twitter15_16_dataset/twitter16/tree/623533663947517952.txt,gay marriage ruling? white house in rainbow colors within hours. 4 murdered marines & a murdered sailor? 5 days to lower the flag. nice.
twitter16__623599854661541888,twitter16,623599854661541888,true,True,119,True,True,18643437,623599854661541888,True,0.0,0.00,181,183,181,0.00,29140.57,0.00,29140.57,29140.57,False,0,0,0,6,data_raw/Twitter15_16_dataset/twitter16/tree/623599854661541888.txt,obama; - hours to light up white house in rainbow colors for gay marriage. - 5 days to lower flag for dead marines. URL
twitter16__623818627054206977,twitter16,623818627054206977,false,True,85,True,True,343051698,623818627054206977,True,0.0,0.00,326,325,326,0.00,70817.60,0.00,70817.60,70817.60,False,0,0,0,2,data_raw/Twitter15_16_dataset/twitter16/tree/623818627054206977.txt,nasa confirms earth will experience 15 days of complete darkness in november 2015 URL
twitter16__626516248206135296,twitter16,626516248206135296,false,True,83,True,True,1020058453,626516248206135296,True,0.0,0.00,182,183,182,0.00,242611.80,0.00,242611.80,242611.80,False,0,0,0,0,data_raw/Twitter15_16_dataset/twitter16/tree/626516248206135296.txt,this is how people in china are riding escalators after a horrific accident URL URL
twitter16__626546123713474560,twitter16,626546123713474560,false,True,83,True,True,5695632,626546123713474560,True,0.0,0.00,318,320,318,0.00,102007.40,0.00,102007.40,102007.40,False,0,0,0,4,data_raw/Twitter15_16_dataset/twitter16/tree/626546123713474560.txt,this is how people in china are riding escalators after a horrific accident URL URL
twitter16__626642648179159040,twitter16,626642648179159040,false,True,83,True,True,5695632,626642648179159040,True,0.0,0.00,367,368,367,0.00,7888.80,0.00,7888.80,7888.80,False,0,0,0,3,data_raw/Twitter15_16_dataset/twitter16/tree/626642648179159040.txt,this is how people in china are riding escalators after a horrific accident URL URL
twitter16__626739062792032256,twitter16,626739062792032256,false,True,83,True,True,5695632,626739062792032256,True,0.0,0.00,268,268,268,0.00,20034.22,0.00,20034.22,20034.22,False,0,0,0,0,data_raw/Twitter15_16_dataset/twitter16/tree/626739062792032256.txt,this is how people in china are riding escalators after a horrific accident URL URL
twitter16__626770498328895488,twitter16,626770498328895488,false,True,40,True,True,572278319,626770498328895488,True,0.0,0.00,210,209,210,0.00,6628.43,0.00,6628.43,6628.43,False,0,0,0,1,data_raw/Twitter15_16_dataset/twitter16/tree/626770498328895488.txt,translucent butterfly - beautiful! ' URL
twitter16__626897206717624320,twitter16,626897206717624320,false,True,81,True,True,2385975014,626897206717624320,True,0.0,0.00,74,73,74,0.00,8467.90,0.00,8467.90,8467.90,False,0,0,0,0,data_raw/Twitter15_16_dataset/twitter16/tree/626897206717624320.txt,did a real life 'fallen angel' just fall from the sky in london? ‼️‼️ 👉 URL 👈 URL
twitter16__626898253900943360,twitter16,626898253900943360,false,True,121,True,True,524657792,626898253900943360,True,0.0,0.00,1365,1366,1365,0.00,224507.88,0.00,224507.88,224507.88,False,0,0,1,1,data_raw/Twitter15_16_dataset/twitter16/tree/626898253900943360.txt,everyone mad at bruce for his sex change but no one gave ashit about that nerd minkus changing into chanel west coast URL
twitter16__626901072209121282,twitter16,626901072209121282,false,True,121,True,True,2772991215,626901072209121282,True,0.0,0.00,211,211,211,0.00,333159.82,0.00,333159.82,333159.82,False,0,0,0,0,data_raw/Twitter15_16_dataset/twitter16/tree/626901072209121282.txt,everyone mad at bruce for his sex change but no one gave ashit about that nerd minkus changing into chanel west coast URL
twitter16__627828211003469825,twitter16,627828211003469825,false,True,83,True,True,5695632,627828211003469825,True,0.0,0.00,220,220,220,0.00,7449.90,0.00,7449.90,7449.90,False,0,0,0,1,data_raw/Twitter15_16_dataset/twitter16/tree/627828211003469825.txt,this is how people in china are riding escalators after a horrific accident URL URL
twitter16__628045645010608128,twitter16,628045645010608128,false,True,139,False,True,73593143,628045645010608128,True,0.0,0.00,97,96,97,0.00,13231.42,0.00,13231.42,13231.42,False,0,0,0,1,data_raw/Twitter15_16_dataset/twitter16/tree/628045645010608128.txt,"sylvester stallone was so broke before his script for rocky was accepted that he sold his dog for $25. after he bought it back for $15,000."
twitter16__628319096606732290,twitter16,628319096606732290,true,True,90,True,True,5695632,628319096606732290,True,0.0,0.00,866,868,866,0.00,371166.38,0.00,371166.38,371166.38,False,0,0,2,8,data_raw/Twitter15_16_dataset/twitter16/tree/628319096606732290.txt,whole foods' $6 asparagus water is just water with three stalks of asparagus in it URL URL
twitter16__628336948810268673,twitter16,628336948810268673,true,True,86,True,True,770352762,628336948810268673,True,0.0,0.00,178,182,178,0.00,3097.85,0.00,3097.85,3097.85,False,0,0,0,0,data_raw/Twitter15_16_dataset/twitter16/tree/628336948810268673.txt,whole foods tests the limits of yuppie diet fads with new $6 asparagus water - URL URL
twitter16__628604055644934144,twitter16,628604055644934144,true,True,77,True,True,115245884,628604055644934144,True,0.0,0.00,201,202,201,0.00,2681.15,0.00,2681.15,2681.15,False,0,0,0,2,data_raw/Twitter15_16_dataset/twitter16/tree/628604055644934144.txt,whole foods' selling asparagus water is a sign the end times are near URL URL
twitter16__628681462976528384,twitter16,628681462976528384,true,True,101,True,True,15012486,628681462976528384,True,0.0,0.00,191,196,191,0.00,25514.77,0.00,25514.77,25514.77,False,0,0,0,7,data_raw/Twitter15_16_dataset/twitter16/tree/628681462976528384.txt,"whole foods called out for selling $6 ""asparagus water,"" water with stalks of asparagus in it URL URL"
twitter16__629209452793626624,twitter16,629209452793626624,false,True,90,True,True,1863198290,629209452793626624,True,0.0,0.00,383,382,383,0.00,388991.47,0.00,388991.47,388991.47,False,0,0,0,0,data_raw/Twitter15_16_dataset/twitter16/tree/629209452793626624.txt,a russian laboratory has invented a way to remove the black skin layer of black people URL
twitter16__629503919098429440,twitter16,629503919098429440,false,True,34,True,True,1547119022,629503919098429440,True,0.0,0.00,105,104,105,0.00,9343.33,0.00,9343.33,9343.33,False,0,0,0,0,data_raw/Twitter15_16_dataset/twitter16/tree/629503919098429440.txt,chick-fil-a to open on sundays URL
twitter16__631388553801564160,twitter16,631388553801564160,false,True,68,True,True,2837996969,631388553801564160,True,0.0,0.00,215,215,215,0.00,4675.80,0.00,4675.80,4675.80,False,0,0,0,0,data_raw/Twitter15_16_dataset/twitter16/tree/631388553801564160.txt,did a real life 'fallen angel' just fall from the sky in london? URL
twitter16__632377165477191680,twitter16,632377165477191680,true,True,62,True,True,2163076560,632377165477191680,True,0.0,0.00,2769,2808,2769,0.00,71426.10,0.00,71426.10,71426.10,False,0,0,1,71,data_raw/Twitter15_16_dataset/twitter16/tree/632377165477191680.txt,trayvon martin at space camp in florida. #blacklivesmatter URL
twitter16__633823543541768192,twitter16,633823543541768192,false,True,89,True,True,2301512587,633823543541768192,True,0.0,0.00,118,117,118,0.00,13767.98,0.00,13767.98,13767.98,False,0,0,0,1,data_raw/Twitter15_16_dataset/twitter16/tree/633823543541768192.txt,obese woman arrested for starving her 7 kids: “there was only enough food for me” URL URL
twitter16__633949800761700352,twitter16,633949800761700352,false,True,87,True,True,13850422,633949800761700352,True,0.0,0.00,186,194,186,0.00,35978.60,0.00,35978.60,35978.60,False,0,0,0,21,data_raw/Twitter15_16_dataset/twitter16/tree/633949800761700352.txt,cnn/orc poll: donald trump now competitive in general election URL via @jennagiesta URL
twitter16__633961125126668288,twitter16,633961125126668288,false,True,91,True,True,13850422,633961125126668288,True,0.0,0.00,382,393,382,0.00,3389.78,0.00,3389.78,3389.78,False,0,0,0,15,data_raw/Twitter15_16_dataset/twitter16/tree/633961125126668288.txt,a new cnn/orc poll finds @hillaryclinton ahead of @realdonaldtrump by just 6 points URL URL
twitter16__634404792241143809,twitter16,634404792241143809,false,True,91,True,True,14075928,634404792241143809,True,0.0,0.00,1460,1473,1460,0.00,493018.22,0.00,493018.22,493018.22,False,0,0,1,24,data_raw/Twitter15_16_dataset/twitter16/tree/634404792241143809.txt,new seaworld show just elephant drowning in large tank of water with no explanation URL URL
twitter16__634665777400950784,twitter16,634665777400950784,false,True,25,True,True,1656825386,634665777400950784,True,0.0,0.00,96,95,96,0.00,14520.15,0.00,14520.15,14520.15,False,0,0,0,0,data_raw/Twitter15_16_dataset/twitter16/tree/634665777400950784.txt,translucent butterfly URL
twitter16__634943791934406657,twitter16,634943791934406657,false,True,58,True,True,255546135,634943791934406657,True,0.0,0.00,105,104,105,0.00,29676.60,0.00,29676.60,29676.60,False,0,0,0,0,data_raw/Twitter15_16_dataset/twitter16/tree/634943791934406657.txt,marilyn monroe and james dean smoking in new york city URL
twitter16__635632641635667968,twitter16,635632641635667968,false,True,66,True,True,6433472,635632641635667968,True,0.0,0.00,107,106,107,0.00,73756.05,0.00,73756.05,73756.05,False,0,0,0,1,data_raw/Twitter15_16_dataset/twitter16/tree/635632641635667968.txt,'great pacific garbage patch' researchers return with data URL URL
twitter16__636925368927064064,twitter16,636925368927064064,false,True,43,True,True,14294848,636925368927064064,True,0.0,0.00,140,140,140,0.00,3868.40,0.00,3868.40,3868.40,False,0,0,0,0,data_raw/Twitter15_16_dataset/twitter16/tree/636925368927064064.txt,actor james earl jones is not dead: URL URL
twitter16__637382230394822656,twitter16,637382230394822656,false,True,97,True,True,50434933,637382230394822656,True,0.0,0.00,92,93,92,0.00,10408.20,0.00,10408.20,10408.20,False,0,0,0,0,data_raw/Twitter15_16_dataset/twitter16/tree/637382230394822656.txt,ben carson: what happened to blacks during slavery is why i am pro-life on abortion today URL URL
twitter16__637868242560638980,twitter16,637868242560638980,false,True,73,True,True,3369234799,637868242560638980,True,0.0,0.00,3089,3124,3089,0.00,529730.15,0.00,529730.15,529730.15,False,0,0,1,19,data_raw/Twitter15_16_dataset/twitter16/tree/637868242560638980.txt,woman stabs boyfriend for not liking instagram selfie fast enough URL URL
twitter16__637873886072320001,twitter16,637873886072320001,false,True,67,True,True,759251,637873886072320001,True,0.0,0.00,194,195,194,0.00,70911.55,0.00,70911.55,70911.55,False,0,0,1,7,data_raw/Twitter15_16_dataset/twitter16/tree/637873886072320001.txt,sanders closes to 7 points behind clinton in new iowa poll. URL URL
twitter16__638047610973089793,twitter16,638047610973089793,false,True,89,True,True,2265593154,638047610973089793,True,0.0,0.00,107,110,107,0.00,4260.40,0.00,4260.40,4260.40,False,0,0,0,3,data_raw/Twitter15_16_dataset/twitter16/tree/638047610973089793.txt,"obese woman arrested for starving her 7 kids: ""there was only enough food for me"" URL URL"
twitter16__638050997340893184,twitter16,638050997340893184,false,True,67,True,True,759251,638050997340893184,True,0.0,0.00,427,429,427,0.00,8782.15,0.00,8782.15,8782.15,False,0,0,0,2,data_raw/Twitter15_16_dataset/twitter16/tree/638050997340893184.txt,"in celebrity death hoax news, james earl jones is not dead. URL URL"
twitter16__640107106943766528,twitter16,640107106943766528,false,True,103,True,True,166002047,640107106943766528,True,0.0,0.00,172,178,172,0.00,5810.15,0.00,5810.15,5810.15,False,0,0,0,12,data_raw/Twitter15_16_dataset/twitter16/tree/640107106943766528.txt,"10,000 refugees expected in austria today, per the red cross. about 20 percent are sick or injured. URL"
twitter16__640118021101604864,twitter16,640118021101604864,unverified,True,98,True,True,20562637,640118021101604864,True,0.0,0.00,126,125,126,0.00,3821.02,0.00,3821.02,3821.02,False,0,0,0,3,data_raw/Twitter15_16_dataset/twitter16/tree/640118021101604864.txt,the insane reason why chinese drivers intentionally kill pedestrians they hit — via @slate URL URL
twitter16__640182854928961536,twitter16,640182854928961536,unverified,True,94,True,True,16973333,640182854928961536,True,0.0,0.00,125,128,125,0.00,7429.45,0.00,7429.45,7429.45,False,0,0,0,8,data_raw/Twitter15_16_dataset/twitter16/tree/640182854928961536.txt,plastic bag use in wales has dropped by 71 per cent since the 5p charge was introduced URL URL
twitter16__640644123339431936,twitter16,640644123339431936,false,True,99,True,True,2319494544,640644123339431936,True,0.0,0.00,1453,1469,1453,0.00,195370.53,0.00,195370.53,195370.53,False,0,0,1,8,data_raw/Twitter15_16_dataset/twitter16/tree/640644123339431936.txt,did you know that microsoft actually uses dog noses for thumbsticks on the gamecube controller? URL
twitter16__640967537178472448,twitter16,640967537178472448,true,True,65,True,True,17525171,640967537178472448,True,0.0,0.00,191,191,191,0.00,3062.93,0.00,3062.93,3062.93,False,0,0,1,6,data_raw/Twitter15_16_dataset/twitter16/tree/640967537178472448.txt,"judy carne, ""laugh-in’s"" ""sock it to me"" girl, dies at 76 URL URL"
twitter16__641050980985999360,twitter16,641050980985999360,false,True,53,True,True,18856867,641050980985999360,True,0.0,0.00,132,132,132,0.00,903.83,0.00,903.83,903.83,False,0,0,1,16,data_raw/Twitter15_16_dataset/twitter16/tree/641050980985999360.txt,"happy ""$15 minimum wage"" labor day from mcdonalds URL"
twitter16__641082932740947972,twitter16,641082932740947972,true,True,62,True,True,807095,641082932740947972,True,0.0,0.00,193,193,193,0.00,8592.42,0.00,8592.42,8592.42,False,0,0,0,6,data_raw/Twitter15_16_dataset/twitter16/tree/641082932740947972.txt,"judy carne, ‘sock it to me girl’ on ‘laugh-in,’ dies at 76 URL"
twitter16__641088973717110784,twitter16,641088973717110784,false,True,56,False,True,225238649,641088973717110784,True,0.0,0.00,124,126,124,0.00,8507.07,0.00,8507.07,8507.07,False,0,0,0,1,data_raw/Twitter15_16_dataset/twitter16/tree/641088973717110784.txt,#imachristianbut i wish chick-fil-a was open on sundays.
twitter16__641191076716417025,twitter16,641191076716417025,false,True,53,True,True,20652415,641191076716417025,True,0.0,0.00,111,113,111,0.00,243804.87,0.00,243804.87,243804.87,False,0,0,0,3,data_raw/Twitter15_16_dataset/twitter16/tree/641191076716417025.txt,"happy ""$15 minimum wage"" labor day from mcdonalds URL"
twitter16__641430951403343872,twitter16,641430951403343872,false,True,38,True,True,635053388,641430951403343872,True,0.0,0.00,405,404,405,0.00,37888.35,0.00,37888.35,37888.35,False,0,0,0,1,data_raw/Twitter15_16_dataset/twitter16/tree/641430951403343872.txt,translucent butterfly - beautiful! URL
twitter16__641443248909754368,twitter16,641443248909754368,false,True,82,True,True,972651,641443248909754368,True,0.0,0.00,200,199,200,0.00,2096.98,0.00,2096.98,2096.98,False,0,0,0,0,data_raw/Twitter15_16_dataset/twitter16/tree/641443248909754368.txt,kim davis angers 'eye of the tiger' creator after using song at prison release URL
twitter16__641666167992647681,twitter16,641666167992647681,non-rumor,True,44,True,True,7905122,641666167992647681,True,0.0,0.00,324,323,324,0.00,6249.93,0.00,6249.93,6249.93,False,0,0,0,1,data_raw/Twitter15_16_dataset/twitter16/tree/641666167992647681.txt,"oh, you invented the pencil? #appleevent URL"
twitter16__641972184412327937,twitter16,641972184412327937,true,True,95,True,True,885733974,641972184412327937,True,0.0,0.00,248,259,248,0.00,6069.97,0.00,6069.97,6069.97,False,0,0,0,12,data_raw/Twitter15_16_dataset/twitter16/tree/641972184412327937.txt,alert! islam taught in tennessee schools URL #wakeupamerica #tcot #wethepeople #pjnet #ccot URL
twitter16__642027433693171712,twitter16,642027433693171712,false,True,102,True,True,13850422,642027433693171712,True,0.0,0.00,968,980,968,0.00,25189.52,0.00,25189.52,25189.52,False,0,0,2,23,data_raw/Twitter15_16_dataset/twitter16/tree/642027433693171712.txt,".@berniesanders says @realdonaldtrump is ""using racism as a way to attract votes"" #bernieoncnn URL URL"
twitter16__642145732435292160,twitter16,642145732435292160,false,True,94,True,True,759251,642145732435292160,True,0.0,0.00,963,992,963,0.00,84500.87,0.00,84500.87,84500.87,False,0,0,2,36,data_raw/Twitter15_16_dataset/twitter16/tree/642145732435292160.txt,poll: @hillaryclinton's lead over @berniesanders shrinks as her edge over gop vanishes URL URL
twitter16__642432477185867776,twitter16,642432477185867776,false,True,33,False,True,562338854,642432477185867776,True,0.0,0.00,166,165,166,0.00,98353.80,0.00,98353.80,98353.80,False,0,0,0,2,data_raw/Twitter15_16_dataset/twitter16/tree/642432477185867776.txt,the stickers on fruit are edible.
twitter16__642465192408940544,twitter16,642465192408940544,true,True,96,True,True,129235890,642465192408940544,True,0.0,0.00,523,558,523,0.00,31165.35,0.00,31165.35,31165.35,False,0,0,1,74,data_raw/Twitter15_16_dataset/twitter16/tree/642465192408940544.txt,#wakeupamerica heads need to roll! school forcing non-muslims to praise islam URL #bansharia URL
twitter16__643103859729166337,twitter16,643103859729166337,false,True,92,True,True,237403203,643103859729166337,True,0.0,0.00,564,592,564,0.00,12014.42,0.00,12014.42,12014.42,False,0,0,3,45,data_raw/Twitter15_16_dataset/twitter16/tree/643103859729166337.txt,unreal: watch what happens when desperate muslim refugees are offered red cross food URL URL
twitter16__643139873264812032,twitter16,643139873264812032,false,True,91,True,True,1165253690,643139873264812032,True,0.0,0.00,127,128,127,0.00,15274.88,0.00,15274.88,15274.88,False,0,0,1,5,data_raw/Twitter15_16_dataset/twitter16/tree/643139873264812032.txt,and so it begins…isis flag among refugees in germany fighting the police [pictures] URL URL
twitter16__643225207705075716,twitter16,643225207705075716,false,True,93,True,True,3300205033,643225207705075716,True,0.0,0.00,545,569,545,0.00,94694.02,0.00,94694.02,94694.02,False,0,0,1,37,data_raw/Twitter15_16_dataset/twitter16/tree/643225207705075716.txt,isis flag among refugees in germany fighting the police .. URL #norefugees #rebootliberty URL
twitter16__644229386149888001,twitter16,644229386149888001,false,True,119,True,True,18284815,644229386149888001,True,0.0,0.00,114,132,114,0.00,8062.27,0.00,8062.27,8062.27,False,0,0,1,21,data_raw/Twitter15_16_dataset/twitter16/tree/644229386149888001.txt,"greek customs captured containers of weapons and ammunition going to refugee camps in europe as ""plastic furniture"" URL"
twitter16__644329878876237824,twitter16,644329878876237824,non-rumor,True,131,False,True,116559622,644329878876237824,True,0.0,0.00,823,832,823,0.00,41118.58,0.00,41118.58,41118.58,False,0,0,0,9,data_raw/Twitter15_16_dataset/twitter16/tree/644329878876237824.txt,alert: tsunami advisory issued for southern california from 3-7 a.m. local time. stay away from ocean and shoreline. #cawx #tsunami
twitter16__645356735545364480,twitter16,645356735545364480,false,True,89,True,True,3098760325,645356735545364480,True,0.0,0.00,91,90,91,0.00,346856.62,0.00,346856.62,346856.62,False,0,0,0,0,data_raw/Twitter15_16_dataset/twitter16/tree/645356735545364480.txt,dna confirms hakeem from ‘empire’ is jay-z's biological son [read details👇👇👇👇👇🏾👇🏿 URL URL
twitter16__645362146415525888,twitter16,645362146415525888,false,True,116,True,True,2712571328,645362146415525888,True,0.0,0.00,196,198,196,0.00,10500.58,0.00,10500.58,10500.58,False,0,0,0,5,data_raw/Twitter15_16_dataset/twitter16/tree/645362146415525888.txt,"#bulgaria finds 10,000 #fake passports hidden by #muslim refugees heading for #germany passports for #terrorists URL"
twitter16__645711628046995462,twitter16,645711628046995462,false,True,89,True,True,454249913,645711628046995462,True,0.0,0.00,150,151,150,0.00,4268.27,0.00,4268.27,4268.27,False,0,0,0,4,data_raw/Twitter15_16_dataset/twitter16/tree/645711628046995462.txt,latest starving 'refugees' from #syria . these guys look like friggin soldiers to me! URL
twitter16__647168914955243520,twitter16,647168914955243520,false,True,135,False,True,54322823,647168914955243520,True,0.0,0.00,211,214,211,0.00,5159.70,0.00,5159.70,5159.70,False,0,0,1,14,data_raw/Twitter15_16_dataset/twitter16/tree/647168914955243520.txt,"new cnn/wmur nh democratic poll: bernie sanders 46 hillary clinton 30 joe biden 14 martin o'malley 2 sept. 17-23, 314 d voters, +/-5.5%"
twitter16__647169573599449088,twitter16,647169573599449088,false,True,92,False,True,292777349,647169573599449088,True,0.0,0.00,263,267,263,0.00,5921.32,0.00,5921.32,5921.32,False,0,0,0,5,data_raw/Twitter15_16_dataset/twitter16/tree/647169573599449088.txt,new cnn democratic poll: bernie sanders 46 hillary clinton 30 joe biden 14 martin o'malley 2
twitter16__647169726158925824,twitter16,647169726158925824,false,True,98,True,True,13850422,647169726158925824,True,0.0,0.00,247,253,247,0.00,5239.72,0.00,5239.72,5239.72,False,0,0,0,12,data_raw/Twitter15_16_dataset/twitter16/tree/647169726158925824.txt,"poll: @hillaryclinton trails @berniesanders in new hampshire, even without @vp in the race URL URL"
twitter16__647193820812177408,twitter16,647193820812177408,false,True,52,True,True,15012486,647193820812177408,True,0.0,0.00,88,87,88,0.00,11036.17,0.00,11036.17,11036.17,False,0,0,0,2,data_raw/Twitter15_16_dataset/twitter16/tree/647193820812177408.txt,alert: don't fall for this new facebook scam URL URL
twitter16__647464349611589632,twitter16,647464349611589632,false,True,98,True,True,759251,647464349611589632,True,0.0,0.00,150,152,150,0.00,7370.55,0.00,7370.55,7370.55,False,0,0,0,10,data_raw/Twitter15_16_dataset/twitter16/tree/647464349611589632.txt,"poll: @hillaryclinton trails @berniesanders in new hampshire, even without @vp in the race URL URL"
twitter16__648310692794109952,twitter16,648310692794109952,false,True,87,False,True,2425231,648310692794109952,True,0.0,0.00,319,320,319,0.00,26794.40,0.00,26794.40,26794.40,False,0,0,0,1,data_raw/Twitter15_16_dataset/twitter16/tree/648310692794109952.txt,"steve jobs was adopted. his biological father was abdulfattah jandali, a syrian muslim."
twitter16__648894687542034432,twitter16,648894687542034432,false,True,87,False,True,141864252,648894687542034432,True,0.0,0.00,106,105,106,0.00,8649.10,0.00,8649.10,8649.10,False,0,0,0,0,data_raw/Twitter15_16_dataset/twitter16/tree/648894687542034432.txt,"steve jobs was adopted. his biological father was abdulfattah jandali, a syrian muslim."
twitter16__648993731169939456,twitter16,648993731169939456,unverified,True,70,True,True,13049362,648993731169939456,True,0.0,0.00,111,110,111,0.00,580.43,0.00,580.43,580.43,False,0,0,0,2,data_raw/Twitter15_16_dataset/twitter16/tree/648993731169939456.txt,woman in hospital after confusing hair mousse with builder's foam: URL
twitter16__649584608560832513,twitter16,649584608560832513,unverified,True,57,True,True,143145579,649584608560832513,True,0.0,0.00,142,145,142,0.00,19793.65,0.00,19793.65,19793.65,False,0,0,0,0,data_raw/Twitter15_16_dataset/twitter16/tree/649584608560832513.txt,this woman mistook builders’ foam for hair mousse URL URL
twitter16__649881917534433280,twitter16,649881917534433280,true,True,74,True,True,807095,649881917534433280,True,0.0,0.00,191,193,191,0.00,3156.77,0.00,3156.77,3156.77,False,0,0,0,8,data_raw/Twitter15_16_dataset/twitter16/tree/649881917534433280.txt,"pope francis’ meeting wasn’t an endorsement of kim davis, vatican says URL"
twitter16__649889459836710912,twitter16,649889459836710912,true,True,111,True,True,807095,649889459836710912,True,0.0,0.00,366,365,366,0.00,32734.68,0.00,32734.68,32734.68,False,0,0,0,5,data_raw/Twitter15_16_dataset/twitter16/tree/649889459836710912.txt,"breaking news: pope francis’ encounter with kim davis wasn’t an endorsement of her views, the vatican says. URL"
twitter16__649903655160815616,twitter16,649903655160815616,true,True,101,True,True,759251,649903655160815616,True,0.0,0.00,407,421,407,0.00,10294.30,0.00,10294.30,10294.30,False,0,0,1,28,data_raw/Twitter15_16_dataset/twitter16/tree/649903655160815616.txt,vatican says #kimdavis' meeting w/ #popefrancis 'should not be considered a form of support.' URL URL
twitter16__649974380416618496,twitter16,649974380416618496,true,True,96,True,True,1652541,649974380416618496,True,0.0,0.00,266,276,266,0.00,5116.20,0.00,5116.20,5116.20,False,0,0,3,17,data_raw/Twitter15_16_dataset/twitter16/tree/649974380416618496.txt,"vatican official says there is ""a sense of regret"" that pope francis met with kim davis: URL URL"
twitter16__649985459389661184,twitter16,649985459389661184,true,True,99,True,True,807095,649985459389661184,True,0.0,0.00,295,297,295,0.00,8879.27,0.00,8879.27,8879.27,False,0,0,1,7,data_raw/Twitter15_16_dataset/twitter16/tree/649985459389661184.txt,an openly gay man said that he and his partner met with pope francis a day before kim davis did URL
twitter16__650037735579910145,twitter16,650037735579910145,true,True,99,True,True,16929520,650037735579910145,True,0.0,0.00,201,200,201,0.00,7424.20,0.00,7424.20,7424.20,False,0,0,0,6,data_raw/Twitter15_16_dataset/twitter16/tree/650037735579910145.txt,the vatican insists pope francis’ encounter with kim davis was not endorsement of her views URL URL
twitter16__650046859537448960,twitter16,650046859537448960,true,True,99,True,True,807095,650046859537448960,True,0.0,0.00,178,178,178,0.00,1993.22,0.00,1993.22,1993.22,False,0,0,0,6,data_raw/Twitter15_16_dataset/twitter16/tree/650046859537448960.txt,an openly gay man said that he and his partner met with pope francis a day before kim davis did URL
twitter16__650128194209730561,twitter16,650128194209730561,true,True,99,True,True,807095,650128194209730561,True,0.0,0.00,204,203,204,0.00,5785.22,0.00,5785.22,5785.22,False,0,0,0,1,data_raw/Twitter15_16_dataset/twitter16/tree/650128194209730561.txt,an openly gay man said that he and his partner met with pope francis a day before kim davis did URL
twitter16__650254360727973889,twitter16,650254360727973889,unverified,True,41,True,True,22298680,650254360727973889,True,0.0,0.00,186,185,186,0.00,30176.48,0.00,30176.48,30176.48,False,0,0,0,1,data_raw/Twitter15_16_dataset/twitter16/tree/650254360727973889.txt,5p bag charge fi dead #robthisengland URL
twitter16__650710483289419776,twitter16,650710483289419776,unverified,True,49,True,True,471022109,650710483289419776,True,0.0,0.00,113,113,113,0.00,1308.03,0.00,1308.03,1308.03,False,0,0,0,2,data_raw/Twitter15_16_dataset/twitter16/tree/650710483289419776.txt,"local school art project titled ""candlelight"" URL"
twitter16__650952376954650629,twitter16,650952376954650629,unverified,True,67,True,True,18668407,650952376954650629,True,0.0,0.00,96,95,96,0.00,2109.47,0.00,2109.47,2109.47,False,0,0,0,0,data_raw/Twitter15_16_dataset/twitter16/tree/650952376954650629.txt,pathetic little twat can’t wait to argue over 5p bag charge URL URL
twitter16__650975967146602496,twitter16,650975967146602496,unverified,True,137,False,True,22084427,650975967146602496,True,0.0,0.00,205,221,205,0.00,8946.10,0.00,8946.10,8946.10,False,0,0,1,19,data_raw/Twitter15_16_dataset/twitter16/tree/650975967146602496.txt,uk • you're right to be nervous about the 5p plastic bag charge. when they implemented this in california the streets ran red with blood.
twitter16__651018580989972480,twitter16,651018580989972480,true,True,87,True,True,17697300,651018580989972480,True,0.0,0.00,183,186,183,0.00,11139.82,0.00,11139.82,11139.82,False,0,0,1,2,data_raw/Twitter15_16_dataset/twitter16/tree/651018580989972480.txt,pope francis expected to fire the archbishop who tricked him into meeting kim davis URL
twitter16__651044059222556674,twitter16,651044059222556674,unverified,True,106,False,True,232520849,651044059222556674,True,0.0,0.00,953,953,953,0.00,119755.28,0.00,119755.28,119755.28,False,0,0,1,9,data_raw/Twitter15_16_dataset/twitter16/tree/651044059222556674.txt,"the best thing about the 5p plastic bag charge is that the cupboard next to my sink is now worth £672,348."
twitter16__651321040119963648,twitter16,651321040119963648,false,True,70,True,True,3005335703,651321040119963648,True,0.0,0.00,211,210,211,0.00,604.38,0.00,604.38,604.38,False,0,0,0,0,data_raw/Twitter15_16_dataset/twitter16/tree/651321040119963648.txt,el chapo puts $100 million bounty on donald trump...dead or alive! URL
twitter16__651402689352351744,twitter16,651402689352351744,false,True,96,True,True,30973,651402689352351744,True,0.0,0.00,471,474,471,0.00,94977.80,0.00,94977.80,94977.80,False,0,0,0,10,data_raw/Twitter15_16_dataset/twitter16/tree/651402689352351744.txt,"help the red cross provide food, water & cots for refugees across europe. URL   #aidrefugees URL"
twitter16__651486105628463105,twitter16,651486105628463105,unverified,True,62,True,True,402098922,651486105628463105,True,0.0,0.00,1971,1981,1971,0.00,363025.98,0.00,363025.98,363025.98,False,0,0,2,18,data_raw/Twitter15_16_dataset/twitter16/tree/651486105628463105.txt,black people can be so stubborn to change.... #5pbagcharge URL
twitter16__651786568592658433,twitter16,651786568592658433,unverified,True,63,True,True,107117835,651786568592658433,True,0.0,0.00,139,141,139,0.00,17445.38,0.00,17445.38,17445.38,False,0,0,0,2,data_raw/Twitter15_16_dataset/twitter16/tree/651786568592658433.txt,one third of vegetarians eat meat when they get drunk | URL URL
twitter16__651809229842608128,twitter16,651809229842608128,unverified,True,99,True,True,44862126,651809229842608128,True,0.0,0.00,163,162,163,0.00,31518.68,0.00,31518.68,31518.68,False,0,0,0,0,data_raw/Twitter15_16_dataset/twitter16/tree/651809229842608128.txt,avoid 5p bag charge using these from @trolleybagsuk enter here to #win a set with @star100x URL URL
twitter16__651825062174195712,twitter16,651825062174195712,false,True,77,True,True,216299334,651825062174195712,True,0.0,0.00,340,344,340,0.00,82857.03,0.00,82857.03,82857.03,False,0,0,0,15,data_raw/Twitter15_16_dataset/twitter16/tree/651825062174195712.txt,ben carson is the most brainless brain surgeon in america. my new column: URL
twitter16__651959206287908868,twitter16,651959206287908868,false,True,92,True,True,13049362,651959206287908868,True,0.0,0.00,2819,2830,2819,0.00,134671.00,0.00,134671.00,134671.00,False,0,0,1,14,data_raw/Twitter15_16_dataset/twitter16/tree/651959206287908868.txt,"donald trump's capture, dead or alive, is reportedly worth $100 million to el chapo. URL URL"
twitter16__652000523525091328,twitter16,652000523525091328,unverified,True,67,True,True,16343974,652000523525091328,True,0.0,0.00,111,110,111,0.00,10185.57,0.00,10185.57,10185.57,False,0,0,0,1,data_raw/Twitter15_16_dataset/twitter16/tree/652000523525091328.txt,a third of 'vegetarians' eat meat when drunk on a night out URL URL
twitter16__652300118205427716,twitter16,652300118205427716,unverified,True,66,True,True,14669951,652300118205427716,True,0.0,0.00,117,116,117,0.00,2855.32,0.00,2855.32,2855.32,False,0,0,0,2,data_raw/Twitter15_16_dataset/twitter16/tree/652300118205427716.txt,survey: 1 in 3 vegetarians admits to eating meat when drunk... URL
twitter16__652349108653551616,twitter16,652349108653551616,unverified,True,58,True,True,14511951,652349108653551616,True,0.0,0.00,221,221,221,0.00,4852.83,0.00,4852.83,4852.83,False,0,0,0,1,data_raw/Twitter15_16_dataset/twitter16/tree/652349108653551616.txt,surprising number of vegetarians secretly eat meat URL URL
twitter16__652783670370115585,twitter16,652783670370115585,false,True,87,False,True,2425231,652783670370115585,True,0.0,0.00,389,388,389,0.00,9494.48,0.00,9494.48,9494.48,False,0,0,0,1,data_raw/Twitter15_16_dataset/twitter16/tree/652783670370115585.txt,"steve jobs was adopted. his biological father was abdulfattah jandali, a syrian muslim."
twitter16__652882609219833856,twitter16,652882609219833856,false,True,91,True,True,759251,652882609219833856,True,0.0,0.00,455,466,455,0.00,49608.23,0.00,49608.23,49608.23,False,0,0,2,23,data_raw/Twitter15_16_dataset/twitter16/tree/652882609219833856.txt,.@realdonaldtrump: what's the secret of my popularity? my looks. i'm very handsome. URL URL
twitter16__652982112870662144,twitter16,652982112870662144,unverified,True,58,True,True,14511951,652982112870662144,True,0.0,0.00,151,150,151,0.00,34169.97,0.00,34169.97,34169.97,False,0,0,0,6,data_raw/Twitter15_16_dataset/twitter16/tree/652982112870662144.txt,surprising number of vegetarians secretly eat meat URL URL
twitter16__652992524504600576,twitter16,652992524504600576,false,True,87,False,True,573459961,652992524504600576,True,0.0,0.00,90,89,90,0.00,1671.30,0.00,1671.30,1671.30,False,0,0,0,0,data_raw/Twitter15_16_dataset/twitter16/tree/652992524504600576.txt,"steve jobs was adopted. his biological father was abdulfattah jandali, a syrian muslim."
twitter16__653250169752977408,twitter16,653250169752977408,false,True,112,True,True,759251,653250169752977408,True,0.0,0.00,178,178,178,0.00,7352.42,0.00,7352.42,7352.42,False,0,0,1,36,data_raw/Twitter15_16_dataset/twitter16/tree/653250169752977408.txt,".@hillaryclinton is ahead of @berniesanders by 19 percentage points, in a new cbs news poll released sunday. URL"
twitter16__653285570383335424,twitter16,653285570383335424,unverified,True,39,True,True,2396804350,653285570383335424,True,0.0,0.00,193,192,193,0.00,381879.90,0.00,381879.90,381879.90,False,0,0,0,1,data_raw/Twitter15_16_dataset/twitter16/tree/653285570383335424.txt,5p!!! hell no!!!!!! #5pbagcharge 😵😵 URL
twitter16__653432177632387072,twitter16,653432177632387072,unverified,True,70,True,True,2883841,653432177632387072,True,0.0,0.00,127,127,127,0.00,3327.43,0.00,3327.43,3327.43,False,0,0,0,3,data_raw/Twitter15_16_dataset/twitter16/tree/653432177632387072.txt,study finds over a third of vegetarians eat meat...when drunk! URL URL
twitter16__653432261203750912,twitter16,653432261203750912,unverified,True,53,True,True,18208354,653432261203750912,True,0.0,0.00,125,125,125,0.00,39887.43,0.00,39887.43,39887.43,False,0,0,0,1,data_raw/Twitter15_16_dataset/twitter16/tree/653432261203750912.txt,why drunk vegetarians eat meat URL via @thedailybeast
twitter16__654336219447472128,twitter16,654336219447472128,unverified,True,113,True,True,1734519186,654336219447472128,True,0.0,0.00,106,110,106,0.00,8493.05,0.00,8493.05,8493.05,False,0,0,1,19,data_raw/Twitter15_16_dataset/twitter16/tree/654336219447472128.txt,"beat the 5p bag charge by #winning 1 of 5 cute lambrini shopping bags - rt & follow to enter! 18+, t&cs apply URL"
twitter16__654343805081157633,twitter16,654343805081157633,false,True,120,True,True,434655422,654343805081157633,True,0.0,0.00,2211,2223,2211,0.00,232079.25,0.00,232079.25,232079.25,False,0,0,1,38,data_raw/Twitter15_16_dataset/twitter16/tree/654343805081157633.txt,hey @cnnpolitics @cnn where did this poll go? apparantly a lot of people like @berniesanders. you should report that URL
twitter16__654351281260113920,twitter16,654351281260113920,false,True,106,True,True,2149913492,654351281260113920,True,0.0,0.00,446,451,446,0.00,250433.23,0.00,250433.23,250433.23,False,0,0,0,4,data_raw/Twitter15_16_dataset/twitter16/tree/654351281260113920.txt,today @cnn removed a debate poll where over 80% were for @berniesanders #demdebate #clintonnewsnetwork URL
twitter16__654371696195993600,twitter16,654371696195993600,false,True,87,True,True,343051698,654371696195993600,True,0.0,0.00,215,214,215,0.00,30086.50,0.00,30086.50,30086.50,False,0,0,0,1,data_raw/Twitter15_16_dataset/twitter16/tree/654371696195993600.txt,colorado mcdonald’s offers first marijuana friendly smoking section in restaurant - URL
twitter16__655080266784968705,twitter16,655080266784968705,false,True,90,True,True,759251,655080266784968705,True,0.0,0.00,188,190,188,0.00,4240.97,0.00,4240.97,4240.97,False,0,0,3,3,data_raw/Twitter15_16_dataset/twitter16/tree/655080266784968705.txt,poll: @hillaryclinton pulls even with @berniesanders in new hampshire after debate URL URL
twitter16__655432919595548672,twitter16,655432919595548672,unverified,True,82,True,True,2716396878,655432919595548672,True,0.0,0.00,171,170,171,0.00,6739.77,0.00,6739.77,6739.77,False,0,0,0,0,data_raw/Twitter15_16_dataset/twitter16/tree/655432919595548672.txt,thousands of people in china claim they have seen a 'floating city' in the sky URL
twitter16__655812191233417216,twitter16,655812191233417216,unverified,True,55,True,True,186569856,655812191233417216,True,0.0,0.00,391,391,391,0.00,106670.35,0.00,106670.35,106670.35,False,0,0,0,2,data_raw/Twitter15_16_dataset/twitter16/tree/655812191233417216.txt,when refusing to pay the 5p bag charge backfires URL 😂🙈
twitter16__655815788675399680,twitter16,655815788675399680,unverified,True,55,True,True,2677214379,655815788675399680,True,0.0,0.00,174,175,174,0.00,237296.02,0.00,237296.02,237296.02,False,0,0,0,4,data_raw/Twitter15_16_dataset/twitter16/tree/655815788675399680.txt,when refusing to pay the 5p bag charge backfires... URL
twitter16__655986243042459648,twitter16,655986243042459648,false,True,87,False,True,2425231,655986243042459648,True,0.0,0.00,333,333,333,0.00,157029.50,0.00,157029.50,157029.50,False,0,0,0,1,data_raw/Twitter15_16_dataset/twitter16/tree/655986243042459648.txt,"steve jobs was adopted. his biological father was abdulfattah jandali, a syrian muslim."
twitter16__656047932093763584,twitter16,656047932093763584,false,True,117,True,True,428333,656047932093763584,True,0.0,0.00,231,233,231,0.00,20200.38,0.00,20200.38,20200.38,False,0,0,3,14,data_raw/Twitter15_16_dataset/twitter16/tree/656047932093763584.txt,"cnn/orc poll: clinton did best in 1st dem debate, but only sanders significantly increased support in past month. URL"
twitter16__656202544331517952,twitter16,656202544331517952,false,True,99,True,True,8953122,656202544331517952,True,0.0,0.00,113,114,113,0.00,13387.42,0.00,13387.42,13387.42,False,0,0,0,2,data_raw/Twitter15_16_dataset/twitter16/tree/656202544331517952.txt,"no, internet, cnn did not delete its poll showing bernie sanders won the democratic debate. URL URL"
twitter16__656361703664451585,twitter16,656361703664451585,unverified,True,120,True,True,243628984,656361703664451585,True,0.0,0.00,288,294,288,0.00,28207.92,0.00,28207.92,28207.92,False,0,0,0,4,data_raw/Twitter15_16_dataset/twitter16/tree/656361703664451585.txt,well done scotland! 5p carrier bag charge 1 yr old today - 80% cut in usage - 650m less bags -£6.7m for good causes. URL
twitter16__656523458139045889,twitter16,656523458139045889,unverified,True,97,True,True,1340299952,656523458139045889,True,0.0,0.00,1770,1771,1770,0.00,354515.73,0.00,354515.73,354515.73,False,0,0,0,3,data_raw/Twitter15_16_dataset/twitter16/tree/656523458139045889.txt,is your drug dealer charging you more because of the 5p bag charge? let us know! ring 101 now URL
twitter16__656595123590012928,twitter16,656595123590012928,false,True,67,True,True,205789121,656595123590012928,True,0.0,0.00,214,213,214,0.00,4222.43,0.00,4222.43,4222.43,False,0,0,0,0,data_raw/Twitter15_16_dataset/twitter16/tree/656595123590012928.txt,10 'back to the future' predictions that actually came true URL URL
twitter16__656629493377990656,twitter16,656629493377990656,false,True,87,False,True,257799442,656629493377990656,True,0.0,0.00,248,247,248,0.00,37438.50,0.00,37438.50,37438.50,False,0,0,0,1,data_raw/Twitter15_16_dataset/twitter16/tree/656629493377990656.txt,"steve jobs was adopted. his biological father was abdulfattah jandali, a syrian muslim."
twitter16__656662726014599168,twitter16,656662726014599168,false,True,96,True,True,5988062,656662726014599168,True,0.0,0.00,473,473,473,0.00,62015.72,0.00,62015.72,62015.72,False,0,0,0,8,data_raw/Twitter15_16_dataset/twitter16/tree/656662726014599168.txt,"the father of steve jobs, the ground-breaking founder of apple, was a refugee from syria URL URL"
twitter16__656811196218286080,twitter16,656811196218286080,false,True,58,True,True,205789121,656811196218286080,True,0.0,0.00,222,223,222,0.00,12626.63,0.00,12626.63,12626.63,False,0,0,0,0,data_raw/Twitter15_16_dataset/twitter16/tree/656811196218286080.txt,10 'back to the future' predictions that came true URL URL
twitter16__656818921979310081,twitter16,656818921979310081,false,True,99,True,True,207495308,656818921979310081,True,0.0,0.00,157,156,157,0.00,10186.43,0.00,10186.43,10186.43,False,0,0,0,2,data_raw/Twitter15_16_dataset/twitter16/tree/656818921979310081.txt,great scott! #backtothefuture 2 (almost) nailed its 2015 predictions. @hplabs makes theirs: URL URL
twitter16__656825206045020160,twitter16,656825206045020160,false,True,82,True,True,15012486,656825206045020160,True,0.0,0.00,289,288,289,0.00,4584.27,0.00,4584.27,4584.27,False,0,0,0,2,data_raw/Twitter15_16_dataset/twitter16/tree/656825206045020160.txt,"#backtothefuture fans, it's october 21, 2015 — the future is finally here! URL URL"
twitter16__656830586577883136,twitter16,656830586577883136,false,True,100,True,True,28785486,656830586577883136,True,0.0,0.00,326,325,326,0.00,6433.88,0.00,6433.88,6433.88,False,0,0,0,0,data_raw/Twitter15_16_dataset/twitter16/tree/656830586577883136.txt,happy #backtothefuture day! how did 'back to the future: part ii' score on 2015 predictions? URL URL
twitter16__656834590779289600,twitter16,656834590779289600,false,True,58,True,True,205789121,656834590779289600,True,0.0,0.00,136,135,136,0.00,12560.52,0.00,12560.52,12560.52,False,0,0,0,0,data_raw/Twitter15_16_dataset/twitter16/tree/656834590779289600.txt,10 'back to the future' predictions that came true URL URL
twitter16__656848877463560192,twitter16,656848877463560192,non-rumor,True,140,False,True,13784322,656848877463560192,True,0.0,0.00,266,266,266,0.00,7341.30,0.00,7341.30,7341.30,False,0,0,0,1,data_raw/Twitter15_16_dataset/twitter16/tree/656848877463560192.txt,i’m celebrating #backtothefuture day by bemoaning the lack of hoverboards while ignoring the fact that my phone contains all human knowledge
twitter16__656870311057575936,twitter16,656870311057575936,false,True,95,True,True,91478624,656870311057575936,True,0.0,0.00,215,214,215,0.00,12598.60,0.00,12598.60,12598.60,False,0,0,0,1,data_raw/Twitter15_16_dataset/twitter16/tree/656870311057575936.txt,the 5 most accurate predictions from the decade-jumping adventures in #backtothefuture: URL URL
twitter16__656880145769197568,twitter16,656880145769197568,false,True,58,True,True,140224612,656880145769197568,True,0.0,0.00,113,112,113,0.00,455.95,0.00,455.95,455.95,False,0,0,0,2,data_raw/Twitter15_16_dataset/twitter16/tree/656880145769197568.txt,10 'back to the future' predictions that came true URL URL
twitter16__656955120626880512,twitter16,656955120626880512,false,True,48,True,True,1942819082,656955120626880512,True,0.0,0.00,532,531,532,0.00,50507.03,0.00,50507.03,50507.03,False,0,0,0,1,data_raw/Twitter15_16_dataset/twitter16/tree/656955120626880512.txt,correct predictions in back to the future ii URL
twitter16__657007736467525632,twitter16,657007736467525632,false,True,87,False,True,2425231,657007736467525632,True,0.0,0.00,230,231,230,0.00,1740.27,0.00,1740.27,1740.27,False,0,0,0,0,data_raw/Twitter15_16_dataset/twitter16/tree/657007736467525632.txt,"steve jobs was adopted. his biological father was abdulfattah jandali, a syrian muslim."
twitter16__658065957823324160,twitter16,658065957823324160,false,True,96,True,True,32359921,658065957823324160,True,0.0,0.00,153,153,153,0.00,35585.23,0.00,35585.23,35585.23,False,0,0,0,2,data_raw/Twitter15_16_dataset/twitter16/tree/658065957823324160.txt,"the father of steve jobs, the ground-breaking founder of apple, was a refugee from syria URL URL"
twitter16__658259426172891136,twitter16,658259426172891136,false,True,99,True,True,180524193,658259426172891136,True,0.0,0.00,99,98,99,0.00,6177.62,0.00,6177.62,6177.62,False,0,0,0,0,data_raw/Twitter15_16_dataset/twitter16/tree/658259426172891136.txt,4 legged chickens: fda confiscates several thousand chickens from kfc farms as mutations worsen URL
twitter16__658462819667615744,twitter16,658462819667615744,false,True,80,True,True,32359921,658462819667615744,True,0.0,0.00,135,134,135,0.00,15672.32,0.00,15672.32,15672.32,False,0,0,3,1,data_raw/Twitter15_16_dataset/twitter16/tree/658462819667615744.txt,"the father of steve jobs, the founder of apple, was a refugee from syria URL URL"
twitter16__658755852199927808,twitter16,658755852199927808,unverified,True,69,True,True,115754870,658755852199927808,True,0.0,0.00,101,101,101,0.00,7891.08,0.00,7891.08,7891.08,False,0,0,0,2,data_raw/Twitter15_16_dataset/twitter16/tree/658755852199927808.txt,"test finds human dna in hot dogs, meat in vegetarian products URL URL"
twitter16__658786161733734400,twitter16,658786161733734400,false,True,87,False,True,573459961,658786161733734400,True,0.0,0.00,118,119,118,0.00,14801.10,0.00,14801.10,14801.10,False,0,0,0,3,data_raw/Twitter15_16_dataset/twitter16/tree/658786161733734400.txt,"steve jobs was adopted. his biological father was abdulfattah jandali, a syrian muslim."
twitter16__658938136299511808,twitter16,658938136299511808,unverified,True,81,True,True,16343974,658938136299511808,True,0.0,0.00,118,117,118,0.00,7169.62,0.00,7169.62,7169.62,False,0,0,0,0,data_raw/Twitter15_16_dataset/twitter16/tree/658938136299511808.txt,human dna found in hot dogs - and 10% of vegetarian sausages contain meat URL URL
twitter16__659428447459110912,twitter16,659428447459110912,false,True,77,True,True,1009546724,659428447459110912,True,0.0,0.00,110,109,110,0.00,27541.08,0.00,27541.08,27541.08,False,0,0,0,1,data_raw/Twitter15_16_dataset/twitter16/tree/659428447459110912.txt,"#opkkk: #anonymous to reveal identities of 1,000 ku klux klan members URL URL"
twitter16__659439879701602304,twitter16,659439879701602304,false,True,84,True,True,1229074621,659439879701602304,True,0.0,0.00,106,109,106,0.00,14610.23,0.00,14610.23,14610.23,False,0,0,0,6,data_raw/Twitter15_16_dataset/twitter16/tree/659439879701602304.txt,fda confiscates several thousand chickens from kfc farms as mutations worsen URL URL
twitter16__659462980476637184,twitter16,659462980476637184,false,True,84,True,True,2304239234,659462980476637184,True,0.0,0.00,784,803,784,0.00,214443.15,0.00,214443.15,214443.15,False,0,0,1,14,data_raw/Twitter15_16_dataset/twitter16/tree/659462980476637184.txt,fda confiscates several thousand chickens from kfc farms as mutations worsen URL URL
twitter16__660466342038867969,twitter16,660466342038867969,false,True,116,True,True,3224780809,660466342038867969,True,0.0,0.00,162,165,162,0.00,17329.88,0.00,17329.88,17329.88,False,0,0,5,13,data_raw/Twitter15_16_dataset/twitter16/tree/660466342038867969.txt,calling #anonymous collective to fire at all #kkk & affiliated sources on nov 16. URL #opkkk #hoodsoff retweet/share
twitter16__661102820976930816,twitter16,661102820976930816,false,True,96,True,True,247399641,661102820976930816,True,0.0,0.00,160,159,160,0.00,435682.35,0.00,435682.35,435682.35,False,0,0,0,0,data_raw/Twitter15_16_dataset/twitter16/tree/661102820976930816.txt,"►#anonymous operation #kkk ►ku klux klan, we never stopped watching you URL #opkkk #hoodsoff URL"
twitter16__661120256732041216,twitter16,661120256732041216,false,True,90,True,True,427772531,661120256732041216,True,0.0,0.00,181,180,181,0.00,36099.48,0.00,36099.48,36099.48,False,0,0,0,0,data_raw/Twitter15_16_dataset/twitter16/tree/661120256732041216.txt,breaking news here oooof #hoodsoff #opkkk #anonops #anonymous #anonfamily #kkk #racism URL
twitter16__661222523275636736,twitter16,661222523275636736,false,True,72,True,True,2975722854,661222523275636736,True,0.0,0.00,90,89,90,0.00,4499.48,0.00,4499.48,4499.48,False,0,0,0,0,data_raw/Twitter15_16_dataset/twitter16/tree/661222523275636736.txt,"anonymous to kkk: you can hood, but you can't hide. #opkkk #hoodsoff URL"
twitter16__661229627734667264,twitter16,661229627734667264,false,True,98,True,True,16041234,661229627734667264,True,0.0,0.00,284,291,284,0.00,205942.78,0.00,205942.78,205942.78,False,0,0,0,4,data_raw/Twitter15_16_dataset/twitter16/tree/661229627734667264.txt,mayors flatly deny klan membership after #anonymous releases names online URL #opkkk #hoodsoff URL
twitter16__661251968078221312,twitter16,661251968078221312,false,True,97,True,True,47862165,661251968078221312,True,0.0,0.00,243,244,243,0.00,10548.85,0.00,10548.85,10548.85,False,0,0,0,0,data_raw/Twitter15_16_dataset/twitter16/tree/661251968078221312.txt,anonymous #opkkk the hoods come off begins with united states senators & mayors URL #hoodsoff URL
twitter16__661299012386095105,twitter16,661299012386095105,false,True,73,True,True,972651,661299012386095105,True,0.0,0.00,170,170,170,0.00,65031.90,0.00,65031.90,65031.90,False,0,0,0,2,data_raw/Twitter15_16_dataset/twitter16/tree/661299012386095105.txt,'hoods off': anonymous announces operation to name kkk members URL #opkkk
twitter16__661870323034431489,twitter16,661870323034431489,false,True,62,True,True,20250241,661870323034431489,True,0.0,0.00,484,486,484,0.00,3413.13,0.00,3413.13,3413.13,False,0,0,0,7,data_raw/Twitter15_16_dataset/twitter16/tree/661870323034431489.txt,holy shit. rupert murdoch just killed national geographic. URL
twitter16__662151653462790144,twitter16,662151653462790144,false,True,87,True,True,1178700896,662151653462790144,True,0.0,0.00,362,364,362,0.00,12492.42,0.00,12492.42,12492.42,False,0,0,0,9,data_raw/Twitter15_16_dataset/twitter16/tree/662151653462790144.txt,hackers from anonymous say they're set to expose hundreds of kkk members URL #opkkk URL
twitter16__662381914842603520,twitter16,662381914842603520,false,True,93,True,True,166329578,662381914842603520,True,0.0,0.00,118,117,118,0.00,3982.77,0.00,3982.77,3982.77,False,0,0,0,0,data_raw/Twitter15_16_dataset/twitter16/tree/662381914842603520.txt,"rt @operation_kkk: official #opkkk #hoodsoff 2015 data release URL with love, anonymous . URL"
twitter16__662430295254175744,twitter16,662430295254175744,false,True,68,True,True,225235528,662430295254175744,True,0.0,0.00,341,342,341,0.00,75175.75,0.00,75175.75,75175.75,False,0,0,0,4,data_raw/Twitter15_16_dataset/twitter16/tree/662430295254175744.txt,#opkkk releases 500+ names and reveals unexpected #plottwist URL URL
twitter16__663385747177775105,twitter16,663385747177775105,false,True,87,False,True,2425231,663385747177775105,True,0.0,0.00,292,291,292,0.00,307026.13,0.00,307026.13,307026.13,False,0,0,0,0,data_raw/Twitter15_16_dataset/twitter16/tree/663385747177775105.txt,"steve jobs was adopted. his biological father was abdulfattah jandali, a syrian muslim."
twitter16__663515735231062016,twitter16,663515735231062016,false,True,112,True,True,2998771683,663515735231062016,True,0.0,0.00,184,196,184,0.00,7938.73,0.00,7938.73,7938.73,False,0,0,1,12,data_raw/Twitter15_16_dataset/twitter16/tree/663515735231062016.txt,michelle obama says ‘white folks’ are what’s wrong with america URL no michelle you are whats wrong with america
twitter16__663722803489808384,twitter16,663722803489808384,false,True,77,True,True,972651,663722803489808384,True,0.0,0.00,142,142,142,0.00,11328.73,0.00,11328.73,11328.73,False,0,0,1,5,data_raw/Twitter15_16_dataset/twitter16/tree/663722803489808384.txt,people are enraged that starbucks' red cups aren't christmas-y enough URL URL
twitter16__663744139666804736,twitter16,663744139666804736,unverified,True,137,False,True,2196201139,663744139666804736,True,0.0,0.00,2820,2831,2820,0.00,238424.40,0.00,238424.40,238424.40,False,0,0,3,21,data_raw/Twitter15_16_dataset/twitter16/tree/663744139666804736.txt,"as you ignore the cold homeless guy sitting outside starbucks, please be sure to complain about the 'non-christian' red cup of $5 coffee."
twitter16__663817239896821760,twitter16,663817239896821760,false,True,72,True,True,5695632,663817239896821760,True,0.0,0.00,1268,1269,1268,0.00,48942.20,0.00,48942.20,48942.20,False,0,0,1,4,data_raw/Twitter15_16_dataset/twitter16/tree/663817239896821760.txt,for everyone who thinks starbucks red cups are ruining christmas URL URL
twitter16__663904307113275392,twitter16,663904307113275392,false,True,99,True,True,2097571,663904307113275392,True,0.0,0.00,142,141,142,0.00,10707.25,0.00,10707.25,10707.25,False,0,0,1,5,data_raw/Twitter15_16_dataset/twitter16/tree/663904307113275392.txt,"donald trump defends christmas, says ""maybe we should boycott starbucks"" over new red cups: URL URL"
twitter16__663925546812837888,twitter16,663925546812837888,false,True,98,False,True,14810327,663925546812837888,True,0.0,0.00,303,304,303,0.00,5835.50,0.00,5835.50,5835.50,False,0,0,0,3,data_raw/Twitter15_16_dataset/twitter16/tree/663925546812837888.txt,"solo cups have been red for decades. if starbucks was taking a shot at christmas, solo shot first."
twitter16__664000310856310784,twitter16,664000310856310784,false,True,85,True,True,13049362,664000310856310784,True,0.0,0.00,369,370,369,0.00,14774.00,0.00,14774.00,14774.00,False,0,0,0,3,data_raw/Twitter15_16_dataset/twitter16/tree/664000310856310784.txt,"mysterious creature discovered in california, everyone naturally cries alien: URL URL"
twitter16__665309822208729088,twitter16,665309822208729088,non-rumor,True,88,True,True,15108702,665309822208729088,True,0.0,0.00,260,259,260,0.00,866.82,0.00,866.82,866.82,False,0,0,0,0,data_raw/Twitter15_16_dataset/twitter16/tree/665309822208729088.txt,breaking: five explosions heard near bataclan concert hall in paris: reuters witness URL
twitter16__665358434351509504,twitter16,665358434351509504,false,True,98,True,True,130294479,665358434351509504,True,0.0,0.00,136,150,136,0.00,21611.17,0.00,21611.17,21611.17,False,0,0,0,18,data_raw/Twitter15_16_dataset/twitter16/tree/665358434351509504.txt,"breaking: 1st load of 10,000 syrian refugees arrived in new orleans URL #makeamericagreatagain URL"
twitter16__665361505303584774,twitter16,665361505303584774,false,True,112,True,True,14894013,665361505303584774,True,0.0,0.00,210,218,210,0.00,3766.32,0.00,3766.32,3766.32,False,0,0,1,13,data_raw/Twitter15_16_dataset/twitter16/tree/665361505303584774.txt,"first load of 10,000 syrian refugees has arrived in new orleans, being resettled unbeknownst to locals #tcot URL"
twitter16__665364878287224834,twitter16,665364878287224834,false,True,98,True,True,594886554,665364878287224834,True,0.0,0.00,451,480,451,0.00,188714.07,0.00,188714.07,188714.07,False,0,0,1,18,data_raw/Twitter15_16_dataset/twitter16/tree/665364878287224834.txt,"ironic timing – today first load of 10,000 syrian “refugees” has arrived in new orleans –… URL URL"
twitter16__665379967757324288,twitter16,665379967757324288,false,True,118,True,True,43508994,665379967757324288,True,0.0,0.00,151,160,151,0.00,45857.83,0.00,45857.83,45857.83,False,0,0,0,6,data_raw/Twitter15_16_dataset/twitter16/tree/665379967757324288.txt,"today first load of obama's 10,000 syrian “refugees” has arrived in new orleans – all single males 18-30 years old URL"
twitter16__665575674485211136,twitter16,665575674485211136,false,True,116,True,True,54769979,665575674485211136,True,0.0,0.00,173,176,173,0.00,6663.03,0.00,6663.03,6663.03,False,0,0,0,6,data_raw/Twitter15_16_dataset/twitter16/tree/665575674485211136.txt,"first 10,000 syrian refugees arrive in new orleans noticed there are no women or children @realdonaldtrump #tcot URL"
twitter16__666051332504207360,twitter16,666051332504207360,false,True,65,True,True,19417492,666051332504207360,True,0.0,0.00,136,136,136,0.00,9821.97,0.00,9821.97,9821.97,False,0,0,0,3,data_raw/Twitter15_16_dataset/twitter16/tree/666051332504207360.txt,jindal protests sending of syrian refugees to new orleans URL URL
twitter16__666070802924617728,twitter16,666070802924617728,false,True,62,True,True,14669951,666070802924617728,True,0.0,0.00,402,406,402,0.00,978.00,0.00,978.00,978.00,False,0,0,1,13,data_raw/Twitter15_16_dataset/twitter16/tree/666070802924617728.txt,jindal demands info about refugees entering new orleans... URL
twitter16__666107476526432256,twitter16,666107476526432256,false,True,100,True,True,343613500,666107476526432256,True,0.0,0.00,131,130,131,0.00,20228.63,0.00,20228.63,20228.63,False,0,0,2,1,data_raw/Twitter15_16_dataset/twitter16/tree/666107476526432256.txt,muslim security guard stopped bomber from entering the stadium during #parisattacks URL #zouheir URL
twitter16__666190716448587776,twitter16,666190716448587776,false,True,120,True,True,1564676498,666190716448587776,True,0.0,0.00,147,161,147,0.00,9063.80,0.00,9063.80,9063.80,False,0,0,0,12,data_raw/Twitter15_16_dataset/twitter16/tree/666190716448587776.txt,warning syrian refugees hv arrived in neworlean &they r here 2stay ur funds r being well invested in one-way tickets URL
twitter16__666335363099660288,twitter16,666335363099660288,non-rumor,True,97,True,True,15108702,666335363099660288,True,0.0,0.00,569,570,569,0.00,46068.12,0.00,46068.12,46068.12,False,0,0,0,7,data_raw/Twitter15_16_dataset/twitter16/tree/666335363099660288.txt,eiffel tower displays colors of france's flag to pay tribute to victims of #parisattacks: URL URL
twitter16__666497286663503872,twitter16,666497286663503872,false,True,81,True,True,15754281,666497286663503872,True,0.0,0.00,327,328,327,0.00,23556.85,0.00,23556.85,23556.85,False,0,0,1,5,data_raw/Twitter15_16_dataset/twitter16/tree/666497286663503872.txt,remember: steve jobs' biological father was a syrian migrant. URL (photo: ap) URL
twitter16__666633171325353989,twitter16,666633171325353989,false,True,87,True,True,742143,666633171325353989,True,0.0,0.00,232,232,232,0.00,18332.77,0.00,18332.77,18332.77,False,0,0,0,6,data_raw/Twitter15_16_dataset/twitter16/tree/666633171325353989.txt,"the myth of zouheir, a ""hero muslim security guard"" in paris URL (via @bbctrending) URL"
twitter16__666640008149925893,twitter16,666640008149925893,false,True,31,True,True,1140451,666640008149925893,True,0.0,0.00,141,140,141,0.00,7304.82,0.00,7304.82,7304.82,False,0,0,0,1,data_raw/Twitter15_16_dataset/twitter16/tree/666640008149925893.txt,son of a syrian refugee URL URL
twitter16__666810213274689537,twitter16,666810213274689537,false,True,110,False,True,7702542,666810213274689537,True,0.0,0.00,140,142,140,0.00,2837.62,0.00,2837.62,2837.62,False,0,0,1,4,data_raw/Twitter15_16_dataset/twitter16/tree/666810213274689537.txt,but democrats say that syrian refugees are 3 year-old orphans. so why are they worried about them buying guns?
twitter16__667073349974102017,twitter16,667073349974102017,true,True,85,True,True,241056520,667073349974102017,True,0.0,0.00,268,267,268,0.00,212136.73,0.00,212136.73,212136.73,False,0,0,0,0,data_raw/Twitter15_16_dataset/twitter16/tree/667073349974102017.txt,anne frank was a refugee denied entrance to the united states URL #syrianrefugees URL
twitter16__667379734343471104,twitter16,667379734343471104,false,True,40,True,True,2743049739,667379734343471104,True,0.0,0.00,166,165,166,0.00,8725.03,0.00,8725.03,8725.03,False,0,0,0,0,data_raw/Twitter15_16_dataset/twitter16/tree/667379734343471104.txt,donald trump is the new adolf hitler URL
twitter16__667465205258051584,twitter16,667465205258051584,false,True,78,True,True,893856362,667465205258051584,True,0.0,0.00,204,205,204,0.00,366953.20,0.00,366953.20,366953.20,False,0,0,0,4,data_raw/Twitter15_16_dataset/twitter16/tree/667465205258051584.txt,remember the man who killed four marines in chattanooga? he was a refugee. URL
twitter16__667487418388488192,twitter16,667487418388488192,true,True,73,True,True,14294848,667487418388488192,True,0.0,0.00,424,426,424,0.00,85830.35,0.00,85830.35,85830.35,False,0,0,0,4,data_raw/Twitter15_16_dataset/twitter16/tree/667487418388488192.txt,"the picture of a syrian child ""surrendering"" to a camera is real. URL URL"
twitter16__667534186450825216,twitter16,667534186450825216,false,True,53,False,True,141864252,667534186450825216,True,0.0,0.00,114,113,114,0.00,30302.77,0.00,30302.77,30302.77,False,0,0,0,0,data_raw/Twitter15_16_dataset/twitter16/tree/667534186450825216.txt,steve jobs' biological father was a syrian immigrant.
twitter16__668144671772778497,twitter16,668144671772778497,false,True,79,True,True,9763482,668144671772778497,True,0.0,0.00,125,124,125,0.00,1655.38,0.00,1655.38,1655.38,False,0,0,0,2,data_raw/Twitter15_16_dataset/twitter16/tree/668144671772778497.txt,"according to anonymous, the next isis target is a wwe event in atlanta. URL URL"
twitter16__668849913678209024,twitter16,668849913678209024,true,True,38,True,True,14294848,668849913678209024,True,0.0,0.00,280,280,280,0.00,54512.62,0.00,54512.62,54512.62,False,0,0,0,1,data_raw/Twitter15_16_dataset/twitter16/tree/668849913678209024.txt,that superman poster is legit: URL URL
twitter16__668872645589471232,twitter16,668872645589471232,false,True,87,False,True,2425231,668872645589471232,True,0.0,0.00,257,256,257,0.00,13566.92,0.00,13566.92,13566.92,False,0,0,0,2,data_raw/Twitter15_16_dataset/twitter16/tree/668872645589471232.txt,"steve jobs was adopted. his biological father was abdulfattah jandali, a syrian muslim."
twitter16__669201837187334144,twitter16,669201837187334144,false,True,87,False,True,2425231,669201837187334144,True,0.0,0.00,319,318,319,0.00,4444.35,0.00,4444.35,4444.35,False,0,0,0,0,data_raw/Twitter15_16_dataset/twitter16/tree/669201837187334144.txt,"steve jobs was adopted. his biological father was abdulfattah jandali, a syrian muslim."
twitter16__669259395902152704,twitter16,669259395902152704,false,True,110,True,True,1598644159,669259395902152704,True,0.0,0.00,1596,1632,1596,0.00,90975.67,0.00,90975.67,90975.67,False,0,0,0,23,data_raw/Twitter15_16_dataset/twitter16/tree/669259395902152704.txt,"months ago, rupert murdoch bought national geographic and fired most of writers. this just hit the stands. URL"
twitter16__669613420665159680,twitter16,669613420665159680,false,True,87,True,True,14294848,669613420665159680,True,0.0,0.00,144,145,144,0.00,143826.73,0.00,143826.73,143826.73,False,0,0,0,3,data_raw/Twitter15_16_dataset/twitter16/tree/669613420665159680.txt,farting does not burn 67 calories and is not a practical weight loss mechanism: URL URL
twitter16__671181758692507648,twitter16,671181758692507648,false,True,103,True,True,487600344,671181758692507648,True,0.0,0.00,122,131,122,0.00,4082.37,0.00,4082.37,4082.37,False,0,0,1,13,data_raw/Twitter15_16_dataset/twitter16/tree/671181758692507648.txt,desperate ted cruz claims planned parenthood shooter was transgender leftis; based on rumor he read URL
twitter16__672102358516670465,twitter16,672102358516670465,non-rumor,True,61,True,True,13215132,672102358516670465,True,0.0,0.00,884,890,884,0.00,123075.50,0.00,123075.50,123075.50,False,0,0,0,7,data_raw/Twitter15_16_dataset/twitter16/tree/672102358516670465.txt,"holy christ, #samuraijack is returning to television! URL URL"
twitter16__672169954016403456,twitter16,672169954016403456,false,True,114,True,True,28785486,672169954016403456,True,0.0,0.00,1089,1111,1089,0.00,8795.70,0.00,8795.70,8795.70,False,0,0,1,69,data_raw/Twitter15_16_dataset/twitter16/tree/672169954016403456.txt,"pres. obama on #sanbernardino: ""we have a pattern now of mass shootings in this country that has no parallel."" URL"
twitter16__672180526946656256,twitter16,672180526946656256,false,True,116,True,True,1767741,672180526946656256,True,0.0,0.00,380,386,380,0.00,6804.35,0.00,6804.35,6804.35,False,0,0,1,25,data_raw/Twitter15_16_dataset/twitter16/tree/672180526946656256.txt,"obama: ""we have a pattern now of mass shootings in this country that has no parallel anywhere else in the world"" URL"
twitter16__672219174463275008,twitter16,672219174463275008,false,True,97,True,True,28785486,672219174463275008,True,0.0,0.00,307,319,307,0.00,2846.12,0.00,2846.12,2846.12,False,0,0,6,39,data_raw/Twitter15_16_dataset/twitter16/tree/672219174463275008.txt,"pres. obama on #sanbernardino: ""we have a pattern now of mass shootings in this country."" URL URL"
twitter16__672424512516964352,twitter16,672424512516964352,false,True,140,False,True,50769180,672424512516964352,True,0.0,0.00,336,343,336,0.00,277882.55,0.00,277882.55,277882.55,False,0,0,0,9,data_raw/Twitter15_16_dataset/twitter16/tree/672424512516964352.txt,".@johnrlottjr:""the number of ppl killed by mass shootings during obama’s tenure is 424 casualties…paris this year alone has 508 casualties."""
twitter16__672432930426372096,twitter16,672432930426372096,false,True,98,True,True,23195603,672432930426372096,True,0.0,0.00,188,203,188,0.00,9015.42,0.00,9015.42,9015.42,False,0,0,0,19,data_raw/Twitter15_16_dataset/twitter16/tree/672432930426372096.txt,ever wonder why the most mass shootings ever have happened under obama? URL via @rebootliberty URL
twitter16__672433211604013057,twitter16,672433211604013057,false,True,137,False,True,715044396,672433211604013057,True,0.0,0.00,2271,2346,2271,0.00,305450.70,0.00,305450.70,305450.70,False,0,0,6,113,data_raw/Twitter15_16_dataset/twitter16/tree/672433211604013057.txt,reagan (11 mass shootings) bush sr (12 mass shootings) clinton (23 mass shootings) bush jr (16 mass shootings) obama (162 mass shootings)
twitter16__672488384695279616,twitter16,672488384695279616,false,True,137,False,True,537904539,672488384695279616,True,0.0,0.00,515,524,515,0.00,12023.85,0.00,12023.85,12023.85,False,0,0,1,16,data_raw/Twitter15_16_dataset/twitter16/tree/672488384695279616.txt,reagan (11 mass shootings) bush sr (12 mass shootings) clinton (23 mass shootings) bush jr (16 mass shootings) obama (162 mass shootings)
twitter16__672513234419638273,twitter16,672513234419638273,false,True,99,True,True,28785486,672513234419638273,True,0.0,0.00,163,169,163,0.00,22116.75,0.00,22116.75,22116.75,False,0,0,0,4,data_raw/Twitter15_16_dataset/twitter16/tree/672513234419638273.txt,"""thoughts and prayers are not enough."" pres. obama speaks on mass shootings over the years: URL URL"
twitter16__672539897899577344,twitter16,672539897899577344,false,True,97,False,True,24486612,672539897899577344,True,0.0,0.00,220,230,220,0.00,71938.80,0.00,71938.80,71938.80,False,0,0,2,14,data_raw/Twitter15_16_dataset/twitter16/tree/672539897899577344.txt,mass shootings list. reagan - 11 bush sr - 12 clinton - 23 bush jr - 16 obama - 162 #sanbernadino
twitter16__672553813249826816,twitter16,672553813249826816,non-rumor,True,94,True,True,11350892,672553813249826816,True,0.0,0.00,861,872,861,0.00,219472.87,0.00,219472.87,219472.87,False,0,0,15,18,data_raw/Twitter15_16_dataset/twitter16/tree/672553813249826816.txt,"#onceuponatime's @colinodonoghue1: dark hook is like a ""pissed-off boyfriend"" URL @onceabc URL"
twitter16__672632863452299264,twitter16,672632863452299264,false,True,137,False,True,158060289,672632863452299264,True,0.0,0.00,279,284,279,0.00,313340.45,0.00,313340.45,313340.45,False,0,0,0,12,data_raw/Twitter15_16_dataset/twitter16/tree/672632863452299264.txt,reagan (11 mass shootings) bush sr (12 mass shootings) clinton (23 mass shootings) bush jr (16 mass shootings) obama (162 mass shootings)
twitter16__672632899921833984,twitter16,672632899921833984,false,True,100,True,True,999453985,672632899921833984,True,0.0,0.00,379,394,379,0.00,12058.33,0.00,12058.33,12058.33,False,0,0,2,20,data_raw/Twitter15_16_dataset/twitter16/tree/672632899921833984.txt,why have there been more mass shootings under obama than the 4 previous presidents combined? URL URL
twitter16__672828403016429568,twitter16,672828403016429568,false,True,102,True,True,109065990,672828403016429568,True,0.0,0.00,102,118,102,0.00,6672.90,0.00,6672.90,6672.90,False,0,0,1,52,data_raw/Twitter15_16_dataset/twitter16/tree/672828403016429568.txt,obama plans executive action on gun control; white house admits it will not prevent mass shootings URL
twitter16__672902686380003328,twitter16,672902686380003328,false,True,137,False,True,1297418582,672902686380003328,True,0.0,0.00,295,294,295,0.00,349827.90,0.00,349827.90,349827.90,False,0,0,1,0,data_raw/Twitter15_16_dataset/twitter16/tree/672902686380003328.txt,reagan (11 mass shootings) bush sr (12 mass shootings) clinton (23 mass shootings) bush jr (16 mass shootings) obama (162 mass shootings)
twitter16__672906198434209792,twitter16,672906198434209792,false,True,119,True,True,28785486,672906198434209792,True,0.0,0.00,183,189,183,0.00,2140.38,0.00,2140.38,2140.38,False,0,0,2,26,data_raw/Twitter15_16_dataset/twitter16/tree/672906198434209792.txt,farook family attorney says brothers in the family never saw tashfeen malik's face because she always wore a burka. URL
twitter16__672927317191229440,twitter16,672927317191229440,false,True,118,True,True,1379288282,672927317191229440,True,0.0,0.00,298,301,298,0.00,29738.57,0.00,29738.57,29738.57,False,0,0,0,8,data_raw/Twitter15_16_dataset/twitter16/tree/672927317191229440.txt,this is the face of female jihadist #tashfeenmalik could pass for a widow or orphan😤#norefugees #islamistheproblem URL
twitter16__673079581520318464,twitter16,673079581520318464,false,True,99,True,True,434545375,673079581520318464,True,0.0,0.00,785,784,785,0.00,10952.40,0.00,10952.40,10952.40,False,0,0,0,3,data_raw/Twitter15_16_dataset/twitter16/tree/673079581520318464.txt,do these look like the faces of a homeless couple caught living in a walmart attic for 2 years? URL
twitter16__673346166822694914,twitter16,673346166822694914,false,True,104,True,True,102325442,673346166822694914,True,0.0,0.00,389,388,389,0.00,6861.40,0.00,6861.40,6861.40,False,0,0,0,0,data_raw/Twitter15_16_dataset/twitter16/tree/673346166822694914.txt,do these look like the faces of a homeless couple caught living in a walmart attic for over 2 years? URL
twitter16__673581371458199552,twitter16,673581371458199552,false,True,110,True,True,80185804,673581371458199552,True,0.0,0.00,402,408,402,0.00,9188.23,0.00,9188.23,9188.23,False,0,0,1,6,data_raw/Twitter15_16_dataset/twitter16/tree/673581371458199552.txt,men from #pakistan security forces told reporters to stop probing #tashfeenmalik background or face arrest URL
twitter16__673611867181473792,twitter16,673611867181473792,false,True,58,True,True,131538331,673611867181473792,True,0.0,0.00,117,118,117,0.00,1340.00,0.00,1340.00,1340.00,False,0,0,0,3,data_raw/Twitter15_16_dataset/twitter16/tree/673611867181473792.txt,"what? ""72 dhs employees found on terrorist watch list"" URL"
twitter16__673615263040798726,twitter16,673615263040798726,false,True,44,True,True,462104542,673615263040798726,True,0.0,0.00,193,192,193,0.00,6030.08,0.00,6030.08,6030.08,False,0,0,0,8,data_raw/Twitter15_16_dataset/twitter16/tree/673615263040798726.txt,72 dhs employees on terrorist watch list URL
twitter16__673615400655970304,twitter16,673615400655970304,false,True,70,True,True,14669951,673615400655970304,True,0.0,0.00,628,635,628,0.00,115263.00,0.00,115263.00,115263.00,False,0,0,1,23,data_raw/Twitter15_16_dataset/twitter16/tree/673615400655970304.txt,shock: 72 'homeland security' employees on terrorist watch list... URL
twitter16__673664899571060736,twitter16,673664899571060736,false,True,60,True,True,455764741,673664899571060736,True,0.0,0.00,107,106,107,0.00,241139.07,0.00,241139.07,241139.07,False,0,0,0,1,data_raw/Twitter15_16_dataset/twitter16/tree/673664899571060736.txt,72 dhs employees on terrorist watch list URL via @kredo0 URL
twitter16__673686233936072704,twitter16,673686233936072704,false,True,65,True,True,7702542,673686233936072704,True,0.0,0.00,439,441,439,0.00,12554.52,0.00,12554.52,12554.52,False,0,0,0,11,data_raw/Twitter15_16_dataset/twitter16/tree/673686233936072704.txt,72 dhs employees on the terror watch list: URL h/t @penguinsfan62
twitter16__673696115305406466,twitter16,673696115305406466,false,True,44,True,True,134292677,673696115305406466,True,0.0,0.00,375,374,375,0.00,30130.10,0.00,30130.10,30130.10,False,0,0,0,0,data_raw/Twitter15_16_dataset/twitter16/tree/673696115305406466.txt,72 dhs employees on terrorist watch list URL
twitter16__673872171341447169,twitter16,673872171341447169,false,True,60,True,True,455764741,673872171341447169,True,0.0,0.00,126,126,126,0.00,11667.40,0.00,11667.40,11667.40,False,0,0,0,1,data_raw/Twitter15_16_dataset/twitter16/tree/673872171341447169.txt,72 dhs employees on terrorist watch list URL via @kredo0 URL
twitter16__673984270902427650,twitter16,673984270902427650,false,True,79,True,True,151896622,673984270902427650,True,0.0,0.00,115,117,115,0.00,142306.47,0.00,142306.47,142306.47,False,0,0,1,3,data_raw/Twitter15_16_dataset/twitter16/tree/673984270902427650.txt,donald trump and adolf hitler. two sides of the same coin. #racism #fascism URL
twitter16__674014933235859456,twitter16,674014933235859456,false,True,118,True,True,3332044263,674014933235859456,True,0.0,0.00,224,234,224,0.00,3885.42,0.00,3885.42,3885.42,False,0,0,1,19,data_raw/Twitter15_16_dataset/twitter16/tree/674014933235859456.txt,"dearborn michigan, this morning. pro isis rally. spread the word, the fit is about to hit the shan here in the us. URL"
twitter16__674015148382666752,twitter16,674015148382666752,false,True,118,True,True,3332044263,674015148382666752,True,0.0,0.00,254,270,254,0.00,70814.82,0.00,70814.82,70814.82,False,0,0,1,20,data_raw/Twitter15_16_dataset/twitter16/tree/674015148382666752.txt,"dearborn michigan, this morning. pro isis rally. spread the word, the fit is about to hit the shan here in the us. URL"
twitter16__674080899055546368,twitter16,674080899055546368,false,True,51,False,True,292816822,674080899055546368,True,0.0,0.00,121,124,121,0.00,139697.23,0.00,139697.23,139697.23,False,0,0,0,3,data_raw/Twitter15_16_dataset/twitter16/tree/674080899055546368.txt,a vote for donald trump is a vote for adolf hitler.
twitter16__674187250792558592,twitter16,674187250792558592,false,True,31,True,True,159052174,674187250792558592,True,0.0,0.00,299,299,299,0.00,82475.90,0.00,82475.90,82475.90,False,0,0,0,5,data_raw/Twitter15_16_dataset/twitter16/tree/674187250792558592.txt,donald trump v adolf hitler URL
twitter16__674229534888185856,twitter16,674229534888185856,false,True,50,True,True,16343974,674229534888185856,True,0.0,0.00,226,226,226,0.00,3618.17,0.00,3618.17,3618.17,False,0,0,0,2,data_raw/Twitter15_16_dataset/twitter16/tree/674229534888185856.txt,who said it: donald trump or adolf hitler? URL URL
twitter16__674244561519161344,twitter16,674244561519161344,false,True,80,True,True,972651,674244561519161344,True,0.0,0.00,206,208,206,0.00,7130.03,0.00,7130.03,7130.03,False,0,0,0,3,data_raw/Twitter15_16_dataset/twitter16/tree/674244561519161344.txt,"""you're increasingly compared to hitler. does that bother you?"" trump: ""no."" URL"
twitter16__674263945172119552,twitter16,674263945172119552,true,True,81,True,True,14780915,674263945172119552,True,0.0,0.00,1949,1971,1949,0.00,279311.28,0.00,279311.28,279311.28,False,0,0,0,11,data_raw/Twitter15_16_dataset/twitter16/tree/674263945172119552.txt,1.15 million americans have been killed by guns since john lennon's death URL URL
twitter16__674301413040758785,twitter16,674301413040758785,false,True,86,True,True,2097571,674301413040758785,True,0.0,0.00,1076,1086,1076,0.00,10159.93,0.00,10159.93,10159.93,False,0,0,5,9,data_raw/Twitter15_16_dataset/twitter16/tree/674301413040758785.txt,".@presssec: @realdonaldtrump muslim comment ""disqualifies"" him from presidency URL URL"
twitter16__674301960787505153,twitter16,674301960787505153,false,True,64,True,True,2513748687,674301960787505153,True,0.0,0.00,118,117,118,0.00,14724.72,0.00,14724.72,14724.72,False,0,0,0,1,data_raw/Twitter15_16_dataset/twitter16/tree/674301960787505153.txt,donald trump has been disqualified for running for president URL
twitter16__674314254732931072,twitter16,674314254732931072,false,True,93,True,True,13850422,674314254732931072,True,0.0,0.00,243,244,243,0.00,5704.37,0.00,5704.37,5704.37,False,0,0,1,8,data_raw/Twitter15_16_dataset/twitter16/tree/674314254732931072.txt,".@presssec: @realdonaldtrump comment ""disqualifies"" him from presidency URL via @talkopan URL"
twitter16__674358835675549696,twitter16,674358835675549696,true,True,77,True,True,14780915,674358835675549696,True,0.0,0.00,571,577,571,0.00,20156.47,0.00,20156.47,20156.47,False,0,0,0,7,data_raw/Twitter15_16_dataset/twitter16/tree/674358835675549696.txt,1.15 million americans have been killed by guns since john lennon's death URL
twitter16__674364257799004160,twitter16,674364257799004160,false,True,32,True,True,126903716,674364257799004160,True,0.0,0.00,2142,2193,2142,0.00,389816.72,0.00,389816.72,389816.72,False,0,0,175,225,data_raw/Twitter15_16_dataset/twitter16/tree/674364257799004160.txt,adolf hitler vs donald trump URL
twitter16__675005503160901632,twitter16,675005503160901632,false,True,117,True,True,426802833,675005503160901632,True,0.0,0.00,224,230,224,0.00,19033.05,0.00,19033.05,19033.05,False,0,0,1,28,data_raw/Twitter15_16_dataset/twitter16/tree/675005503160901632.txt,"after mass shootings, obama seeks to expand background checks for gun sales by executive order to bypass congress URL"
twitter16__675043569367982081,twitter16,675043569367982081,false,True,63,True,True,14662354,675043569367982081,True,0.0,0.00,695,694,695,0.00,6051.92,0.00,6051.92,6051.92,False,0,0,0,2,data_raw/Twitter15_16_dataset/twitter16/tree/675043569367982081.txt,‘el chapo’ threatens #isis: ‘my men will destroy you’ - URL URL
twitter16__675064077367005184,twitter16,675064077367005184,false,True,31,True,True,40340946,675064077367005184,True,0.0,0.00,267,267,267,0.00,39463.80,0.00,39463.80,39463.80,False,0,0,0,1,data_raw/Twitter15_16_dataset/twitter16/tree/675064077367005184.txt,el chapo threatens isis URL URL
twitter16__675065047710892033,twitter16,675065047710892033,false,True,87,True,True,18201114,675065047710892033,True,0.0,0.00,100,99,100,0.00,3008.45,0.00,3008.45,3008.45,False,0,0,0,0,data_raw/Twitter15_16_dataset/twitter16/tree/675065047710892033.txt,"mexican drug kingpin 'el chapo' reportedly threatens to destroy isis ""p*ssies."" URL URL"
twitter16__675193315306905600,twitter16,675193315306905600,false,True,85,True,True,64643056,675193315306905600,True,0.0,0.00,143,144,143,0.00,2514.65,0.00,2514.65,2514.65,False,0,0,0,3,data_raw/Twitter15_16_dataset/twitter16/tree/675193315306905600.txt,el chapo vs isis: mexican cartel boss threatens islamic state over drug trade URL URL
twitter16__675490515748425728,twitter16,675490515748425728,true,True,63,True,True,251881119,675490515748425728,True,0.0,0.00,659,664,659,0.00,231087.80,0.00,231087.80,231087.80,False,0,0,0,15,data_raw/Twitter15_16_dataset/twitter16/tree/675490515748425728.txt,america's first muslim female judge; carolyn walker-diallo. URL
twitter16__676067381299576832,twitter16,676067381299576832,false,True,69,True,True,50769180,676067381299576832,True,0.0,0.00,328,333,328,0.00,9152.40,0.00,9152.40,9152.40,False,0,0,0,15,data_raw/Twitter15_16_dataset/twitter16/tree/676067381299576832.txt,72 dhs employees on terrorist watch list - washington free beacon URL
twitter16__676094756758364160,twitter16,676094756758364160,false,True,87,False,True,2425231,676094756758364160,True,0.0,0.00,394,393,394,0.00,50611.98,0.00,50611.98,50611.98,False,0,0,0,1,data_raw/Twitter15_16_dataset/twitter16/tree/676094756758364160.txt,"steve jobs was adopted. his biological father was abdulfattah jandali, a syrian muslim."
twitter16__676120162018451456,twitter16,676120162018451456,false,True,110,True,True,1557315432,676120162018451456,True,0.0,0.00,276,278,276,0.00,13443.67,0.00,13443.67,13443.67,False,0,0,0,2,data_raw/Twitter15_16_dataset/twitter16/tree/676120162018451456.txt,"months ago, rupert murdoch bought national geographic and fired most of writers. this just hit the stands. URL"
twitter16__676367888543031296,twitter16,676367888543031296,true,True,94,True,True,14940354,676367888543031296,True,0.0,0.00,413,424,413,0.00,9837.10,0.00,9837.10,9837.10,False,0,0,0,6,data_raw/Twitter15_16_dataset/twitter16/tree/676367888543031296.txt,"north carolina town rejects solar panels for sucking ""up all the energy from the sun.” URL URL"
twitter16__676491949524713473,twitter16,676491949524713473,non-rumor,True,92,True,True,11350892,676491949524713473,True,0.0,0.00,713,717,713,0.00,246545.70,0.00,246545.70,246545.70,False,0,0,0,8,data_raw/Twitter15_16_dataset/twitter16/tree/676491949524713473.txt,war has come again in the #the100 season 3 trailer URL @cwthe100 @miselizajane @wildpipm URL
twitter16__676586804242309121,twitter16,676586804242309121,unverified,True,101,True,True,17469289,676586804242309121,True,0.0,0.00,118,117,118,0.00,9432.05,0.00,9432.05,9432.05,False,0,0,0,6,data_raw/Twitter15_16_dataset/twitter16/tree/676586804242309121.txt,"isis has been killing babies afflicted with down syndrome and other disabilities, activists claim URL"
twitter16__676718762830221312,twitter16,676718762830221312,false,True,81,True,True,13049362,676718762830221312,True,0.0,0.00,180,179,180,0.00,9607.27,0.00,9607.27,9607.27,False,0,0,0,1,data_raw/Twitter15_16_dataset/twitter16/tree/676718762830221312.txt,texas plumber sues car dealership after his truck winds up in isis video: URL URL
twitter16__676870737932742656,twitter16,676870737932742656,false,True,95,True,True,28785486,676870737932742656,True,0.0,0.00,182,183,182,0.00,12206.55,0.00,12206.55,12206.55,False,0,0,1,2,data_raw/Twitter15_16_dataset/twitter16/tree/676870737932742656.txt,plumber suing car dealership for $1m after truck he traded in ends up in hands of isis: URL URL
twitter16__676955015265837056,twitter16,676955015265837056,non-rumor,True,120,False,True,5741722,676955015265837056,True,0.0,0.00,359,360,359,0.00,9727.88,0.00,9727.88,9727.88,False,0,0,0,2,data_raw/Twitter15_16_dataset/twitter16/tree/676955015265837056.txt,"jeb bush: ""donald, you're not going to be able to insult your way to the presidency."" cheer from the audience #nprdebate"
twitter16__677099574855639044,twitter16,677099574855639044,false,True,95,True,True,28785486,677099574855639044,True,0.0,0.00,126,125,126,0.00,16122.65,0.00,16122.65,16122.65,False,0,0,0,1,data_raw/Twitter15_16_dataset/twitter16/tree/677099574855639044.txt,plumber suing car dealership for $1m after truck he traded in ends up in hands of isis: URL URL
twitter16__681147789653356544,twitter16,681147789653356544,true,True,62,True,True,16331010,681147789653356544,True,0.0,0.00,289,292,289,0.00,136432.37,0.00,136432.37,136432.37,False,0,0,0,7,data_raw/Twitter15_16_dataset/twitter16/tree/681147789653356544.txt,katy perry -- makes holiday wish come true for burn victim URL
twitter16__681199637387149313,twitter16,681199637387149313,non-rumor,True,75,True,True,7309052,681199637387149313,True,0.0,0.00,588,594,588,0.00,17350.43,0.00,17350.43,17350.43,False,0,0,0,9,data_raw/Twitter15_16_dataset/twitter16/tree/681199637387149313.txt,sacha baron cohen and his wife donate $1 million to syrian refugees URL URL
twitter16__681767380305985536,twitter16,681767380305985536,false,True,88,True,True,972651,681767380305985536,True,0.0,0.00,113,112,113,0.00,3289.62,0.00,3289.62,3289.62,False,0,0,0,0,data_raw/Twitter15_16_dataset/twitter16/tree/681767380305985536.txt,"sorry, mark zuckerberg is not giving $4.5 billion to 1,000 random facebook users URL URL"
twitter16__681824512120324096,twitter16,681824512120324096,non-rumor,True,94,True,True,22411875,681824512120324096,True,0.0,0.00,245,244,245,0.00,193293.60,0.00,193293.60,193293.60,False,0,0,2,0,data_raw/Twitter15_16_dataset/twitter16/tree/681824512120324096.txt,"when she heard about south korean ""comfort women,"" @yunghi photographed some survivors URL URL"
twitter16__682895395077373952,twitter16,682895395077373952,non-rumor,True,64,True,True,15736190,682895395077373952,True,0.0,0.00,257,256,257,0.00,380196.82,0.00,380196.82,380196.82,False,0,0,0,0,data_raw/Twitter15_16_dataset/twitter16/tree/682895395077373952.txt,a clever marketing campaign by norwegian airlines. / via URL URL
twitter16__682916727282270208,twitter16,682916727282270208,non-rumor,True,69,True,True,788524,682916727282270208,True,0.0,0.00,256,256,256,0.00,6552.50,0.00,6552.50,6552.50,False,0,0,1,7,data_raw/Twitter15_16_dataset/twitter16/tree/682916727282270208.txt,erdoğan cites hitler's germany as example of effective government URL
twitter16__682996350909157376,twitter16,682996350909157376,non-rumor,True,69,True,True,14138785,682996350909157376,True,0.0,0.00,1433,1453,1433,0.00,152813.92,0.00,152813.92,152813.92,False,0,0,3,7,data_raw/Twitter15_16_dataset/twitter16/tree/682996350909157376.txt,turkey's president says all he wants is same powers as hitler URL URL
twitter16__682999206290829312,twitter16,682999206290829312,non-rumor,True,84,True,True,717313,682999206290829312,True,0.0,0.00,265,264,265,0.00,101934.70,0.00,101934.70,101934.70,False,0,0,0,1,data_raw/Twitter15_16_dataset/twitter16/tree/682999206290829312.txt,underrated person of the year 2015 candidate—the prime minister of singapore URL URL
twitter16__686657138270277634,twitter16,686657138270277634,non-rumor,True,25,True,True,22411875,686657138270277634,True,0.0,0.00,259,260,259,0.00,10198.17,0.00,10198.17,10198.17,False,0,0,0,1,data_raw/Twitter15_16_dataset/twitter16/tree/686657138270277634.txt,photos of the day URL URL
twitter16__686666933949837312,twitter16,686666933949837312,non-rumor,True,75,True,True,788524,686666933949837312,True,0.0,0.00,670,669,670,0.00,26968.05,0.00,26968.05,26968.05,False,0,0,0,1,data_raw/Twitter15_16_dataset/twitter16/tree/686666933949837312.txt,"the guardian front page, tuesday 12 january 2016: david bowie 1947-2016 URL"
twitter16__687274510643511296,twitter16,687274510643511296,non-rumor,True,84,True,True,8936082,687274510643511296,True,0.0,0.00,274,274,274,0.00,4112.48,0.00,4112.48,4112.48,False,0,0,0,3,data_raw/Twitter15_16_dataset/twitter16/tree/687274510643511296.txt,"the oregon militia idiots would like you to stop mailing them dildos, please URL URL"
twitter16__687409983139495939,twitter16,687409983139495939,non-rumor,True,97,True,True,8936082,687409983139495939,True,0.0,0.00,525,530,525,0.00,4571.52,0.00,4571.52,4571.52,False,0,0,0,2,data_raw/Twitter15_16_dataset/twitter16/tree/687409983139495939.txt,governor whose marriage would have been a crime 50 years ago: we've never had racist laws URL URL
twitter16__687537772970684417,twitter16,687537772970684417,non-rumor,True,77,True,True,788524,687537772970684417,True,0.0,0.00,393,392,393,0.00,1340.03,0.00,1340.03,1340.03,False,0,0,0,2,data_raw/Twitter15_16_dataset/twitter16/tree/687537772970684417.txt,jakarta attacks: #kamitidaktakut hashtag shows indonesians are not afraid URL
twitter16__687643002240679936,twitter16,687643002240679936,non-rumor,True,105,True,True,5402612,687643002240679936,True,0.0,0.00,276,275,276,0.00,140113.88,0.00,140113.88,140113.88,False,0,0,1,1,data_raw/Twitter15_16_dataset/twitter16/tree/687643002240679936.txt,"three men found guilty of involvement in ""largest burglary in english legal history"" at hatton garden URL"
twitter16__687748306571804672,twitter16,687748306571804672,non-rumor,True,99,True,True,2883841,687748306571804672,True,0.0,0.00,1007,1008,1007,0.00,12857.35,0.00,12857.35,12857.35,False,0,0,1,6,data_raw/Twitter15_16_dataset/twitter16/tree/687748306571804672.txt,harry potter fans are posting incredibly moving tributes to severus snape and alan rickman: URL URL
twitter16__687984820815851521,twitter16,687984820815851521,non-rumor,True,95,True,True,2883841,687984820815851521,True,0.0,0.00,272,273,272,0.00,10105.83,0.00,10105.83,10105.83,False,0,0,0,4,data_raw/Twitter15_16_dataset/twitter16/tree/687984820815851521.txt,jimmy fallon and sesame street characters photobomb families & it's seriously adorable: URL URL
twitter16__688004802245214208,twitter16,688004802245214208,non-rumor,True,71,True,True,8936082,688004802245214208,True,0.0,0.00,279,278,279,0.00,4976.12,0.00,4976.12,4976.12,False,0,0,0,1,data_raw/Twitter15_16_dataset/twitter16/tree/688004802245214208.txt,study: minimum wage increases haven't hurt the restaurant industry. URL
twitter16__688021039322894336,twitter16,688021039322894336,non-rumor,True,76,True,True,5402612,688021039322894336,True,0.0,0.00,359,359,359,0.00,18960.75,0.00,18960.75,18960.75,False,0,0,0,1,data_raw/Twitter15_16_dataset/twitter16/tree/688021039322894336.txt,"kosovo war crimes court to be set up in the hague, dutch government says URL"
twitter16__688366079396163584,twitter16,688366079396163584,non-rumor,True,118,True,True,5402612,688366079396163584,True,0.0,0.00,1484,1494,1484,0.00,8298.13,0.00,8298.13,8298.13,False,0,0,1,20,data_raw/Twitter15_16_dataset/twitter16/tree/688366079396163584.txt,iran announces that washington post reporter jason rezaian and three iranian americans have been freed from prison URL
twitter16__688428083540553728,twitter16,688428083540553728,non-rumor,True,90,True,True,14934818,688428083540553728,True,0.0,0.00,316,315,316,0.00,8236.70,0.00,8236.70,8236.70,False,0,0,0,1,data_raw/Twitter15_16_dataset/twitter16/tree/688428083540553728.txt,remembering the talented singer aaliyah on what would have been her 37th birthday: URL URL
twitter16__688446106943008768,twitter16,688446106943008768,non-rumor,True,92,True,True,2883841,688446106943008768,True,0.0,0.00,286,287,286,0.00,7104.28,0.00,7104.28,7104.28,False,0,0,2,52,data_raw/Twitter15_16_dataset/twitter16/tree/688446106943008768.txt,"oscars 2016 host chris rock calls event ""white bet awards"" due to lack of diversity: URL URL"
twitter16__688741019979001856,twitter16,688741019979001856,non-rumor,True,120,True,True,5402612,688741019979001856,True,0.0,0.00,828,840,828,0.00,21575.38,0.00,21575.38,21575.38,False,0,0,0,31,data_raw/Twitter15_16_dataset/twitter16/tree/688741019979001856.txt,"us imposes sanctions on iranian companies and individuals over missile programme, after lifting of nuclear sanctions URL"
twitter16__688751061503442944,twitter16,688751061503442944,non-rumor,True,104,True,True,30313925,688751061503442944,True,0.0,0.00,360,366,360,0.00,287971.58,0.00,287971.58,287971.58,False,0,0,6,12,data_raw/Twitter15_16_dataset/twitter16/tree/688751061503442944.txt,"""we have now cut off every single path that iran could have used to build a bomb."" —@potus #irandeal URL"
twitter16__688752927381581824,twitter16,688752927381581824,non-rumor,True,140,False,True,30313925,688752927381581824,True,0.0,0.00,316,315,316,0.00,208609.98,0.00,208609.98,208609.98,False,0,0,1,11,data_raw/Twitter15_16_dataset/twitter16/tree/688752927381581824.txt,"""today’s progress...these things are a reminder of what we can achieve when we lead with strength and wisdom."" —@potus on progress with iran"
twitter16__688755462783782912,twitter16,688755462783782912,non-rumor,True,111,True,True,30313925,688755462783782912,True,0.0,0.00,328,331,328,0.00,13842.20,0.00,13842.20,13842.20,False,0,0,7,20,data_raw/Twitter15_16_dataset/twitter16/tree/688755462783782912.txt,"""when americans are freed and reunited with their families, that’s something we can all celebrate."" —@potus URL"
twitter16__688819658057740290,twitter16,688819658057740290,non-rumor,True,118,True,True,5402612,688819658057740290,True,0.0,0.00,452,453,452,0.00,11945.50,0.00,11945.50,11945.50,False,0,0,0,8,data_raw/Twitter15_16_dataset/twitter16/tree/688819658057740290.txt,us trying to locate americans missing in baghdad after al-arabiya reports they may have been kidnapped by militias URL
twitter16__689267711856263168,twitter16,689267711856263168,non-rumor,True,81,True,True,5402612,689267711856263168,True,0.0,0.00,479,479,479,0.00,42353.13,0.00,42353.13,42353.13,False,0,0,0,13,data_raw/Twitter15_16_dataset/twitter16/tree/689267711856263168.txt,"china's economy grew by 6.9% in 2015, marking its slowest growth in 25 years. URL"
twitter16__689641419825242112,twitter16,689641419825242112,non-rumor,True,87,True,True,30313925,689641419825242112,True,0.0,0.00,278,277,278,0.00,19830.17,0.00,19830.17,19830.17,False,0,0,0,7,data_raw/Twitter15_16_dataset/twitter16/tree/689641419825242112.txt,.@potus ✓ spinach ✓ some adorable kids ✓ and an #mlkday service project. watch: URL URL
twitter16__689661418484994049,twitter16,689661418484994049,non-rumor,True,79,True,True,14934818,689661418484994049,True,0.0,0.00,285,287,285,0.00,12457.50,0.00,12457.50,12457.50,False,0,0,0,1,data_raw/Twitter15_16_dataset/twitter16/tree/689661418484994049.txt,.@arianagrande just created a unisex fragrance named after her brother: URL URL
twitter16__689860942671130624,twitter16,689860942671130624,non-rumor,True,99,True,True,30313925,689860942671130624,True,0.0,0.00,669,693,669,0.00,75517.27,0.00,75517.27,75517.27,False,0,0,4,90,data_raw/Twitter15_16_dataset/twitter16/tree/689860942671130624.txt,"7 years ago, @potus bet big on rescuing the american auto industry. here's how it paid off: URL URL"
twitter16__689867195657101312,twitter16,689867195657101312,non-rumor,True,99,True,True,14934818,689867195657101312,True,0.0,0.00,816,835,816,0.00,172617.42,0.00,172617.42,172617.42,False,0,0,0,29,data_raw/Twitter15_16_dataset/twitter16/tree/689867195657101312.txt,"13 questions with @madisonbeer, the 16-year-old singer @justinbieber discovered on youtube: URL URL"
twitter16__689890946683576322,twitter16,689890946683576322,non-rumor,True,95,True,True,30313925,689890946683576322,True,0.0,0.00,1561,1591,1561,0.00,33415.25,0.00,33415.25,33415.25,False,0,0,8,97,data_raw/Twitter15_16_dataset/twitter16/tree/689890946683576322.txt,"7 years ago today, @potus was sworn into office. here's a look at how far we've come since. URL"
twitter16__689915847939219456,twitter16,689915847939219456,non-rumor,True,113,True,True,30313925,689915847939219456,True,0.0,0.00,311,317,311,0.00,72657.12,0.00,72657.12,72657.12,False,0,0,1,8,data_raw/Twitter15_16_dataset/twitter16/tree/689915847939219456.txt,"“seven years ago, auto sales hit a 27 year-low. last year, they hit an all-time high.” —@potus #madeinamerica URL"
twitter16__689938201193115648,twitter16,689938201193115648,non-rumor,True,112,True,True,30313925,689938201193115648,True,0.0,0.00,483,490,483,0.00,9140.53,0.00,9140.53,9140.53,False,0,0,0,21,data_raw/Twitter15_16_dataset/twitter16/tree/689938201193115648.txt,".@potus on declaring a federal emergency in #flint, michigan to supplement state and local response efforts. URL"
twitter16__690042063958732800,twitter16,690042063958732800,non-rumor,True,96,True,True,5402612,690042063958732800,True,0.0,0.00,333,334,333,0.00,12534.88,0.00,12534.88,12534.88,False,0,0,0,5,data_raw/Twitter15_16_dataset/twitter16/tree/690042063958732800.txt,#ausopen: british number one andy murray beats australia's sam groth 6-0 6-4 6-1 scores: URL URL
twitter16__690106189951139840,twitter16,690106189951139840,non-rumor,True,114,True,True,5402612,690106189951139840,True,0.0,0.00,1086,1102,1086,0.00,16150.03,0.00,16150.03,16150.03,False,0,0,3,33,data_raw/Twitter15_16_dataset/twitter16/tree/690106189951139840.txt,"president putin ""probably"" approved ex-russian spy alexander litvinenko's assassination in 2006, inquiry finds URL"
twitter16__690376107825192960,twitter16,690376107825192960,non-rumor,True,26,True,True,30313925,690376107825192960,True,0.0,0.00,1262,1267,1262,0.00,68966.63,0.00,68966.63,68966.63,False,0,0,0,26,data_raw/Twitter15_16_dataset/twitter16/tree/690376107825192960.txt,happy #nationalhugday! URL
twitter16__690580180805509121,twitter16,690580180805509121,non-rumor,True,57,True,True,102700680,690580180805509121,True,0.0,0.00,271,272,271,0.00,103833.30,0.00,103833.30,103833.30,False,0,0,0,2,data_raw/Twitter15_16_dataset/twitter16/tree/690580180805509121.txt,justin trudeau: i will raise my sons as feminists URL URL
twitter16__690650123358093312,twitter16,690650123358093312,non-rumor,True,101,True,True,5402612,690650123358093312,True,0.0,0.00,1117,1129,1117,0.00,13985.45,0.00,13985.45,13985.45,False,0,0,0,20,data_raw/Twitter15_16_dataset/twitter16/tree/690650123358093312.txt,"google agrees to pay £130m in back taxes after ""open audit"" of its accounts by uk tax authorities URL"
twitter16__690680149164085248,twitter16,690680149164085248,non-rumor,True,99,True,True,5402612,690676539323740161,False,-14.35,0.00,544,553,544,-14.35,13866.00,0.00,13866.00,13866.00,True,0,0,3,34,data_raw/Twitter15_16_dataset/twitter16/tree/690680149164085248.txt,update: canada's prime minister @justintrudeau says five people are dead in school shooting URL URL
twitter16__690969315470868480,twitter16,690969315470868480,non-rumor,True,119,True,True,6017542,690969315470868480,True,0.0,0.00,289,289,289,0.00,3540.20,0.00,3540.20,3540.20,False,0,0,0,0,data_raw/Twitter15_16_dataset/twitter16/tree/690969315470868480.txt,'plane wreckage' found in thailand prompts speculation it might belong to malaysian airlines flight mh370 - reuters URL
twitter16__691285663522648065,twitter16,691285663522648065,non-rumor,True,115,True,True,5402612,691285663522648065,True,0.0,0.00,858,876,858,0.00,338440.15,0.00,338440.15,338440.15,False,0,0,2,25,data_raw/Twitter15_16_dataset/twitter16/tree/691285663522648065.txt,"investigations into nearly 60 allegations of unlawful killing against uk soldiers in iraq are dropped, mod says URL"
twitter16__691608761128067072,twitter16,691608761128067072,non-rumor,True,80,True,True,14934818,691608761128067072,True,0.0,0.00,447,448,447,0.00,195009.72,0.00,195009.72,195009.72,False,0,0,0,2,data_raw/Twitter15_16_dataset/twitter16/tree/691608761128067072.txt,29 times @msleamichele's instagram inspired us to live a healthier life: URL URL
twitter16__691632238035886081,twitter16,691632238035886081,non-rumor,True,112,True,True,5402612,691632238035886081,True,0.0,0.00,317,318,317,0.00,6516.55,0.00,6516.55,6516.55,False,0,0,0,4,data_raw/Twitter15_16_dataset/twitter16/tree/691632238035886081.txt,"former conservative minister lord cecil parkinson dies aged 84, after suffering from cancer, his family says URL"
twitter16__691678576018657281,twitter16,691678576018657281,non-rumor,True,77,True,True,16374678,691678576018657281,True,0.0,0.00,822,828,822,0.00,13208.25,0.00,13208.25,13208.25,False,0,0,1,10,data_raw/Twitter15_16_dataset/twitter16/tree/691678576018657281.txt,adorable but frightened sloth rescued from side of highway in ecuador URL URL
twitter16__691719802499432448,twitter16,691719802499432448,non-rumor,True,103,True,True,3646911,691719802499432448,True,0.0,0.00,489,494,489,0.00,357021.57,0.00,357021.57,357021.57,False,0,0,0,8,data_raw/Twitter15_16_dataset/twitter16/tree/691719802499432448.txt,and jake makes that one more for team kal-el... let us know which side you're on with '#empirebvs'. URL
twitter16__691789524498845699,twitter16,691789524498845699,non-rumor,True,108,True,True,6017542,691789524498845699,True,0.0,0.00,294,295,294,0.00,2160.28,0.00,2160.28,2160.28,False,0,0,0,4,data_raw/Twitter15_16_dataset/twitter16/tree/691789524498845699.txt,president obama announces ban on solitary confinement for juveniles in federal prisons - washington post URL
twitter16__691995324752252930,twitter16,691995324752252930,non-rumor,True,91,True,True,14075928,691995324752252930,True,0.0,0.00,242,241,242,0.00,3502.80,0.00,3502.80,3502.80,False,0,0,0,1,data_raw/Twitter15_16_dataset/twitter16/tree/691995324752252930.txt,"""the dave i know is polite, modest, and content. jumbotron dave is crass and loud."" URL URL"
twitter16__692014905239666688,twitter16,692014905239666688,non-rumor,True,103,True,True,428333,692014905239666688,True,0.0,0.00,383,392,383,0.00,9935.47,0.00,9935.47,9935.47,False,0,0,9,28,data_raw/Twitter15_16_dataset/twitter16/tree/692014905239666688.txt,danish lawmakers approve bill allowing seizure of asylum seekers' valuables to help cover expenses. URL
twitter16__692023855926374400,twitter16,692023855926374400,non-rumor,True,97,True,True,428333,692023855926374400,True,0.0,0.00,806,812,806,0.00,4299.40,0.00,4299.40,4299.40,False,0,0,0,10,data_raw/Twitter15_16_dataset/twitter16/tree/692023855926374400.txt,"shooting reported at naval medical center san diego, according to the center's facebook page. URL"
twitter16__692071267189395457,twitter16,692071267189395457,non-rumor,True,96,True,True,30313925,692071267189395457,True,0.0,0.00,444,446,444,0.00,13223.90,0.00,13223.90,13223.90,False,0,0,3,18,data_raw/Twitter15_16_dataset/twitter16/tree/692071267189395457.txt,here's why @potus is taking steps to ban solitary confinement for low-level infractions: URL URL
twitter16__692078399012130816,twitter16,692078399012130816,non-rumor,True,85,True,True,14075928,692078399012130816,True,0.0,0.00,630,630,630,0.00,63819.57,0.00,63819.57,63819.57,False,0,0,0,2,data_raw/Twitter15_16_dataset/twitter16/tree/692078399012130816.txt,woman a leading authority on what shouldn’t be in poor people’s grocery carts URL URL
twitter16__692082592380751874,twitter16,692082592380751874,non-rumor,True,93,True,True,2367911,692082592380751874,True,0.0,0.00,310,312,310,0.00,9768.80,0.00,9768.80,9768.80,False,0,0,0,4,data_raw/Twitter15_16_dataset/twitter16/tree/692082592380751874.txt,stiles (and the rest of us) just wants lydia to wake up on #teenwolf tonight at 9/8c: URL URL
twitter16__692082861525078017,twitter16,692082861525078017,non-rumor,True,55,True,True,8936082,692082861525078017,True,0.0,0.00,425,434,425,0.00,75171.47,0.00,75171.47,75171.47,False,0,0,1,5,data_raw/Twitter15_16_dataset/twitter16/tree/692082861525078017.txt,tony the tiger has no more cummies left to give URL URL
twitter16__692083780123783172,twitter16,692083780123783172,non-rumor,True,39,True,True,2884771,692083780123783172,True,0.0,0.00,323,325,323,0.00,8602.38,0.00,8602.38,8602.38,False,0,0,0,6,data_raw/Twitter15_16_dataset/twitter16/tree/692083780123783172.txt,actor abe vigoda has died at 94 URL URL
twitter16__692106491365605376,twitter16,692106491365605376,non-rumor,True,99,True,True,16184358,692106491365605376,True,0.0,0.00,446,449,446,0.00,59424.20,0.00,59424.20,59424.20,False,0,0,0,2,data_raw/Twitter15_16_dataset/twitter16/tree/692106491365605376.txt,apple announces most profitable quarter in u.s. history—and the end of unprecedented growth URL URL
twitter16__692150118921957376,twitter16,692150118921957376,non-rumor,True,85,True,True,14075928,692150118921957376,True,0.0,0.00,316,315,316,0.00,68230.10,0.00,68230.10,68230.10,False,0,0,0,1,data_raw/Twitter15_16_dataset/twitter16/tree/692150118921957376.txt,jeb bush campaign kicks off 3-state farewell tour with iowa town hall meeting URL URL
twitter16__692157602554343424,twitter16,692157602554343424,non-rumor,True,52,True,True,2367911,692157602554343424,True,0.0,0.00,581,583,581,0.00,240712.43,0.00,240712.43,240712.43,False,0,0,0,10,data_raw/Twitter15_16_dataset/twitter16/tree/692157602554343424.txt,waiting for the new episode of #teenwolf like... URL
twitter16__692163879909064704,twitter16,692163879909064704,non-rumor,True,112,True,True,2367911,692163879909064704,True,0.0,0.00,271,270,271,0.00,4447.30,0.00,4447.30,4447.30,False,0,0,0,3,data_raw/Twitter15_16_dataset/twitter16/tree/692163879909064704.txt,#teenwolf starts in 5 minutes! rt if you're watching + tweeting + crying + screaming with @mtvteenwolf & me! URL
twitter16__692368829368918017,twitter16,692368829368918017,non-rumor,True,114,True,True,5402612,692368829368918017,True,0.0,0.00,392,395,392,0.00,40582.98,0.00,40582.98,40582.98,False,0,0,0,9,data_raw/Twitter15_16_dataset/twitter16/tree/692368829368918017.txt,"london jury acquits five out of six brokers who were on trial, accused of manipulating the libor interest rate URL"
twitter16__692393375891361794,twitter16,692393375891361794,non-rumor,True,97,True,True,30313925,692393375891361794,True,0.0,0.00,352,353,352,0.00,119454.95,0.00,119454.95,119454.95,False,0,0,0,29,data_raw/Twitter15_16_dataset/twitter16/tree/692393375891361794.txt,check out new steps we're taking to expand access to meals for the kids who need it most: URL URL
twitter16__692410832307818497,twitter16,692410832307818497,non-rumor,True,77,True,True,9300262,692410832307818497,True,0.0,0.00,407,423,407,0.00,5373.47,0.00,5373.47,5373.47,False,0,0,2,19,data_raw/Twitter15_16_dataset/twitter16/tree/692410832307818497.txt,will you watch thursday’s #gopdebate if @realdonaldtrump is not on stage? URL
twitter16__692498490249891842,twitter16,692498490249891842,non-rumor,True,80,False,True,30313925,692498490249891842,True,0.0,0.00,339,343,339,0.00,90882.73,0.00,90882.73,90882.73,False,0,0,0,4,data_raw/Twitter15_16_dataset/twitter16/tree/692498490249891842.txt,"""an attack on any faith is an attack on all our faiths."" —@potus at @israelinusa"
twitter16__692516224245235712,twitter16,692516224245235712,non-rumor,True,118,True,True,30313925,692516224245235712,True,0.0,0.00,396,400,396,0.00,142210.83,0.00,142210.83,142210.83,False,0,0,2,15,data_raw/Twitter15_16_dataset/twitter16/tree/692516224245235712.txt,.@potus reflects on the importance of taking his daughters to visit the @holocaustmuseum. #holocaustremembranceday URL
twitter16__692540218310803456,twitter16,692540218310803456,non-rumor,True,60,True,True,428333,692540218310803456,True,0.0,0.00,318,318,318,0.00,2583.12,0.00,2583.12,2583.12,False,0,0,2,2,data_raw/Twitter15_16_dataset/twitter16/tree/692540218310803456.txt,"""dewshine"" drink suspected in deaths of tennessee teens. URL"
twitter16__692550140754841603,twitter16,692550140754841603,non-rumor,True,112,True,True,2557521,692550140754841603,True,0.0,0.00,821,820,821,0.00,8222.20,0.00,8222.20,8222.20,False,0,0,0,5,data_raw/Twitter15_16_dataset/twitter16/tree/692550140754841603.txt,"tyronn lue, the east all-star coach, has coached 3 games. his west counterpart, gregg popovich? 1,538 games. URL"
twitter16__692623941131722752,twitter16,692623941131722752,non-rumor,True,92,True,True,428333,692623941131722752,True,0.0,0.00,699,700,699,0.00,74479.32,0.00,74479.32,74479.32,False,0,0,0,5,data_raw/Twitter15_16_dataset/twitter16/tree/692623941131722752.txt,3-legged dog expected to survive after getting shot while scaring off armed robbers. URL URL
twitter16__692630756548591616,twitter16,692630756548591616,non-rumor,True,76,True,True,5402612,692630756548591616,True,0.0,0.00,429,429,429,0.00,39542.08,0.00,39542.08,39542.08,False,0,0,0,3,data_raw/Twitter15_16_dataset/twitter16/tree/692630756548591616.txt,japan's economy minister akira amari resigns over corruption allegations URL
twitter16__692665281362202624,twitter16,692665281362202624,non-rumor,True,116,True,True,3646911,692664097125601281,False,-4.7,0.00,257,260,257,-4.70,64817.75,0.00,64817.75,64817.75,True,0,0,4,5,data_raw/Twitter15_16_dataset/twitter16/tree/692665281362202624.txt,"we've devoted 24 pages to #batman v #superman, interviewing @zacksnyder, @benaffleck, henry cavill, @galgadot... URL"
twitter16__692691444046372865,twitter16,692691444046372865,non-rumor,True,86,True,True,428333,692691444046372865,True,0.0,0.00,503,506,503,0.00,69445.43,0.00,69445.43,69445.43,False,0,0,0,5,data_raw/Twitter15_16_dataset/twitter16/tree/692691444046372865.txt,"zika virus ""spreading explosively"" around the americas, who director-general says. URL"
twitter16__692701223326056449,twitter16,692701223326056449,non-rumor,True,88,True,True,2557521,692701223326056449,True,0.0,0.00,244,243,244,0.00,2297.65,0.00,2297.65,2297.65,False,0,0,0,1,data_raw/Twitter15_16_dataset/twitter16/tree/692701223326056449.txt,we hope you're as excited about thursday as this kid was about lebron's easy basket: URL
twitter16__692702295281262593,twitter16,692702295281262593,non-rumor,True,91,True,True,5402612,692692529779707904,False,-38.8,0.00,855,856,855,-38.80,39257.10,0.00,39257.10,39257.10,True,0,0,1,15,data_raw/Twitter15_16_dataset/twitter16/tree/692702295281262593.txt,the @who predicts 3 to 4 million cases of #zikavirus that is spreading through americas URL
twitter16__692735698349199360,twitter16,692735698349199360,non-rumor,True,110,True,True,5402612,692735698349199360,True,0.0,0.00,579,581,579,0.00,39124.18,0.00,39124.18,39124.18,False,0,0,1,8,data_raw/Twitter15_16_dataset/twitter16/tree/692735698349199360.txt,"north korea 'planning some kind of rocket launch' us officials say, citing increased activity at test site URL"
twitter16__692743102432346113,twitter16,692743102432346113,non-rumor,True,92,True,True,14669951,692743102432346113,True,0.0,0.00,274,273,274,0.00,2173.83,0.00,2173.83,2173.83,False,0,0,0,4,data_raw/Twitter15_16_dataset/twitter16/tree/692743102432346113.txt,"tim allen compares clintons to herpes: 'just when you think gone, they show up again'... URL"
twitter16__692748411481780224,twitter16,692748411481780224,non-rumor,True,97,True,True,5402612,692742353736568833,False,-24.07,0.00,1184,1260,1184,-24.07,39073.45,0.00,39073.45,39073.45,True,0,0,14,172,data_raw/Twitter15_16_dataset/twitter16/tree/692748411481780224.txt,"man held at disneyland paris carrying ""low-calibre"" guns & copy of koran - police sources URL URL"
twitter16__692752491482615808,twitter16,692752491482615808,non-rumor,True,110,True,True,428333,692752491482615808,True,0.0,0.00,252,252,252,0.00,18828.00,0.00,18828.00,18828.00,False,0,0,0,5,data_raw/Twitter15_16_dataset/twitter16/tree/692752491482615808.txt,"31 ""travel-associated"" cases of zika virus reported in 11 u.s. states + d.c. this year and last, cdc says. URL"
twitter16__692753210692476928,twitter16,692753210692476928,non-rumor,True,119,True,True,5402612,692742353736568833,False,-43.13,0.00,626,688,626,-43.13,39054.18,0.00,39054.18,39054.18,True,0,0,14,149,data_raw/Twitter15_16_dataset/twitter16/tree/692753210692476928.txt,french police still searching for woman who may have been accompanying 28-year-old man arrested at disneyland paris URL
twitter16__692758050378256388,twitter16,692758050378256388,non-rumor,True,96,True,True,14780915,692758050378256388,True,0.0,0.00,944,946,944,0.00,231841.53,0.00,231841.53,231841.53,False,0,0,0,7,data_raw/Twitter15_16_dataset/twitter16/tree/692758050378256388.txt,elvis presley made his tv debut 60 years ago today. look back at his history on the tube URL URL
twitter16__692758581494599681,twitter16,692758581494599681,non-rumor,True,89,True,True,428333,692758581494599681,True,0.0,0.00,245,244,245,0.00,18735.85,0.00,18735.85,18735.85,False,0,0,0,1,data_raw/Twitter15_16_dataset/twitter16/tree/692758581494599681.txt,french police hunting woman who was with an armed man arrested near disneyland paris. URL
twitter16__692796451987034113,twitter16,692796451987034113,non-rumor,True,60,True,True,14075928,692796451987034113,True,0.0,0.00,323,324,323,0.00,70909.58,0.00,70909.58,70909.58,False,0,0,0,3,data_raw/Twitter15_16_dataset/twitter16/tree/692796451987034113.txt,renting vs. owning a home: a side-by-side comparison URL URL
twitter16__692797856386777089,twitter16,692797856386777089,non-rumor,True,92,True,True,2557521,692797856386777089,True,0.0,0.00,511,511,511,0.00,121397.12,0.00,121397.12,121397.12,False,0,0,0,11,data_raw/Twitter15_16_dataset/twitter16/tree/692797856386777089.txt,an adorable young fan asked riley curry to be his valentine ... and steph responded: URL URL
twitter16__692803280238419971,twitter16,692803280238419971,non-rumor,True,103,True,True,6017542,692803280238419971,True,0.0,0.00,364,366,364,0.00,7324.32,0.00,7324.32,7324.32,False,0,0,0,11,data_raw/Twitter15_16_dataset/twitter16/tree/692803280238419971.txt,usgs: sonic boom confirmed in new jersey area after reports of shaking; cause not immediately known URL
twitter16__692820029159653377,twitter16,692820029159653377,non-rumor,True,66,True,True,14780915,692820029159653377,True,0.0,0.00,296,295,296,0.00,191706.70,0.00,191706.70,191706.70,False,0,0,0,1,data_raw/Twitter15_16_dataset/twitter16/tree/692820029159653377.txt,"beck on david bowie: ""he’s always been a guidepost for me"" URL URL"
twitter16__692826642583019521,twitter16,692826642583019521,non-rumor,True,104,True,True,8936082,692826642583019521,True,0.0,0.00,337,337,337,0.00,14852.38,0.00,14852.38,14852.38,False,0,0,0,1,data_raw/Twitter15_16_dataset/twitter16/tree/692826642583019521.txt,email: michigan officials gave bottled water to state employees a year before flint residents got it URL
twitter16__692833140428017664,twitter16,692833140428017664,non-rumor,True,120,True,True,2557521,692833140428017664,True,0.0,0.00,999,1006,999,0.00,14249.83,0.00,14249.83,14249.83,False,0,0,0,17,data_raw/Twitter15_16_dataset/twitter16/tree/692833140428017664.txt,"""let's not make the next two weeks about a 'black qb.' let's just talk about the greatness of this guy."" -c. barkley URL"
twitter16__692838430783332357,twitter16,692838430783332357,non-rumor,True,59,True,True,14075928,692838430783332357,True,0.0,0.00,916,915,916,0.00,20486.88,0.00,20486.88,20486.88,False,0,0,0,1,data_raw/Twitter15_16_dataset/twitter16/tree/692838430783332357.txt,nation's dog owners demand to know who's a good boy URL URL
twitter16__692845716826300418,twitter16,692845716826300418,non-rumor,True,94,True,True,30313925,692845716826300418,True,0.0,0.00,323,322,323,0.00,74562.85,0.00,74562.85,74562.85,False,0,0,2,4,data_raw/Twitter15_16_dataset/twitter16/tree/692845716826300418.txt,"today, the @deptofdefense took steps to expand paid leave for military moms and dads → URL URL"
twitter16__692874200927698945,twitter16,692874200927698945,non-rumor,True,111,True,True,6017542,692874200927698945,True,0.0,0.00,372,376,372,0.00,4725.75,0.00,4725.75,4725.75,False,0,0,0,1,data_raw/Twitter15_16_dataset/twitter16/tree/692874200927698945.txt,report: las vegas sands to propose $1 billion domed stadium to possibly draw nfl franchise - fox5 las vegas URL
twitter16__692884886374318081,twitter16,692884886374318081,non-rumor,True,93,True,True,2557521,692884886374318081,True,0.0,0.00,526,527,526,0.00,2292.88,0.00,2292.88,2292.88,False,0,0,0,6,data_raw/Twitter15_16_dataset/twitter16/tree/692884886374318081.txt,it's gregg popovich's 67th birthday and there's one thing we know he's not doing tonight. URL
twitter16__692890520960397312,twitter16,692890520960397312,non-rumor,True,114,True,True,2557521,692890520960397312,True,0.0,0.00,692,691,692,0.00,10071.82,0.00,10071.82,10071.82,False,0,0,0,0,data_raw/Twitter15_16_dataset/twitter16/tree/692890520960397312.txt,"the terps do it again! no. 8 maryland knocks off no. 3 iowa 74-68, has beaten 5 of its last 7 top-5 opponents. URL"
twitter16__692911086920667136,twitter16,692911086920667136,non-rumor,True,118,True,True,2557521,692911086920667136,True,0.0,0.00,994,995,994,0.00,27286.98,0.00,27286.98,27286.98,False,0,0,0,2,data_raw/Twitter15_16_dataset/twitter16/tree/692911086920667136.txt,"in asu's curtain of distraction, michael phelps brought out his gold medals and speedo to do the trick. it worked. URL"
twitter16__692925396292091905,twitter16,692925396292091905,non-rumor,True,91,True,True,14780915,692925396292091905,True,0.0,0.00,290,289,290,0.00,11460.65,0.00,11460.65,11460.65,False,0,0,0,3,data_raw/Twitter15_16_dataset/twitter16/tree/692925396292091905.txt,paul kantner was jefferson airplane's conceptual heart. here are 12 essential songs URL URL
twitter16__692929779696275456,twitter16,692929779696275456,non-rumor,True,115,True,True,428333,692929779696275456,True,0.0,0.00,287,293,287,0.00,9139.70,0.00,9139.70,9139.70,False,0,0,1,5,data_raw/Twitter15_16_dataset/twitter16/tree/692929779696275456.txt,ohio lawmakers want to know why state’s epa didn’t tell public about lead leaking into water supply of sebring. URL
twitter16__692940257134653441,twitter16,692940257134653441,non-rumor,True,105,True,True,2557521,692940257134653441,True,0.0,0.00,581,580,581,0.00,42997.85,0.00,42997.85,42997.85,False,0,0,0,4,data_raw/Twitter15_16_dataset/twitter16/tree/692940257134653441.txt,icymi: a dog accidentally stumbled into the middle of a local half marathon ... and earned 7th place. URL
twitter16__693013768738115584,twitter16,693013768738115584,non-rumor,True,118,True,True,5402612,693013768738115584,True,0.0,0.00,530,553,530,0.00,38018.77,0.00,38018.77,38018.77,False,0,0,2,39,data_raw/Twitter15_16_dataset/twitter16/tree/693013768738115584.txt,uk heterosexual couple who want to enter civil partnership rather than marry lose challenge at london's high court URL
twitter16__693041285087756288,twitter16,693041285087756288,non-rumor,True,100,True,True,742143,693041285087756288,True,0.0,0.00,268,268,268,0.00,2847.98,0.00,2847.98,2847.98,False,0,0,0,3,data_raw/Twitter15_16_dataset/twitter16/tree/693041285087756288.txt,saliha is one of the first women ever to stand for election in saudi arabia: watch her story URL URL
twitter16__693059995013742592,twitter16,693059995013742592,non-rumor,True,78,False,True,14669951,693059995013742592,True,0.0,0.00,260,260,260,0.00,3219.82,0.00,3219.82,3219.82,False,0,0,0,1,data_raw/Twitter15_16_dataset/twitter16/tree/693059995013742592.txt,mook spooked: hillary manager predicts trump will win presidency if nominated!
twitter16__693060960001597440,twitter16,693060960001597440,non-rumor,True,62,True,True,759251,693060960001597440,True,0.0,0.00,291,294,291,0.00,217927.58,0.00,217927.58,217927.58,False,0,0,0,2,data_raw/Twitter15_16_dataset/twitter16/tree/693060960001597440.txt,mark zuckerberg is now richer than the koch brothers 💰 URL URL
twitter16__693061713042771968,twitter16,693061713042771968,non-rumor,True,98,True,True,742143,693061713042771968,True,0.0,0.00,355,357,355,0.00,30224.77,0.00,30224.77,30224.77,False,0,0,1,2,data_raw/Twitter15_16_dataset/twitter16/tree/693061713042771968.txt,end of the line for land rover defender as emission rules kill off iconic 4x4 URL #bbcgofigure URL
twitter16__693071538896162816,twitter16,693071538896162816,non-rumor,True,42,True,True,14075928,693071538896162816,True,0.0,0.00,263,263,263,0.00,20562.62,0.00,20562.62,20562.62,False,0,0,0,1,data_raw/Twitter15_16_dataset/twitter16/tree/693071538896162816.txt,orphanage saved by bikini car wash URL URL
twitter16__693076140278153217,twitter16,693076140278153217,non-rumor,True,114,True,True,2557521,693076140278153217,True,0.0,0.00,658,660,658,0.00,56311.00,0.00,56311.00,56311.00,False,0,0,0,2,data_raw/Twitter15_16_dataset/twitter16/tree/693076140278153217.txt,"michael phelps' gold medals and speedo crashed asu's ""curtain of distraction"" last night. you read that right. URL"
twitter16__693080409282846720,twitter16,693080409282846720,non-rumor,True,78,True,True,759251,693080409282846720,True,0.0,0.00,311,317,311,0.00,5297.25,0.00,5297.25,5297.25,False,0,0,0,14,data_raw/Twitter15_16_dataset/twitter16/tree/693080409282846720.txt,.@potus will make his latest push to advance equal pay for women today URL URL
twitter16__693086218276474880,twitter16,693086218276474880,non-rumor,True,83,True,True,2367911,693086218276474880,True,0.0,0.00,873,876,873,0.00,18029.85,0.00,18029.85,18029.85,False,0,0,0,6,data_raw/Twitter15_16_dataset/twitter16/tree/693086218276474880.txt,"oh, i'm so ready to watch @zaynmalik's #pillowtalk on mtv tonight at 8:15p. URL URL"
twitter16__693086478667112448,twitter16,693086478667112448,non-rumor,True,96,True,True,15754281,693086478667112448,True,0.0,0.00,945,952,945,0.00,130423.32,0.00,130423.32,130423.32,False,0,0,0,15,data_raw/Twitter15_16_dataset/twitter16/tree/693086478667112448.txt,"the people have spoken: there is now a petition for @snoopdogg to narrate ""planet earth"" URL URL"
twitter16__693087220459270144,twitter16,693087220459270144,non-rumor,True,98,True,True,5402612,693069637030957057,False,-69.87,0.00,344,345,344,-69.87,31738.30,0.00,31738.30,31738.30,True,0,0,3,3,data_raw/Twitter15_16_dataset/twitter16/tree/693087220459270144.txt,4 miners now rescued from mine in china's shandong after 36 days underground - state media URL URL
twitter16__693119705469587456,twitter16,693119705469587456,non-rumor,True,109,True,True,28785486,693119705469587456,True,0.0,0.00,340,340,340,0.00,8686.32,0.00,8686.32,8686.32,False,0,0,1,2,data_raw/Twitter15_16_dataset/twitter16/tree/693119705469587456.txt,nasa astronaut @stationcdrkelly captures a beautiful sunrise from aboard the international space station. URL
twitter16__693128224960856064,twitter16,693128224960856064,non-rumor,True,83,True,True,759251,693128224960856064,True,0.0,0.00,319,325,319,0.00,10067.38,0.00,10067.38,10067.38,False,0,0,2,24,data_raw/Twitter15_16_dataset/twitter16/tree/693128224960856064.txt,iranian surveillance drone flies over u.s. aircraft carrier in persian gulf URL URL
twitter16__693129259334909952,twitter16,693129259334909952,non-rumor,True,67,True,True,14075928,693129259334909952,True,0.0,0.00,494,493,494,0.00,19934.93,0.00,19934.93,19934.93,False,0,0,0,0,data_raw/Twitter15_16_dataset/twitter16/tree/693129259334909952.txt,man’s anxiety not about to let depression muscle in on turf URL URL
twitter16__693135382309896192,twitter16,693135382309896192,non-rumor,True,89,False,True,1652541,693135382309896192,True,0.0,0.00,285,285,285,0.00,10694.37,0.00,10694.37,10694.37,False,0,0,0,4,data_raw/Twitter15_16_dataset/twitter16/tree/693135382309896192.txt,"breaking: canada has four recent cases of #zika, all from travelers: public health agency"
twitter16__693140340367187969,twitter16,693140340367187969,non-rumor,True,72,True,True,2557521,693140340367187969,True,0.0,0.00,387,388,387,0.00,9074.05,0.00,9074.05,9074.05,False,0,0,0,4,data_raw/Twitter15_16_dataset/twitter16/tree/693140340367187969.txt,chiefs te travis kelce will have his own reality tv dating show: URL URL
twitter16__693141729529184256,twitter16,693141729529184256,non-rumor,True,91,True,True,30313925,693141729529184256,True,0.0,0.00,816,849,816,0.00,74037.12,0.00,74037.12,74037.12,False,0,0,13,177,data_raw/Twitter15_16_dataset/twitter16/tree/693141729529184256.txt,it's 2016. women should earn the same pay as men for doing the same work. URL #equalpay URL
twitter16__693146363685642240,twitter16,693146363685642240,non-rumor,True,89,True,True,14780915,693146363685642240,True,0.0,0.00,376,377,376,0.00,116540.60,0.00,116540.60,116540.60,False,0,0,0,3,data_raw/Twitter15_16_dataset/twitter16/tree/693146363685642240.txt,"watch one direction's original #xfactoruk auditions from 2010, where it all began URL URL"
twitter16__693167683701968896,twitter16,693167683701968896,non-rumor,True,95,True,True,30313925,693167683701968896,True,0.0,0.00,903,917,903,0.00,106222.70,0.00,106222.70,106222.70,False,0,0,0,18,data_raw/Twitter15_16_dataset/twitter16/tree/693167683701968896.txt,women in america still earn only $0.79 for every $1 men make. it's time for #equalpay → URL URL
twitter16__693171092555431936,twitter16,693171092555431936,non-rumor,True,58,True,True,16664681,693171092555431936,True,0.0,0.00,315,314,315,0.00,13995.35,0.00,13995.35,13995.35,False,0,0,0,1,data_raw/Twitter15_16_dataset/twitter16/tree/693171092555431936.txt,watch: tommy chong made a pro-bernie sanders video URL URL
twitter16__693181857261719553,twitter16,693181857261719553,non-rumor,True,73,True,True,2557521,693181857261719553,True,0.0,0.00,533,535,533,0.00,59480.65,0.00,59480.65,59480.65,False,0,0,2,4,data_raw/Twitter15_16_dataset/twitter16/tree/693181857261719553.txt,nfl: diagnosed concussions rose by nearly 32 percent this season. URL URL
twitter16__693185853867294721,twitter16,693185853867294721,non-rumor,True,52,True,True,759251,693185853867294721,True,0.0,0.00,1147,1150,1147,0.00,175352.88,0.00,175352.88,175352.88,False,0,0,1,12,data_raw/Twitter15_16_dataset/twitter16/tree/693185853867294721.txt,"meet quasimodo, the dog with the short spine URL URL"
twitter16__693196937172951040,twitter16,693196937172951040,non-rumor,True,119,True,True,2557521,693196937172951040,True,0.0,0.00,354,354,354,0.00,11143.13,0.00,11143.13,11143.13,False,0,0,0,4,data_raw/Twitter15_16_dataset/twitter16/tree/693196937172951040.txt,"""i almost started crying ... but i didn't want them to make me the crying face instead of jordan."" --draymond green URL"
twitter16__693200309955469312,twitter16,693200309955469312,non-rumor,True,75,True,True,14780915,693200309955469312,True,0.0,0.00,342,341,342,0.00,115569.82,0.00,115569.82,115569.82,False,0,0,0,4,data_raw/Twitter15_16_dataset/twitter16/tree/693200309955469312.txt,"watch zayn malik's surreal ""pillowtalk"" video, featuring gigi hadad URL URL"
twitter16__693203974388895744,twitter16,693203974388895744,non-rumor,True,88,True,True,759251,693203974388895744,True,0.0,0.00,272,272,272,0.00,65024.50,0.00,65024.50,65024.50,False,0,0,0,2,data_raw/Twitter15_16_dataset/twitter16/tree/693203974388895744.txt,a tiny alpine town in northern italy just welcomed its first baby in 28 years 🍼👶 URL URL
twitter16__693265096278163456,twitter16,693265096278163456,non-rumor,True,80,True,True,28785486,693265096278163456,True,0.0,0.00,306,306,306,0.00,2796.67,0.00,2796.67,2796.67,False,0,0,1,6,data_raw/Twitter15_16_dataset/twitter16/tree/693265096278163456.txt,german shepherd with a rare spinal condition looking for a forever home. URL URL
twitter16__693281966846808064,twitter16,693281966846808064,non-rumor,True,90,True,True,759251,693281966846808064,True,0.0,0.00,300,300,300,0.00,6601.62,0.00,6601.62,6601.62,False,0,0,0,8,data_raw/Twitter15_16_dataset/twitter16/tree/693281966846808064.txt,"a head-on collision with another planet may have created our moon, researchers say URL URL"
twitter16__693315824132685824,twitter16,693315824132685824,non-rumor,True,54,True,True,16374678,693315824132685824,True,0.0,0.00,886,887,886,0.00,30282.00,0.00,30282.00,30282.00,False,0,0,0,5,data_raw/Twitter15_16_dataset/twitter16/tree/693315824132685824.txt,#quasimodo: dog with short spine has big heart URL URL
twitter16__693321561542127616,twitter16,693321561542127616,non-rumor,True,101,True,True,428333,693321561542127616,True,0.0,0.00,323,322,323,0.00,154749.22,0.00,154749.22,154749.22,False,0,0,0,1,data_raw/Twitter15_16_dataset/twitter16/tree/693321561542127616.txt,"after eluding capture for years, 2 mafia bosses arrested in underground bunker in southern italy. URL"
twitter16__693402634011701248,twitter16,693402634011701248,non-rumor,True,91,True,True,14800270,693402634011701248,True,0.0,0.00,308,310,308,0.00,53984.40,0.00,53984.40,53984.40,False,0,0,0,3,data_raw/Twitter15_16_dataset/twitter16/tree/693402634011701248.txt,the lion’s share of collaborative work tends to fall on women. and it's exhausting. URL URL
twitter16__693441093048766464,twitter16,693441093048766464,non-rumor,True,65,True,True,2557521,693441093048766464,True,0.0,0.00,743,748,743,0.00,203433.23,0.00,203433.23,203433.23,False,0,0,1,18,data_raw/Twitter15_16_dataset/twitter16/tree/693441093048766464.txt,icymi: joseph pena squatted 875 pounds. he's 17 years old ... URL
twitter16__693456187036037123,twitter16,693456187036037123,non-rumor,True,120,True,True,2557521,693456187036037123,True,0.0,0.00,763,764,763,0.00,7034.48,0.00,7034.48,7034.48,False,0,0,0,7,data_raw/Twitter15_16_dataset/twitter16/tree/693456187036037123.txt,"""let's not make the next two weeks about a 'black qb.' let's just talk about the greatness of this guy."" -c. barkley URL"
twitter16__693466451081060353,twitter16,693466451081060353,non-rumor,True,99,True,True,759251,693466451081060353,True,0.0,0.00,758,764,758,0.00,48590.02,0.00,48590.02,48590.02,False,0,0,9,11,data_raw/Twitter15_16_dataset/twitter16/tree/693466451081060353.txt,"is the truth out there? 👽 in nod to @thexfiles, @cia releases hundreds of declassified docs URL URL"
twitter16__693466724822323200,twitter16,693466724822323200,non-rumor,True,88,True,True,15012486,693466724822323200,True,0.0,0.00,317,316,317,0.00,93399.30,0.00,93399.30,93399.30,False,0,0,0,0,data_raw/Twitter15_16_dataset/twitter16/tree/693466724822323200.txt,audio recordings reveal cpr started 11 minutes after staff found gynnya mcmillen URL URL
twitter16__693471161313816576,twitter16,693471161313816576,non-rumor,True,82,True,True,2467791,693471161313816576,True,0.0,0.00,272,271,272,0.00,7084.40,0.00,7084.40,7084.40,False,0,0,0,5,data_raw/Twitter15_16_dataset/twitter16/tree/693471161313816576.txt,lego’s first-ever figurine in a wheelchair is prompting ‘genuine tears of joy’ URL
twitter16__693476774462820352,twitter16,693476774462820352,non-rumor,True,58,True,True,1652541,693476774462820352,True,0.0,0.00,475,481,475,0.00,8866.50,0.00,8866.50,8866.50,False,0,0,2,38,data_raw/Twitter15_16_dataset/twitter16/tree/693476774462820352.txt,merkel says refugees must return home once war is over URL
twitter16__693502060545703937,twitter16,693502060545703937,non-rumor,True,107,True,True,1367531,693502060545703937,True,0.0,0.00,676,716,676,0.00,13434.78,0.00,13434.78,13434.78,False,0,0,4,47,data_raw/Twitter15_16_dataset/twitter16/tree/693502060545703937.txt,".@tedcruz: ""bernie is a socialist and he admits it. hillary is a socialist and she pretends she's not."" URL"
twitter16__693528374996652032,twitter16,693528374996652032,non-rumor,True,93,True,True,1367531,693528374996652032,True,0.0,0.00,295,303,295,0.00,15928.67,0.00,15928.67,15928.67,False,0,0,0,15,data_raw/Twitter15_16_dataset/twitter16/tree/693528374996652032.txt,".@realbencarson: ""what good does it do a man to gain the whole world & to lose his soul?"" URL"
twitter16__693534670428971008,twitter16,693534670428971008,non-rumor,True,89,True,True,742143,693534670428971008,True,0.0,0.00,291,291,291,0.00,6489.33,0.00,6489.33,6489.33,False,0,0,0,4,data_raw/Twitter15_16_dataset/twitter16/tree/693534670428971008.txt,"up to 100 masked men, dressed in black, involved in ""migrant attack"" in stockholm URL URL"
twitter16__693546915892428800,twitter16,693546915892428800,non-rumor,True,85,True,True,14075928,693546915892428800,True,0.0,0.00,290,289,290,0.00,21791.77,0.00,21791.77,21791.77,False,0,0,0,4,data_raw/Twitter15_16_dataset/twitter16/tree/693546915892428800.txt,jeb bush campaign kicks off 3-state farewell tour with iowa town hall meeting URL URL
twitter16__693555965019492352,twitter16,693555965019492352,non-rumor,True,98,True,True,428333,693555965019492352,True,0.0,0.00,713,721,713,0.00,100741.78,0.00,100741.78,100741.78,False,0,0,1,32,data_raw/Twitter15_16_dataset/twitter16/tree/693555965019492352.txt,denver medical center on lockdown; 9 at hospitals after deadly incident at denver coliseum URL URL
twitter16__693571567377342466,twitter16,693571567377342466,non-rumor,True,75,True,True,28785486,693571567377342466,True,0.0,0.00,423,431,423,0.00,10236.57,0.00,10236.57,10236.57,False,0,0,0,18,data_raw/Twitter15_16_dataset/twitter16/tree/693571567377342466.txt,"anne frank's stepsister says trump ""is acting like another hitler"": URL URL"
twitter16__693573781730783232,twitter16,693573781730783232,non-rumor,True,105,True,True,2557521,693573781730783232,True,0.0,0.00,469,471,469,0.00,8229.65,0.00,8229.65,8229.65,False,0,0,0,10,data_raw/Twitter15_16_dataset/twitter16/tree/693573781730783232.txt,"ooh, baby! dickie v loved this reverse dunk by ben simmons. lsu's up double-digits on no. 1 oklahoma: URL"
twitter16__693586539562037248,twitter16,693586539562037248,non-rumor,True,101,True,True,2557521,693586539562037248,True,0.0,0.00,333,332,333,0.00,2040.18,0.00,2040.18,2040.18,False,0,0,0,0,data_raw/Twitter15_16_dataset/twitter16/tree/693586539562037248.txt,what a rally for no. 1. oklahoma came back from 14 down and won 77-75 at lsu on this late jumper: URL
twitter16__693606934050684928,twitter16,693606934050684928,non-rumor,True,104,True,True,2883841,693606934050684928,True,0.0,0.00,319,319,319,0.00,52038.68,0.00,52038.68,52038.68,False,0,0,0,0,data_raw/Twitter15_16_dataset/twitter16/tree/693606934050684928.txt,looking at eddie redmayne looking at alicia vikander is making us all kinds of emotional. #sagawards URL
twitter16__693641113693884416,twitter16,693641113693884416,non-rumor,True,86,True,True,2557521,693641113693884416,True,0.0,0.00,242,243,242,0.00,14221.50,0.00,14221.50,14221.50,False,0,0,0,2,data_raw/Twitter15_16_dataset/twitter16/tree/693641113693884416.txt,"ooh, baby! icymi: dickie v loved this reverse dunk by freshman phenom ben simmons. URL"
twitter16__693648675772436480,twitter16,693648675772436480,non-rumor,True,94,True,True,20012204,693648675772436480,True,0.0,0.00,256,255,256,0.00,6521.88,0.00,6521.88,6521.88,False,0,0,0,1,data_raw/Twitter15_16_dataset/twitter16/tree/693648675772436480.txt,kate winslet congratulating leonardo dicaprio after his #sagawards win is everything 💕 URL URL
twitter16__693648684857323521,twitter16,693648684857323521,non-rumor,True,91,True,True,2883841,693648684857323521,True,0.0,0.00,470,469,470,0.00,33922.82,0.00,33922.82,33922.82,False,0,0,0,4,data_raw/Twitter15_16_dataset/twitter16/tree/693648684857323521.txt,spoiler alert: leo and kate were ridiculously cute together at the 2016 #sagawards. URL URL
twitter16__693651239486263296,twitter16,693651239486263296,non-rumor,True,119,True,True,428333,693651239486263296,True,0.0,0.00,534,533,534,0.00,5636.17,0.00,5636.17,5636.17,False,0,0,0,5,data_raw/Twitter15_16_dataset/twitter16/tree/693651239486263296.txt,"body found in north carolina of virginia girl, 13, missing since wednesday. virginia tech student has been charged. URL"
twitter16__693691456222052352,twitter16,693691456222052352,non-rumor,True,95,True,True,2883841,693691456222052352,True,0.0,0.00,580,579,580,0.00,9253.48,0.00,9253.48,9253.48,False,0,0,0,3,data_raw/Twitter15_16_dataset/twitter16/tree/693691456222052352.txt,"red alert! drake just dropped a new single called, ""summer sixteen"" from his new album. URL URL"
twitter16__693761289601060864,twitter16,693761289601060864,non-rumor,True,120,True,True,5402612,693761289601060864,True,0.0,0.00,935,946,935,0.00,50131.83,0.00,50131.83,50131.83,False,0,0,0,12,data_raw/Twitter15_16_dataset/twitter16/tree/693761289601060864.txt,"at least 30 people killed in double blast near shia shrine of sayyida zeinab, south of damascus - syrian state media URL"
twitter16__693771953648373760,twitter16,693771953648373760,non-rumor,True,58,True,True,5988062,693771953648373760,True,0.0,0.00,380,379,380,0.00,283498.47,0.00,283498.47,283498.47,False,0,0,6,3,data_raw/Twitter15_16_dataset/twitter16/tree/693771953648373760.txt,"in china, 77% of jobs are threatened by automation URL URL"
twitter16__693804277031157761,twitter16,693804277031157761,non-rumor,True,114,True,True,2557521,693804277031157761,True,0.0,0.00,555,554,555,0.00,6360.05,0.00,6360.05,6360.05,False,0,0,0,1,data_raw/Twitter15_16_dataset/twitter16/tree/693804277031157761.txt,unstoppable! novak djokovic is now a perfect 6-for-6 in australian open finals after his win over andy murray. URL
twitter16__693811101146963968,twitter16,693811101146963968,non-rumor,True,64,True,True,9300262,693811101146963968,True,0.0,0.00,632,640,632,0.00,160465.88,0.00,160465.88,160465.88,False,0,0,3,24,data_raw/Twitter15_16_dataset/twitter16/tree/693811101146963968.txt,trump hopes for reversal on same-sex-marriage URL | ap photo URL
twitter16__693818562981421056,twitter16,693818562981421056,non-rumor,True,120,True,True,2557521,693818562981421056,True,0.0,0.00,280,279,280,0.00,16296.00,0.00,16296.00,16296.00,False,0,0,0,1,data_raw/Twitter15_16_dataset/twitter16/tree/693818562981421056.txt,icymi: somehow lebron came out in shorts that didn't match the rest of his team ... so he had to change mid-quarter. URL
twitter16__693826104633737217,twitter16,693826104633737217,non-rumor,True,98,True,True,14780915,693826104633737217,True,0.0,0.00,299,298,299,0.00,23304.73,0.00,23304.73,23304.73,False,0,0,0,2,data_raw/Twitter15_16_dataset/twitter16/tree/693826104633737217.txt,"watch bernie sanders sing ""this land is your land"" with vampire weekend at iowa students rally URL"
twitter16__693827886021767169,twitter16,693827886021767169,non-rumor,True,73,True,True,30313925,693827886021767169,True,0.0,0.00,319,323,319,0.00,58176.72,0.00,58176.72,58176.72,False,0,0,0,14,data_raw/Twitter15_16_dataset/twitter16/tree/693827886021767169.txt,"""our high school graduation rate is at an all-time high."" —@potus URL URL"
twitter16__693840291992838147,twitter16,693840291992838147,non-rumor,True,121,True,True,759251,693840291992838147,True,0.0,0.00,691,698,691,0.00,28601.03,0.00,28601.03,28601.03,False,0,0,5,65,data_raw/Twitter15_16_dataset/twitter16/tree/693840291992838147.txt,isis claims responsibility for triple bombing that killed at least 45 people and injured more than 100 near damascus. URL
twitter16__693843042546106369,twitter16,693843042546106369,non-rumor,True,98,True,True,30313925,693843042546106369,True,0.0,0.00,350,353,350,0.00,33200.27,0.00,33200.27,33200.27,False,0,0,5,26,data_raw/Twitter15_16_dataset/twitter16/tree/693843042546106369.txt,need to #getcovered? most people can find a health insurance plan for as little as $75/mo: URL URL
twitter16__693844030589902848,twitter16,693844030589902848,non-rumor,True,75,True,True,2367911,693844030589902848,True,0.0,0.00,286,285,286,0.00,67545.03,0.00,67545.03,67545.03,False,0,0,0,3,data_raw/Twitter15_16_dataset/twitter16/tree/693844030589902848.txt,.@dylanobrien learned the hard way to not mess with @shelleyhennig: URL URL
twitter16__693853310479155200,twitter16,693853310479155200,non-rumor,True,78,True,True,14511951,693853310479155200,True,0.0,0.00,1061,1069,1061,0.00,61012.28,0.00,61012.28,61012.28,False,0,0,1,11,data_raw/Twitter15_16_dataset/twitter16/tree/693853310479155200.txt,meet our new fave celebrity couple: leonardo dicaprio and his vape pen URL URL
twitter16__693857080193761285,twitter16,693857080193761285,non-rumor,True,76,True,True,28785486,693857080193761285,True,0.0,0.00,1430,1433,1430,0.00,94869.42,0.00,94869.42,94869.42,False,0,0,1,7,data_raw/Twitter15_16_dataset/twitter16/tree/693857080193761285.txt,nasa's curiosity rover sends back a selfie from a sand dune in mars: URL URL
twitter16__693857551620968448,twitter16,693857551620968448,non-rumor,True,90,True,True,2883841,693857551620968448,True,0.0,0.00,887,888,887,0.00,10534.12,0.00,10534.12,10534.12,False,0,0,0,6,data_raw/Twitter15_16_dataset/twitter16/tree/693857551620968448.txt,keeping vanessa hudgens in our thoughts. her dad greg died last night from cancer: URL URL
twitter16__693858804279201794,twitter16,693858804279201794,non-rumor,True,112,True,True,807095,693858804279201794,True,0.0,0.00,362,364,362,0.00,85221.68,0.00,85221.68,85221.68,False,0,0,0,4,data_raw/Twitter15_16_dataset/twitter16/tree/693858804279201794.txt,"poor women in india are fighting for the right to have a job. ""when you start working, your heart opens up."" URL"
twitter16__693869818366287872,twitter16,693869818366287872,non-rumor,True,86,True,True,14511951,693869818366287872,True,0.0,0.00,581,581,581,0.00,60946.88,0.00,60946.88,60946.88,False,0,0,0,6,data_raw/Twitter15_16_dataset/twitter16/tree/693869818366287872.txt,"vanessa hudgens' father, gregory hudgens, dies the night before ""grease: live"" URL URL"
twitter16__693893182338289664,twitter16,693893182338289664,non-rumor,True,84,True,True,2367911,693893182338289664,True,0.0,0.00,924,927,924,0.00,54922.30,0.00,54922.30,54922.30,False,0,0,0,8,data_raw/Twitter15_16_dataset/twitter16/tree/693893182338289664.txt,i haven't stopped watching #pillowtalk all weekend (and i'm not even sorry): URL URL
twitter16__693897857376632832,twitter16,693897857376632832,non-rumor,True,98,True,True,14075928,693897857376632832,True,0.0,0.00,1194,1195,1194,0.00,208545.52,0.00,208545.52,208545.52,False,0,0,0,3,data_raw/Twitter15_16_dataset/twitter16/tree/693897857376632832.txt,clinton ominously tells iowan supporters to mark front doors with campaign logo before sundown URL
twitter16__693906624776245249,twitter16,693906624776245249,non-rumor,True,94,True,True,30313925,693906624776245249,True,0.0,0.00,319,322,319,0.00,18037.17,0.00,18037.17,18037.17,False,0,0,2,26,data_raw/Twitter15_16_dataset/twitter16/tree/693906624776245249.txt,"today's the day: if you don't have health insurance, make sure you #getcovered at URL now! URL"
twitter16__693935557009801218,twitter16,693935557009801218,non-rumor,True,81,True,True,1367531,693935557009801218,True,0.0,0.00,381,399,381,0.00,43243.77,0.00,43243.77,43243.77,False,0,0,0,32,data_raw/Twitter15_16_dataset/twitter16/tree/693935557009801218.txt,iran's supreme leader awards medals to troops who 'captured' u.s. sailors URL URL
twitter16__693939356390653952,twitter16,693939356390653952,non-rumor,True,98,True,True,2557521,693939356390653952,True,0.0,0.00,375,374,375,0.00,5910.35,0.00,5910.35,5910.35,False,0,0,0,1,data_raw/Twitter15_16_dataset/twitter16/tree/693939356390653952.txt,"michael oher got a text from cam newton during the offseason. now, they prepare for #sb50: URL URL"
twitter16__697992796565741569,twitter16,697992796565741569,unverified,True,94,False,True,213291472,697992796565741569,True,0.0,0.00,865,883,865,0.00,11553.73,0.00,11553.73,11553.73,False,0,0,0,9,data_raw/Twitter15_16_dataset/twitter16/tree/697992796565741569.txt,nevada focus group of #pbsdebate says @berniesanders won tonight's debate by a 25 to 9 margin.
twitter16__701175292937707520,twitter16,701175292937707520,unverified,True,108,True,True,13654792,701175292937707520,True,0.0,0.00,120,122,120,0.00,8218.62,0.00,8218.62,8218.62,False,0,0,0,2,data_raw/Twitter15_16_dataset/twitter16/tree/701175292937707520.txt,"""sanders won 54% of the latino vote, according to the sample data, compared to clinton’s 43%."" #nvcaucus URL"
twitter16__701514249269542912,twitter16,701514249269542912,unverified,True,80,True,True,807095,701514249269542912,True,0.0,0.00,200,206,200,0.00,27433.38,0.00,27433.38,27433.38,False,0,0,1,12,data_raw/Twitter15_16_dataset/twitter16/tree/701514249269542912.txt,"no, the polling doesn't prove bernie sanders won the hispanic vote in nevada URL"
twitter16__701539698452393986,twitter16,701539698452393986,unverified,True,95,True,True,807095,701539698452393986,True,0.0,0.00,140,141,140,0.00,413.25,0.00,413.25,413.25,False,0,0,0,0,data_raw/Twitter15_16_dataset/twitter16/tree/701539698452393986.txt,"the 2016 race: no, the polling doesn’t prove bernie sanders won the hispanic vote in nevada URL"
twitter16__701872343736520704,twitter16,701872343736520704,unverified,True,67,True,True,216776631,701872343736520704,True,0.0,0.00,820,837,820,0.00,61089.57,0.00,61089.57,61089.57,False,0,0,9,101,data_raw/Twitter15_16_dataset/twitter16/tree/701872343736520704.txt,new analysis from @wcvi: sanders won the latino vote in nevada. URL
twitter16__701975210044497921,twitter16,701975210044497921,unverified,True,114,True,True,150135224,701975210044497921,True,0.0,0.00,271,278,271,0.00,8079.40,0.00,8079.40,8079.40,False,0,0,0,15,data_raw/Twitter15_16_dataset/twitter16/tree/701975210044497921.txt,study concluded that the clinton camp has “no statistical basis” to back claims that it won latino vote in nv. URL
twitter16__703234354579898368,twitter16,703234354579898368,unverified,True,109,True,True,572278319,703234354579898368,True,0.0,0.00,148,147,148,0.00,5453.45,0.00,5453.45,5453.45,False,0,0,0,0,data_raw/Twitter15_16_dataset/twitter16/tree/703234354579898368.txt,"kenny is considered the first tiger with down syndrome. at the age of nine, kenny died in 2008 of cancer. URL"
twitter16__705092738224525312,twitter16,705092738224525312,unverified,True,88,True,True,292777349,705092738224525312,True,0.0,0.00,212,215,212,0.00,1800.07,0.00,1800.07,1800.07,False,0,0,0,7,data_raw/Twitter15_16_dataset/twitter16/tree/705092738224525312.txt,"breaking news: search ""how can i move to canada"" skyrocketed following #supertuesday URL"
twitter16__705093513076015104,twitter16,705093513076015104,unverified,True,86,True,True,292777349,705093513076015104,True,0.0,0.00,137,136,137,0.00,2585.20,0.00,2585.20,2585.20,False,0,0,0,2,data_raw/Twitter15_16_dataset/twitter16/tree/705093513076015104.txt,"tons of people searching ""how to move to canada"" following trump, clinton wins URL URL"
twitter16__706665777332621314,twitter16,706665777332621314,unverified,True,116,False,True,14437914,706665777332621314,True,0.0,0.00,94,93,94,0.00,1378.95,0.00,1378.95,1378.95,False,0,0,0,0,data_raw/Twitter15_16_dataset/twitter16/tree/706665777332621314.txt,".@berniesanders: in 2016, ""we will end institutional racism and reform a broken criminal justice system.” #demdebate"
twitter16__706933939953344514,twitter16,706933939953344514,unverified,True,59,True,True,2302239423,706933939953344514,True,0.0,0.00,98,97,98,0.00,97665.73,0.00,97665.73,97665.73,False,0,0,0,0,data_raw/Twitter15_16_dataset/twitter16/tree/706933939953344514.txt,bernie sanders speaking about institutional racism 👏🏽🙌🏽 URL
twitter16__707300612862566400,twitter16,707300612862566400,unverified,True,83,True,True,39308549,707300612862566400,True,0.0,0.00,179,180,179,0.00,28850.63,0.00,28850.63,28850.63,False,0,0,0,7,data_raw/Twitter15_16_dataset/twitter16/tree/707300612862566400.txt,"obama to skip nancy reagan’s funeral, attend entertainment festival instead URL URL"
twitter16__707305999971921920,twitter16,707305999971921920,unverified,True,95,True,True,1618641848,707305999971921920,True,0.0,0.00,306,313,306,0.00,165970.43,0.00,165970.43,165970.43,False,0,0,1,15,data_raw/Twitter15_16_dataset/twitter16/tree/707305999971921920.txt,"‘president petty strikes again’: obama will reportedly skip nancy reagan’s funeral,,, ✅ URL URL"
twitter16__707308274270539777,twitter16,707308274270539777,unverified,True,120,True,True,232901331,707308274270539777,True,0.0,0.00,134,142,134,0.00,17274.95,0.00,17274.95,17274.95,False,0,0,1,13,data_raw/Twitter15_16_dataset/twitter16/tree/707308274270539777.txt,no one is surprised by this.of course obama is skipping nancy reagan's funeral.dignity isn't his strongest attribute URL
twitter16__707310135291416576,twitter16,707310135291416576,unverified,True,97,True,True,16193222,707310135291416576,True,0.0,0.00,142,146,142,0.00,2514.43,0.00,2514.43,2514.43,False,0,0,1,41,data_raw/Twitter15_16_dataset/twitter16/tree/707310135291416576.txt,"obama to skip nancy reagan's funeral, as he did scalia's. this time, he'll be attending sxsw: URL"
twitter16__707321278135463936,twitter16,707321278135463936,unverified,True,93,True,True,15553222,707321278135463936,True,0.0,0.00,2260,2278,2260,0.00,104615.53,0.00,104615.53,104615.53,False,0,0,0,20,data_raw/Twitter15_16_dataset/twitter16/tree/707321278135463936.txt,president obama to skip nancy reagan’s funeral in order to attend south by southwest: URL URL
twitter16__707332312724283392,twitter16,707332312724283392,unverified,True,100,True,True,282695161,707332312724283392,True,0.0,0.00,185,187,185,0.00,2964.50,0.00,2964.50,2964.50,False,0,0,0,13,data_raw/Twitter15_16_dataset/twitter16/tree/707332312724283392.txt,"obama to skip nancy reagan's funeral for music, film festival in austin, tx URL via @waynedupreeshow"
twitter16__707405809181917184,twitter16,707405809181917184,unverified,True,70,True,True,1917731,707405809181917184,True,0.0,0.00,138,142,138,0.00,2689.37,0.00,2689.37,2689.37,False,0,0,0,6,data_raw/Twitter15_16_dataset/twitter16/tree/707405809181917184.txt,"bachmann: obama ""classless"" for missing nancy reagan’s funeral URL URL"
twitter16__707412869860696064,twitter16,707412869860696064,unverified,True,76,True,True,1917731,707412869860696064,True,0.0,0.00,130,134,130,0.00,4865.83,0.00,4865.83,4865.83,False,0,0,0,9,data_raw/Twitter15_16_dataset/twitter16/tree/707412869860696064.txt,"bachmann slams ""classless"" obama for skipping nancy reagan’s funeral URL URL"
twitter16__707420972173955072,twitter16,707420972173955072,unverified,True,60,True,True,17469289,707420972173955072,True,0.0,0.00,170,183,170,0.00,9258.87,0.00,9258.87,9258.87,False,0,0,1,9,data_raw/Twitter15_16_dataset/twitter16/tree/707420972173955072.txt,obama skipping nancy reagan's funeral to attend sxsw URL URL
twitter16__707604196812591104,twitter16,707604196812591104,unverified,True,98,True,True,292777349,707604196812591104,True,0.0,0.00,131,132,131,0.00,431.83,0.00,431.83,431.83,False,0,0,1,5,data_raw/Twitter15_16_dataset/twitter16/tree/707604196812591104.txt,developing: president obama will be attending sxsw festival instead of nancy reagan's funeral. URL
twitter16__707786906189303808,twitter16,707786906189303808,unverified,True,116,True,True,4714915461,707786906189303808,True,0.0,0.00,1764,1773,1764,0.00,227065.90,0.00,227065.90,227065.90,False,0,0,0,11,data_raw/Twitter15_16_dataset/twitter16/tree/707786906189303808.txt,meet kenny the tiger. he was born with down syndrome. he's proof you don't have to be perfect to be beautiful ❤️ URL
twitter16__711994705333112832,twitter16,711994705333112832,unverified,True,99,True,True,19063323,711994705333112832,True,0.0,0.00,144,150,144,0.00,5173.57,0.00,5173.57,5173.57,False,0,0,2,19,data_raw/Twitter15_16_dataset/twitter16/tree/711994705333112832.txt,keith richards 'once pulled a knife on donald trump' says rolling stones' ex-event promoter URL URL
twitter16__712223438698627073,twitter16,712223438698627073,unverified,True,100,True,True,19063323,712223438698627073,True,0.0,0.00,95,94,95,0.00,1577.12,0.00,1577.12,1577.12,False,0,0,0,0,data_raw/Twitter15_16_dataset/twitter16/tree/712223438698627073.txt,"keith richards 'once pulled a knife on donald trump', claims rolling stones' former promoter URL URL"
twitter16__714503380476026880,twitter16,714503380476026880,unverified,True,120,True,True,19310250,714503380476026880,True,0.0,0.00,338,349,338,0.00,40626.35,0.00,40626.35,40626.35,False,0,0,0,17,data_raw/Twitter15_16_dataset/twitter16/tree/714503380476026880.txt,open letter to trump voters from his top strategist-turned-defector - amazing first person account URL via @xojanedotcom
twitter16__714531423273746432,twitter16,714531423273746432,unverified,True,83,True,True,292432955,714531423273746432,True,0.0,0.00,191,191,191,0.00,4037.48,0.00,4037.48,4037.48,False,0,0,0,4,data_raw/Twitter15_16_dataset/twitter16/tree/714531423273746432.txt,an open letter to @realdonaldtrump from his top strategist-turned-defector: URL URL
twitter16__714555825122107392,twitter16,714555825122107392,unverified,True,112,True,True,32639940,714555825122107392,True,0.0,0.00,144,143,144,0.00,71787.68,0.00,71787.68,71787.68,False,0,0,1,2,data_raw/Twitter15_16_dataset/twitter16/tree/714555825122107392.txt,an open letter to trump voters from his top strategist-turned-defector URL @juddapatow @andylassner @bettemidler
twitter16__714560810266132480,twitter16,714560810266132480,unverified,True,119,True,True,14749383,714560810266132480,True,0.0,0.00,246,252,246,0.00,8399.53,0.00,8399.53,8399.53,False,0,0,0,13,data_raw/Twitter15_16_dataset/twitter16/tree/714560810266132480.txt,"letter to trump voters from his top strategist-turned-defector - i don’t know if this is real, but it’s believable. URL"
twitter16__714567472712589312,twitter16,714567472712589312,unverified,True,118,True,True,491461409,714567472712589312,True,0.0,0.00,300,313,300,0.00,25378.03,0.00,25378.03,25378.03,False,0,0,0,10,data_raw/Twitter15_16_dataset/twitter16/tree/714567472712589312.txt,how many more trump supporters will defect? an open letter to trump voters from his top strategist-turned-defector URL
twitter16__714577521992343552,twitter16,714577521992343552,unverified,True,87,True,True,198746638,714577521992343552,True,0.0,0.00,120,119,120,0.00,237485.93,0.00,237485.93,237485.93,False,0,0,0,0,data_raw/Twitter15_16_dataset/twitter16/tree/714577521992343552.txt,a trump campaign strategist just quit and wrote this amazing open letter about why: URL
twitter16__714598318333042688,twitter16,714598318333042688,unverified,True,63,True,True,32652567,714598318333042688,True,0.0,0.00,476,483,476,0.00,27404.43,0.00,27404.43,27404.43,False,0,0,3,11,data_raw/Twitter15_16_dataset/twitter16/tree/714598318333042688.txt,"top trump strategist resigns, writes revealing open letter: URL"
twitter16__714598641827246081,twitter16,714598641827246081,unverified,True,92,True,True,94215989,714598641827246081,True,0.0,0.00,95,95,95,0.00,101483.42,0.00,101483.42,101483.42,False,0,0,0,3,data_raw/Twitter15_16_dataset/twitter16/tree/714598641827246081.txt,an open letter to trump voters from his top strategist-turned-defector URL via @xojanedotcom
twitter16__714755546285477888,twitter16,714755546285477888,unverified,True,108,True,True,362144301,714755546285477888,True,0.0,0.00,117,118,117,0.00,3512.17,0.00,3512.17,3512.17,False,0,0,1,7,data_raw/Twitter15_16_dataset/twitter16/tree/714755546285477888.txt,donald spunktrumpet's former communications director stephanie cegielski has resigned and written this - URL
twitter16__714811995573325828,twitter16,714811995573325828,unverified,True,103,True,True,20748745,714811995573325828,True,0.0,0.00,126,125,126,0.00,104222.68,0.00,104222.68,104222.68,False,0,0,0,3,data_raw/Twitter15_16_dataset/twitter16/tree/714811995573325828.txt,"an open letter to trump voters from his top strategist: stop supporting him, he doesn't want to win URL"
twitter16__714851393861881857,twitter16,714851393861881857,unverified,True,119,True,True,3164431032,714851393861881857,True,0.0,0.00,224,223,224,0.00,4477.87,0.00,4477.87,4477.87,False,0,0,0,1,data_raw/Twitter15_16_dataset/twitter16/tree/714851393861881857.txt,"trump's top strategist, stephanie cegielski, has quit his campaign + just wrote an open letter to trump supporters: URL"
twitter16__714998347111669760,twitter16,714998347111669760,unverified,True,115,True,True,216776631,714998347111669760,True,0.0,0.00,2421,2478,2421,0.00,44618.28,0.00,44618.28,44618.28,False,0,0,11,234,data_raw/Twitter15_16_dataset/twitter16/tree/714998347111669760.txt,we must address the political marginalization and institutional racism affecting people of color. read my plan: URL
twitter16__715253497462145024,twitter16,715253497462145024,unverified,True,106,False,True,8839632,715253497462145024,True,0.0,0.00,643,664,643,0.00,174120.63,0.00,174120.63,174120.63,False,0,0,6,29,data_raw/Twitter15_16_dataset/twitter16/tree/715253497462145024.txt,"just in: donald trump to @msnbc: ""there has to be some form of punishment"" for women who have an abortion."
twitter16__715254040289021952,twitter16,715254040289021952,unverified,True,95,True,True,16041234,715254040289021952,True,0.0,0.00,121,120,121,0.00,2096.77,0.00,2096.77,2096.77,False,0,0,0,5,data_raw/Twitter15_16_dataset/twitter16/tree/715254040289021952.txt,donald trump tells chris matthews: women deserve ‘some form of punishment’ for abortion URL URL
twitter16__715255507506892800,twitter16,715255507506892800,unverified,True,118,True,True,8839632,715253497462145024,False,-7.98,0.00,344,363,344,-7.98,109891.60,0.00,109891.60,109891.60,True,0,0,6,29,data_raw/Twitter15_16_dataset/twitter16/tree/715255507506892800.txt,"update: donald trump advocates abortion ban and ""some form of punishment"" for women who have an abortion. URL - @msnbc"
twitter16__715256242990505984,twitter16,715256242990505984,unverified,True,94,True,True,2836421,715256242990505984,True,0.0,0.00,953,994,953,0.00,79643.60,0.00,79643.60,79643.60,False,0,0,12,62,data_raw/Twitter15_16_dataset/twitter16/tree/715256242990505984.txt,"just in: donald trump tells @msnbc: ""there has to be some form of punishment"" for abortion URL"
twitter16__715264793737879553,twitter16,715264793737879553,unverified,True,65,True,True,14293310,715264793737879553,True,0.0,0.00,141,141,141,0.00,3243.95,0.00,3243.95,3243.95,False,0,0,0,3,data_raw/Twitter15_16_dataset/twitter16/tree/715264793737879553.txt,donald trump supports abortion ban and 'punishment' for women URL
twitter16__715268937873760256,twitter16,715268937873760256,unverified,True,75,True,True,14511951,715268937873760256,True,0.0,0.00,381,387,381,0.00,1263.80,0.00,1263.80,1263.80,False,0,0,1,10,data_raw/Twitter15_16_dataset/twitter16/tree/715268937873760256.txt,"donald trump goes full anti-woman: ""punishment"" for women who abort URL URL"
twitter16__715515982584881152,twitter16,715515982584881152,unverified,True,77,True,True,18643437,715515982584881152,True,0.0,0.00,639,649,639,0.00,82670.30,0.00,82670.30,82670.30,False,0,0,0,46,data_raw/Twitter15_16_dataset/twitter16/tree/715515982584881152.txt,craigslist ad: ‘get paid $15 an hour to protest at the trump rally’ - URL URL
twitter16__715671763808493569,twitter16,715671763808493569,unverified,True,136,False,True,27789999,715671763808493569,True,0.0,0.00,130,129,130,0.00,10000.98,0.00,10000.98,10000.98,False,0,0,0,2,data_raw/Twitter15_16_dataset/twitter16/tree/715671763808493569.txt,☆☆craigslist ad allegedly posted by bernie supporters offered $15 to protest at trump's rally in wisconsin. trump already creating jobs!
twitter16__716092408920936448,twitter16,716092408920936448,unverified,True,119,True,True,47253057,716092408920936448,True,0.0,0.00,361,363,361,0.00,143668.68,0.00,143668.68,143668.68,False,0,0,0,7,data_raw/Twitter15_16_dataset/twitter16/tree/716092408920936448.txt,international criminal george soros & his boi @davidbrockdc are sooo busted #fauxprotests #ringers @realdonaldtrump URL
twitter16__716416753409081344,twitter16,716416753409081344,unverified,True,122,False,True,78569026,716416753409081344,True,0.0,0.00,113,115,113,0.00,8460.77,0.00,8460.77,8460.77,False,0,0,0,0,data_raw/Twitter15_16_dataset/twitter16/tree/716416753409081344.txt,"hearing that bernie sanders flipped clark county in nevada at state convention, may have won the entire state #feelthebern"
twitter16__716424773216022530,twitter16,716424773216022530,unverified,True,119,True,True,2689574322,716424773216022530,True,0.0,0.00,229,228,229,0.00,25730.42,0.00,25730.42,25730.42,False,0,0,0,1,data_raw/Twitter15_16_dataset/twitter16/tree/716424773216022530.txt,it seems @berniesanders has won back nevada! don't let @clarkcountynv dems rig it against @sensanders! #feelthebern URL
twitter16__716439952922312704,twitter16,716439952922312704,unverified,True,140,False,True,3337804853,716439952922312704,True,0.0,0.00,275,274,275,0.00,1498.78,0.00,1498.78,1498.78,False,0,0,0,1,data_raw/Twitter15_16_dataset/twitter16/tree/716439952922312704.txt,we officially won clark county (70% of the population of nevada) and washoe county +5/6 for @berniesanders -4 for hillary #bernietakesnevada
twitter16__716448280201269248,twitter16,716448280201269248,unverified,True,54,True,True,4541374877,716448280201269248,True,0.0,0.00,159,158,159,0.00,6466.80,0.00,6466.80,6466.80,False,0,0,0,0,data_raw/Twitter15_16_dataset/twitter16/tree/716448280201269248.txt,bernie sanders has won the nevada caucus #nvcaucus URL
twitter16__716451800581279744,twitter16,716451800581279744,unverified,True,114,True,True,755113,716451800581279744,True,0.0,0.00,2612,2803,2612,0.00,63456.68,0.00,63456.68,63456.68,False,0,0,30,253,data_raw/Twitter15_16_dataset/twitter16/tree/716451800581279744.txt,"it's official, @berniesanders actually won nevada today. came down to 2 factors. 1. enthusiasm 2. organization URL"
twitter16__716457799392342018,twitter16,716457799392342018,unverified,True,92,True,True,3594364096,716457799392342018,True,0.0,0.00,160,164,160,0.00,12378.20,0.00,12378.20,12378.20,False,0,0,1,4,data_raw/Twitter15_16_dataset/twitter16/tree/716457799392342018.txt,"bernie sanders has actually won nevada, not hillary clinton! the people have spoken! URL URL"
twitter16__716461257025581056,twitter16,716461257025581056,unverified,True,91,True,True,3337804853,716461257025581056,True,0.0,0.00,574,580,574,0.00,59195.60,0.00,59195.60,59195.60,False,0,0,0,13,data_raw/Twitter15_16_dataset/twitter16/tree/716461257025581056.txt,.@berniesanders is pulling magic tricks out of a hat in nevada. we just officially won! URL
twitter16__717081129627553792,twitter16,717081129627553792,unverified,True,105,True,True,700720920218894338,717081129627553792,True,0.0,0.00,1094,1105,1094,0.00,153867.77,0.00,153867.77,153867.77,False,0,0,0,15,data_raw/Twitter15_16_dataset/twitter16/tree/717081129627553792.txt,"this is kenny, the tiger with down syndrome. this proves you don't have to perfect to be beautiful ❤️ URL"
twitter16__722885778448121857,twitter16,722885778448121857,unverified,True,80,True,True,14294848,722885778448121857,True,0.0,0.00,122,127,122,0.00,14280.57,0.00,14280.57,14280.57,False,0,0,0,22,data_raw/Twitter15_16_dataset/twitter16/tree/722885778448121857.txt,"a new transgender bathroom policy at @target is real, and it's fabulous: URL URL"
twitter16__723025600810766336,twitter16,723025600810766336,non-rumor,True,65,True,True,2883841,723025600810766336,True,0.0,0.00,696,698,696,0.00,26653.98,0.00,26653.98,26653.98,False,0,0,0,5,data_raw/Twitter15_16_dataset/twitter16/tree/723025600810766336.txt,#ripchyna: the wwe icon has passed away at the age of 45. URL URL
twitter16__723198441690636288,twitter16,723198441690636288,non-rumor,True,41,True,True,2883841,723198441690636288,True,0.0,0.00,1125,1125,1125,0.00,131817.05,0.00,131817.05,131817.05,False,0,0,0,14,data_raw/Twitter15_16_dataset/twitter16/tree/723198441690636288.txt,pop legend prince has died at 57: URL URL
twitter16__723365789378584578,twitter16,723365789378584578,unverified,True,83,True,True,49616273,723365789378584578,True,0.0,0.00,231,230,231,0.00,6007.93,0.00,6007.93,6007.93,False,0,0,0,2,data_raw/Twitter15_16_dataset/twitter16/tree/723365789378584578.txt,"landmarks around world turn purple, in honor of #prince. #princerip #purplerain URL"
twitter16__723477822950395904,twitter16,723477822950395904,unverified,True,90,True,True,64643056,723477822950395904,True,0.0,0.00,127,126,127,0.00,2063.58,0.00,2063.58,2063.58,False,0,0,0,0,data_raw/Twitter15_16_dataset/twitter16/tree/723477822950395904.txt,purple pain: landmarks across globe light up in fitting prince tributes #ripprince URL URL
twitter16__723504069814444033,twitter16,723504069814444033,unverified,True,83,True,True,111556701,723504069814444033,True,0.0,0.00,214,213,214,0.00,5246.95,0.00,5246.95,5246.95,False,0,0,0,2,data_raw/Twitter15_16_dataset/twitter16/tree/723504069814444033.txt,purple reign! landmarks light up for prince after his sudden death 💜 #princerip URL
twitter16__723511860516016128,twitter16,723511860516016128,unverified,True,94,True,True,23995748,723511860516016128,True,0.0,0.00,146,145,146,0.00,7909.93,0.00,7909.93,7909.93,False,0,0,0,0,data_raw/Twitter15_16_dataset/twitter16/tree/723511860516016128.txt,all in purple: memorials and landmarks across the globe honor #prince after his death. URL URL
twitter16__723521076446142465,twitter16,723521076446142465,unverified,True,98,True,True,18565988,723521076446142465,True,0.0,0.00,149,148,149,0.00,7622.07,0.00,7622.07,7622.07,False,0,0,0,2,data_raw/Twitter15_16_dataset/twitter16/tree/723521076446142465.txt,when your two favorite landmarks...go purple in honor of the world missing prince...beautiful: URL
twitter16__723644048867774464,twitter16,723644048867774464,unverified,True,59,True,True,16211434,723644048867774464,True,0.0,0.00,132,131,132,0.00,13337.30,0.00,13337.30,13337.30,False,0,0,0,0,data_raw/Twitter15_16_dataset/twitter16/tree/723644048867774464.txt,niagara falls turned purple on the day prince died: URL URL
twitter16__723772395211862016,twitter16,723772395211862016,unverified,True,59,True,True,16211434,723772395211862016,True,0.0,0.00,94,93,94,0.00,2792.85,0.00,2792.85,2792.85,False,0,0,0,3,data_raw/Twitter15_16_dataset/twitter16/tree/723772395211862016.txt,niagara falls turned purple on the day prince died: URL URL
twitter16__723915846985342976,twitter16,723915846985342976,unverified,True,59,True,True,16211434,723915846985342976,True,0.0,0.00,116,115,116,0.00,204230.00,0.00,204230.00,204230.00,False,0,0,0,0,data_raw/Twitter15_16_dataset/twitter16/tree/723915846985342976.txt,niagara falls turned purple on the day prince died: URL URL
twitter16__724044187113512960,twitter16,724044187113512960,unverified,True,59,True,True,16211434,724044187113512960,True,0.0,0.00,108,107,108,0.00,6194.48,0.00,6194.48,6194.48,False,0,0,0,0,data_raw/Twitter15_16_dataset/twitter16/tree/724044187113512960.txt,niagara falls turned purple on the day prince died: URL URL
twitter16__724320681517670400,twitter16,724320681517670400,unverified,True,73,True,True,1367531,724320681517670400,True,0.0,0.00,537,576,537,0.00,73915.88,0.00,73915.88,73915.88,False,0,0,21,142,data_raw/Twitter15_16_dataset/twitter16/tree/724320681517670400.txt,"340,000 pledge to boycott target over transgender bathroom policy URL URL"
twitter16__724348906096590849,twitter16,724348906096590849,unverified,True,74,True,True,1367531,724348906096590849,True,0.0,0.00,421,442,421,0.00,67519.52,0.00,67519.52,67519.52,False,0,0,4,42,data_raw/Twitter15_16_dataset/twitter16/tree/724348906096590849.txt,"340,000 pledge to boycott @target over transgender bathroom policy URL URL"
twitter16__724603564946010112,twitter16,724603564946010112,unverified,True,79,True,True,457984599,724603564946010112,True,0.0,0.00,115,117,115,0.00,10473.87,0.00,10473.87,10473.87,False,0,0,0,5,data_raw/Twitter15_16_dataset/twitter16/tree/724603564946010112.txt,twenty-five stories proving target’s pro-trans bathroom policy is dangerous URL
twitter16__724624672604610562,twitter16,724624672604610562,unverified,True,104,True,True,201977673,724624672604610562,True,0.0,0.00,94,93,94,0.00,7163.00,0.00,7163.00,7163.00,False,0,0,2,0,data_raw/Twitter15_16_dataset/twitter16/tree/724624672604610562.txt,people are over here boycotting @target over their new transgender bathroom policy and i'm just like URL
twitter16__724661834419048448,twitter16,724661834419048448,unverified,True,85,True,True,457949035,724661834419048448,True,0.0,0.00,120,125,120,0.00,5001.63,0.00,5001.63,5001.63,False,0,0,3,7,data_raw/Twitter15_16_dataset/twitter16/tree/724661834419048448.txt,"hey guys, target isn't backing down check the usa today article about the boycott URL"
twitter16__724703995147751424,twitter16,724703995147751424,unverified,True,116,True,True,15754281,724703995147751424,True,0.0,0.00,138,151,138,0.00,5728.62,0.00,5728.62,5728.62,False,0,0,2,21,data_raw/Twitter15_16_dataset/twitter16/tree/724703995147751424.txt,"american family association gets 500,000 to sign petition boycotting target over its transgender bathroom policy URL"
twitter16__724939017410727938,twitter16,724939017410727938,unverified,True,56,True,True,14669951,724939017410727938,True,0.0,0.00,263,269,263,0.00,6728.92,0.00,6728.92,6728.92,False,0,0,3,9,data_raw/Twitter15_16_dataset/twitter16/tree/724939017410727938.txt,"500,000 boycott target over trans bathroom policy... URL"
twitter16__725070832494624769,twitter16,725070832494624769,unverified,True,119,True,True,236487888,725070832494624769,True,0.0,0.00,330,340,330,0.00,7378.93,0.00,7378.93,7378.93,False,0,0,0,27,data_raw/Twitter15_16_dataset/twitter16/tree/725070832494624769.txt,boycott the hell out of target. they think it's ok that boys pee with girls so let's hit em where it hurts - money. URL
twitter16__725174535897620481,twitter16,725174535897620481,unverified,True,90,True,True,33529092,725174535897620481,True,0.0,0.00,195,201,195,0.00,8421.42,0.00,8421.42,8421.42,False,0,0,0,11,data_raw/Twitter15_16_dataset/twitter16/tree/725174535897620481.txt,more than 700000 boycott target over transgender URL #lgbtq #tcot #bathroombill #pjnet URL
twitter16__725983128444129280,twitter16,725983128444129280,unverified,True,90,True,True,26900055,725983128444129280,True,0.0,0.00,325,331,325,0.00,3395.73,0.00,3395.73,3395.73,False,0,0,0,13,data_raw/Twitter15_16_dataset/twitter16/tree/725983128444129280.txt,starve the beasts destroying our #civilsociety #target stock ➡️ sinks $1.5 billion URL URL
twitter16__726043971911213057,twitter16,726043971911213057,unverified,True,73,True,True,457984599,726043971911213057,True,0.0,0.00,186,192,186,0.00,21710.28,0.00,21710.28,21710.28,False,0,0,0,9,data_raw/Twitter15_16_dataset/twitter16/tree/726043971911213057.txt,"target boycott crosses 1 million signers, stock sinks by $1.5 billion URL"
twitter16__726086935903494144,twitter16,726086935903494144,unverified,True,85,True,True,462104542,726086935903494144,True,0.0,0.00,152,157,152,0.00,4401.35,0.00,4401.35,4401.35,False,0,0,0,8,data_raw/Twitter15_16_dataset/twitter16/tree/726086935903494144.txt,"target boycott crosses 1 million signers, stock sinks by $1.5 billion - breitbart URL"
twitter16__726190016435728385,twitter16,726190016435728385,unverified,True,73,True,True,457984599,726190016435728385,True,0.0,0.00,278,281,278,0.00,66120.47,0.00,66120.47,66120.47,False,0,0,0,14,data_raw/Twitter15_16_dataset/twitter16/tree/726190016435728385.txt,"target boycott crosses 1 million signers, stock sinks by $1.5 billion URL"
twitter16__726442550266044416,twitter16,726442550266044416,unverified,True,115,True,True,236487888,726442550266044416,True,0.0,0.00,134,135,134,0.00,12899.15,0.00,12899.15,12899.15,False,0,0,0,10,data_raw/Twitter15_16_dataset/twitter16/tree/726442550266044416.txt,"because target believes men can pee with girls, their stock has taken a huge hit. good. keep boycotting target. URL"
twitter16__727116900983934976,twitter16,727116900983934976,unverified,True,70,True,True,15515169,727116900983934976,True,0.0,0.00,142,143,142,0.00,15489.60,0.00,15489.60,15489.60,False,0,0,0,2,data_raw/Twitter15_16_dataset/twitter16/tree/727116900983934976.txt,. @target stock plunges in early days of @americanfamassc boycott. URL
twitter16__727172374999666688,twitter16,727172374999666688,unverified,True,116,True,True,196168350,727172374999666688,True,0.0,0.00,441,463,441,0.00,12577.05,0.00,12577.05,12577.05,False,0,0,2,32,data_raw/Twitter15_16_dataset/twitter16/tree/727172374999666688.txt,"we should pick a company a month. 1.1 million families join afa’s target boycott, stock takes $2.5 billion hit - URL"
twitter16__727179214546456577,twitter16,727179214546456577,unverified,True,98,True,True,457984599,727179214546456577,True,0.0,0.00,249,251,249,0.00,12053.52,0.00,12053.52,12053.52,False,0,0,0,9,data_raw/Twitter15_16_dataset/twitter16/tree/727179214546456577.txt,target's stock has taken a $2.5 billion hit over its insistence on insulting regular customers URL
twitter16__727187859367546880,twitter16,727187859367546880,unverified,True,92,True,True,33529092,727187859367546880,True,0.0,0.00,144,148,144,0.00,13013.83,0.00,13013.83,13013.83,False,0,0,0,4,data_raw/Twitter15_16_dataset/twitter16/tree/727187859367546880.txt,good news!: target stock plummets #lbgtq #bathroombill URL #tcot #pjnet #rednationrising URL
twitter16__727588444000526336,twitter16,727588444000526336,unverified,True,49,True,True,14669951,727588444000526336,True,0.0,0.00,265,264,265,0.00,69480.87,0.00,69480.87,69480.87,False,0,0,0,2,data_raw/Twitter15_16_dataset/twitter16/tree/727588444000526336.txt,payments to hard drive destruction company... URL
twitter16__727623131494387714,twitter16,727623131494387714,unverified,True,119,True,True,3540252020,727623131494387714,True,0.0,0.00,116,116,116,0.00,3760.03,0.00,3760.03,3760.03,False,0,0,0,0,data_raw/Twitter15_16_dataset/twitter16/tree/727623131494387714.txt,clinton campaign made payments to hard drive destruction company 🤔 destruction of 14 hard drives @hillaryclinton ⁉️ URL
twitter16__727834854931435522,twitter16,727834854931435522,unverified,True,116,True,True,26487169,727834854931435522,True,0.0,0.00,1045,1058,1045,0.00,141674.32,0.00,141674.32,141674.32,False,0,0,1,29,data_raw/Twitter15_16_dataset/twitter16/tree/727834854931435522.txt,evidence destroyed? campaign made payments to hard drive and document destruction company URL #makeamericagreatagain
twitter16__727854332188577792,twitter16,727854332188577792,unverified,True,112,True,True,366819502,727854332188577792,True,0.0,0.00,372,372,372,0.00,120280.30,0.00,120280.30,120280.30,False,0,0,0,2,data_raw/Twitter15_16_dataset/twitter16/tree/727854332188577792.txt,perhaps media should ask hillary about this clinton campaign made payments to hard drive destruction company URL
twitter16__727966590084485120,twitter16,727966590084485120,unverified,True,73,True,True,14511951,727966590084485120,True,0.0,0.00,281,292,281,0.00,5800.12,0.00,5800.12,5800.12,False,0,0,3,42,data_raw/Twitter15_16_dataset/twitter16/tree/727966590084485120.txt,.@caitlyn_jenner will reportedly pose nude for sports illustrated URL URL
twitter16__727982226290442240,twitter16,727982226290442240,unverified,True,75,True,True,19091173,727982226290442240,True,0.0,0.00,127,129,127,0.00,14161.12,0.00,14161.12,14161.12,False,0,0,0,7,data_raw/Twitter15_16_dataset/twitter16/tree/727982226290442240.txt,surprise! => @target stock drops since #transgender bathroom policy URL URL
twitter16__728013148788154368,twitter16,728013148788154368,unverified,True,68,True,True,9648652,728013148788154368,True,0.0,0.00,438,443,438,0.00,28780.27,0.00,28780.27,28780.27,False,0,0,0,8,data_raw/Twitter15_16_dataset/twitter16/tree/728013148788154368.txt,report: caitlyn jenner will pose nude for sports illustrated URL URL
twitter16__728038172270198787,twitter16,728038172270198787,unverified,True,117,False,True,584031440,728038172270198787,True,0.0,0.00,468,468,468,0.00,79221.80,0.00,79221.80,79221.80,False,0,0,0,1,data_raw/Twitter15_16_dataset/twitter16/tree/728038172270198787.txt,caitlyn jenner will pose nude on the sports illustrated cover. nothing says sexy like a 66 year old chick with balls.
twitter16__728101712762834944,twitter16,728101712762834944,unverified,True,71,False,True,2267865715,728101712762834944,True,0.0,0.00,144,145,144,0.00,3708.90,0.00,3708.90,3708.90,False,0,0,0,0,data_raw/Twitter15_16_dataset/twitter16/tree/728101712762834944.txt,caitlyn jenner about to post nude for cover of sports illustrated.... 😳
twitter16__728207861050970112,twitter16,728207861050970112,unverified,True,119,False,True,307478701,728207861050970112,True,0.0,0.00,437,436,437,0.00,20463.23,0.00,20463.23,20463.23,False,0,0,0,0,data_raw/Twitter15_16_dataset/twitter16/tree/728207861050970112.txt,caitlyn jenner will pose nude on the sports illustrated cover. her balls will be censored by a sad michael jordan face.
twitter16__728273551883534336,twitter16,728273551883534336,unverified,True,119,False,True,1406346067,728273551883534336,True,0.0,0.00,426,425,426,0.00,62388.97,0.00,62388.97,62388.97,False,0,0,0,1,data_raw/Twitter15_16_dataset/twitter16/tree/728273551883534336.txt,caitlyn jenner will pose nude on the sports illustrated cover. her balls will be censored by a sad michael jordan face.
twitter16__728625967921401856,twitter16,728625967921401856,unverified,True,99,True,True,10168082,728625967921401856,True,0.0,0.00,118,118,118,0.00,26055.18,0.00,26055.18,26055.18,False,0,0,0,4,data_raw/Twitter15_16_dataset/twitter16/tree/728625967921401856.txt,the retail giant has taken huge hits as consumers react to their misguided bathroom policy. URL URL
twitter16__728627623488786433,twitter16,728627623488786433,unverified,True,85,True,True,299800115,728627623488786433,True,0.0,0.00,873,875,873,0.00,173289.23,0.00,173289.23,173289.23,False,0,0,0,4,data_raw/Twitter15_16_dataset/twitter16/tree/728627623488786433.txt,breaking: tom brady set to share sports illustrated cover with caitlyn jenner.... URL
twitter16__728631482722308096,twitter16,728631482722308096,unverified,True,120,True,True,462104542,728631482722308096,True,0.0,0.00,164,165,164,0.00,27809.13,0.00,27809.13,27809.13,False,0,0,0,3,data_raw/Twitter15_16_dataset/twitter16/tree/728631482722308096.txt,afa' rios: target's transgender bathroom policy is 'push from the left to deconstruct the family' URL via @breitbartnews
twitter16__729647367457230850,twitter16,729647367457230850,unverified,True,88,True,True,91478624,729647367457230850,True,0.0,0.00,173,172,173,0.00,3550.32,0.00,3550.32,3550.32,False,0,0,0,1,data_raw/Twitter15_16_dataset/twitter16/tree/729647367457230850.txt,leading causes of death in the u.s.: 1. heart disease 2. cancer 3. medical error URL URL
twitter16__730516765525082112,twitter16,730516765525082112,unverified,True,54,True,True,14294848,730516765525082112,True,0.0,0.00,122,121,122,0.00,30177.05,0.00,30177.05,30177.05,False,0,0,0,1,data_raw/Twitter15_16_dataset/twitter16/tree/730516765525082112.txt,a canadian teen didn't find a lost mayan city: URL URL
twitter16__730939370765754368,twitter16,730939370765754368,unverified,True,81,True,True,2461452080,730939370765754368,True,0.0,0.00,233,255,233,0.00,18624.73,0.00,18624.73,18624.73,False,0,0,3,128,data_raw/Twitter15_16_dataset/twitter16/tree/730939370765754368.txt,ca grand dragon endorses hillary clinton on behalf of the kkk. #trump2016 URL URL
twitter16__731093044460683264,twitter16,731093044460683264,unverified,True,95,True,True,2467791,731093044460683264,True,0.0,0.00,124,126,124,0.00,7440.58,0.00,7440.58,7440.58,False,0,0,0,3,data_raw/Twitter15_16_dataset/twitter16/tree/731093044460683264.txt,target ceo responds to nationwide boycott of the store over transgender bathroom policy URL URL
twitter16__731166399389962242,twitter16,731166399389962242,unverified,True,76,True,True,431917957,731166399389962242,True,0.0,0.00,145,147,145,0.00,171903.50,0.00,171903.50,171903.50,False,0,0,0,3,data_raw/Twitter15_16_dataset/twitter16/tree/731166399389962242.txt,🔥ca kkk grand wizard 🔥 endorses @hillaryclinton #neverhillary #trump2016 URL
twitter16__732004388181434368,twitter16,732004388181434368,unverified,True,66,True,True,27500565,732004388181434368,True,0.0,0.00,120,122,120,0.00,83476.80,0.00,83476.80,83476.80,False,0,0,1,2,data_raw/Twitter15_16_dataset/twitter16/tree/732004388181434368.txt,target’s new transgender policy raises all sorts of questions. URL
twitter16__732971411157880832,twitter16,732971411157880832,unverified,True,116,True,True,84014340,732971411157880832,True,0.0,0.00,109,110,109,0.00,67612.02,0.00,67612.02,67612.02,False,0,0,1,3,data_raw/Twitter15_16_dataset/twitter16/tree/732971411157880832.txt,here's an interesting look at $tgt target's stock price since it implemented it's transgender bathroom policy... URL
twitter16__732981604826677249,twitter16,732981604826677249,unverified,True,76,True,True,14293310,732981604826677249,True,0.0,0.00,305,309,305,0.00,16698.95,0.00,16698.95,16698.95,False,0,0,0,6,data_raw/Twitter15_16_dataset/twitter16/tree/732981604826677249.txt,target says boycott over transgender bathroom policy isn't hurting sales URL
twitter16__733242244522725376,twitter16,733242244522725376,unverified,True,98,True,True,1372786812,733242244522725376,True,0.0,0.00,151,153,151,0.00,10221.15,0.00,10221.15,10221.15,False,0,0,1,1,data_raw/Twitter15_16_dataset/twitter16/tree/733242244522725376.txt,"🎯 #target backlash over transgender bathroom policy hits ""boiling♨️point""❗️ URL #boycotttarget URL"
twitter16__740748123581087745,twitter16,740748123581087745,unverified,True,115,True,True,60113766,740748123581087745,True,0.0,0.00,599,620,599,0.00,30760.63,0.00,30760.63,30760.63,False,0,0,1,20,data_raw/Twitter15_16_dataset/twitter16/tree/740748123581087745.txt,first female candidate for president was not @hillaryclinton it was victoria woodhull in 1872 #nhpolitics #tcot URL
twitter16__740791134146965504,twitter16,740791134146965504,unverified,True,117,True,True,82447359,740791134146965504,True,0.0,0.00,256,262,256,0.00,8240.05,0.00,8240.05,8240.05,False,0,0,1,14,data_raw/Twitter15_16_dataset/twitter16/tree/740791134146965504.txt,dear @hillaryclinton you're not the 1st woman presidential candidate. victoria woodhull is. look @realdonaldtrump URL
twitter16__741995157969592321,twitter16,741995157969592321,unverified,True,67,True,True,3092625141,741995157969592321,True,0.0,0.00,401,425,401,0.00,9423.97,0.00,9423.97,9423.97,False,0,0,2,43,data_raw/Twitter15_16_dataset/twitter16/tree/741995157969592321.txt,"orlando shooter, muslim, omar mateen was a registered democrat. URL"
twitter16__742012307694223361,twitter16,742012307694223361,unverified,True,60,True,True,236487888,742012307694223361,True,0.0,0.00,277,279,277,0.00,2542.42,0.00,2542.42,2542.42,False,0,0,0,7,data_raw/Twitter15_16_dataset/twitter16/tree/742012307694223361.txt,#orlando oh look the muslim shooter was also a democrat! URL
twitter16__742050150307246080,twitter16,742050150307246080,unverified,True,109,True,True,16190478,742050150307246080,True,0.0,0.00,167,169,167,0.00,83920.83,0.00,83920.83,83920.83,False,0,0,2,9,data_raw/Twitter15_16_dataset/twitter16/tree/742050150307246080.txt,shooter in orlando was: a. muslim b. registered democrat voter c. isis d. homophobic e. ready for hillary URL
twitter16__742055437932040193,twitter16,742055437932040193,unverified,True,120,True,True,358545917,742055437932040193,True,0.0,0.00,1018,1031,1018,0.00,12276.88,0.00,12276.88,12276.88,False,0,0,5,24,data_raw/Twitter15_16_dataset/twitter16/tree/742055437932040193.txt,"because the orlando shooter who murdered gay people was a registered democrat and muslim, the media is going silent. URL"
twitter16__742114513726623744,twitter16,742114513726623744,unverified,True,66,True,True,14294848,742114513726623744,True,0.0,0.00,145,155,145,0.00,998.15,0.00,998.15,998.15,False,0,0,0,40,data_raw/Twitter15_16_dataset/twitter16/tree/742114513726623744.txt,a tweet from @realdonaldtrump about the #orlando shooting: URL URL
twitter16__742571519105077248,twitter16,742571519105077248,unverified,True,100,True,True,1090556088,742571519105077248,True,0.0,0.00,114,113,114,0.00,1381.40,0.00,1381.40,1381.40,False,0,0,0,2,data_raw/Twitter15_16_dataset/twitter16/tree/742571519105077248.txt,considering the #orlando shooter was a registered democrat i'd like to just put these back here: URL
twitter16__742678930516123650,twitter16,742678930516123650,unverified,True,106,True,True,24923175,742678930516123650,True,0.0,0.00,415,422,415,0.00,15371.57,0.00,15371.57,15371.57,False,0,0,2,33,data_raw/Twitter15_16_dataset/twitter16/tree/742678930516123650.txt,gay muslim democrat terrorist threatened to kill his classmates. when he was 10. but nra or something. URL
twitter16__743058135300988932,twitter16,743058135300988932,unverified,True,136,False,True,708522042,743058135300988932,True,0.0,0.00,323,324,323,0.00,97077.35,0.00,97077.35,97077.35,False,0,0,0,3,data_raw/Twitter15_16_dataset/twitter16/tree/743058135300988932.txt,"so now we know, orlando shooter was a gay, muslim, registered democrat. no wonder liberals are trying to blame the gun. #orlandoshooting"
twitter16__743126914794037248,twitter16,743126914794037248,unverified,True,136,False,True,1647857366,743126914794037248,True,0.0,0.00,118,117,118,0.00,33445.30,0.00,33445.30,33445.30,False,0,0,0,0,data_raw/Twitter15_16_dataset/twitter16/tree/743126914794037248.txt,people blame the massacre in orlando on the nra. newsflash: the orlando shooter wasn't a nra member... but he was a registered democrat.
twitter16__743764020679741440,twitter16,743764020679741440,unverified,True,105,True,True,18071459,743764020679741440,True,0.0,0.00,201,207,201,0.00,28074.98,0.00,28074.98,28074.98,False,0,0,0,5,data_raw/Twitter15_16_dataset/twitter16/tree/743764020679741440.txt,"obama cuts military pay for third year in a row, while pushing for $15 min. wage for burger flippers: URL"
twitter16__744390771869102080,twitter16,744390771869102080,unverified,True,120,True,True,358545917,744390771869102080,True,0.0,0.00,247,247,247,0.00,37331.78,0.00,37331.78,37331.78,False,0,0,0,4,data_raw/Twitter15_16_dataset/twitter16/tree/744390771869102080.txt,one of the men who wanted to copy the #orlando shooter was stopped in l.a. he was a liberal democrat and #berniebro. URL
twitter16__745236050407194624,twitter16,745236050407194624,unverified,True,74,True,True,115754870,745236050407194624,True,0.0,0.00,97,96,97,0.00,2554.70,0.00,2554.70,2554.70,False,0,0,0,0,data_raw/Twitter15_16_dataset/twitter16/tree/745236050407194624.txt,the big one: 'large scale motion' detected along san andreas fault URL URL
twitter16__745365403237376000,twitter16,745365403237376000,unverified,True,52,True,True,56300259,742053606820438016,False,-13159.9,0.00,214,218,214,-13159.90,84578.37,0.00,84578.37,84578.37,True,0,0,3,3,data_raw/Twitter15_16_dataset/twitter16/tree/745365403237376000.txt,causes of death in usa in 2016 (through june 15) URL
twitter16__747275598347837440,twitter16,747275598347837440,unverified,True,110,True,True,1379288282,747275598347837440,True,0.0,0.00,371,375,371,0.00,12133.87,0.00,12133.87,12133.87,False,0,0,0,16,data_raw/Twitter15_16_dataset/twitter16/tree/747275598347837440.txt,newsflash⚡️the #orlando shooter was a muslim and a democrat✔️ not a republican or christian❌ #gaypride2016 URL
twitter16__747443219487678464,twitter16,747443219487678464,unverified,True,106,True,True,236487888,747443219487678464,True,0.0,0.00,132,133,132,0.00,1905.33,0.00,1905.33,1905.33,False,0,0,0,4,data_raw/Twitter15_16_dataset/twitter16/tree/747443219487678464.txt,"nyc pride parade after orlando: “republican hate kills"" no. the orlando shooter was a muslim democrat. URL"
twitter16__748543642323783681,twitter16,748543642323783681,unverified,True,100,True,True,16552921,748543642323783681,True,0.0,0.00,530,546,530,0.00,40923.65,0.00,40923.65,40923.65,False,0,0,4,18,data_raw/Twitter15_16_dataset/twitter16/tree/748543642323783681.txt,"obama cuts military pay third year in a row, while pushing $15 min. wage for burger flippers URL URL"
twitter16__748558349139058688,twitter16,748558349139058688,unverified,True,119,True,True,272114651,748558349139058688,True,0.0,0.00,180,179,180,0.00,9025.17,0.00,9025.17,9025.17,False,0,0,0,5,data_raw/Twitter15_16_dataset/twitter16/tree/748558349139058688.txt,obama cuts military pay 4third year in a row #isis 2nd terrorist attack in a week #wakeupamerica r u ok w this? #2a URL
twitter16__748640007934590976,twitter16,748640007934590976,unverified,True,95,True,True,759251,748640007934590976,True,0.0,0.00,138,146,138,0.00,4778.25,0.00,4778.25,4778.25,False,0,0,2,55,data_raw/Twitter15_16_dataset/twitter16/tree/748640007934590976.txt,what's the no. 1 killer of americans? these rankings have changed little over the years URL URL
twitter16__749039299677417472,twitter16,749039299677417472,unverified,True,101,True,True,709497411144523776,749039299677417472,True,0.0,0.00,182,182,182,0.00,30120.30,0.00,30120.30,30120.30,False,0,0,0,2,data_raw/Twitter15_16_dataset/twitter16/tree/749039299677417472.txt,"after the orlando shooting this is how they protest, and the shooter was a registered democrat... URL"
twitter16__749286768554438658,twitter16,749286768554438658,unverified,True,95,True,True,759251,749286768554438658,True,0.0,0.00,165,167,165,0.00,5566.45,0.00,5566.45,5566.45,False,0,0,0,7,data_raw/Twitter15_16_dataset/twitter16/tree/749286768554438658.txt,what's the no. 1 killer of americans? these rankings have changed little over the years URL URL
twitter16__751536167183613952,twitter16,751536167183613952,unverified,True,115,True,True,97994396,751536167183613952,True,0.0,0.00,271,279,271,0.00,1771.05,0.00,1771.05,1771.05,False,0,0,2,14,data_raw/Twitter15_16_dataset/twitter16/tree/751536167183613952.txt,#urgent so-called 'purge' planned tonight in baton rouge 1200am - 0500am. #bluelivesmatter - heres the flash >> URL
twitter16__751856580874960897,twitter16,751856580874960897,unverified,True,118,True,True,198286584,751856580874960897,True,0.0,0.00,166,166,166,0.00,25139.45,0.00,25139.45,25139.45,False,0,0,0,1,data_raw/Twitter15_16_dataset/twitter16/tree/751856580874960897.txt,"should say ""labor unions aligned with @hillaryclinton"" stopped dems from saying no tpp-they don't speak for nurses URL"
twitter16__752875379765968897,twitter16,752875379765968897,unverified,True,115,False,True,8215672,752875379765968897,True,0.0,0.00,251,267,251,0.00,12982.48,0.00,12982.48,12982.48,False,0,0,0,11,data_raw/Twitter15_16_dataset/twitter16/tree/752875379765968897.txt,"ted cruz is apparently riding with the president on air force one en route to dallas. man, barack obama is a saint."
twitter16__752965545528528898,twitter16,752965545528528898,unverified,True,82,True,True,14499829,752934272500109313,False,-124.27,0.00,141,141,141,-124.27,31020.78,0.00,31020.78,31020.78,True,0,0,16,6,data_raw/Twitter15_16_dataset/twitter16/tree/752965545528528898.txt,homicide is among the top five causes of death in adolescents URL #endviolence URL
twitter16__755439197125767169,twitter16,755439197125767169,unverified,True,93,True,True,51241574,755439197125767169,True,0.0,0.00,400,418,400,0.00,2693.12,0.00,2693.12,2693.12,False,0,0,3,41,data_raw/Twitter15_16_dataset/twitter16/tree/755439197125767169.txt,ohio police say an officer was served a sandwich containing glass shards at a restaurant. URL
twitter16__755447443009916929,twitter16,755447443009916929,unverified,True,97,True,True,10774652,755447443009916929,True,0.0,0.00,127,129,127,0.00,9879.93,0.00,9879.93,9879.93,False,0,0,0,1,data_raw/Twitter15_16_dataset/twitter16/tree/755447443009916929.txt,police shut down restaurant after officer cuts mouth on shards of glass found in sandwich URL URL
twitter16__755475529294352385,twitter16,755475529294352385,unverified,True,118,True,True,3272284375,755475529294352385,True,0.0,0.00,104,105,104,0.00,38529.80,0.00,38529.80,38529.80,False,0,0,0,4,data_raw/Twitter15_16_dataset/twitter16/tree/755475529294352385.txt,ohio police officer hospitalized after eating shards of glass in sandwich from columbus restaurant blackliesmatter URL
twitter16__755523157700648960,twitter16,755523157700648960,unverified,True,110,True,True,3293118434,755523157700648960,True,0.0,0.00,161,166,161,0.00,3740.12,0.00,3740.12,3740.12,False,0,0,4,10,data_raw/Twitter15_16_dataset/twitter16/tree/755523157700648960.txt,ohio police officer served sandwich containing shards of glass – officer has been hospitalized - #rncincle URL
twitter16__755548076438196225,twitter16,755548076438196225,unverified,True,71,True,True,1075460258,755548076438196225,True,0.0,0.00,138,139,138,0.00,8360.72,0.00,8360.72,8360.72,False,0,0,1,8,data_raw/Twitter15_16_dataset/twitter16/tree/755548076438196225.txt,"colombus, ohio police officer served sandwich with shards of glass. URL"
twitter16__756282236375277568,twitter16,756282236375277568,unverified,True,74,True,True,15164565,756282236375277568,True,0.0,0.00,115,115,115,0.00,1805.27,0.00,1805.27,1805.27,False,0,0,1,6,data_raw/Twitter15_16_dataset/twitter16/tree/756282236375277568.txt,"""laziness is a trait in blacks,"" 1991 book quotes trump as saying: URL URL"
twitter16__756690088533393409,twitter16,756690088533393409,unverified,True,74,True,True,15164565,756690088533393409,True,0.0,0.00,154,157,154,0.00,102379.22,0.00,102379.22,102379.22,False,0,0,0,2,data_raw/Twitter15_16_dataset/twitter16/tree/756690088533393409.txt,"""laziness is a trait in blacks,"" 1991 book quotes trump as saying: URL URL"
twitter16__757190314880884736,twitter16,757190314880884736,unverified,True,119,True,True,510455186,757190314880884736,True,0.0,0.00,140,142,140,0.00,38245.28,0.00,38245.28,38245.28,False,0,0,18,1,data_raw/Twitter15_16_dataset/twitter16/tree/757190314880884736.txt,"donald trump: ""...laziness is a trait in blacks. it really is, i believe that. it’s not anything they can control.” URL"
twitter16__757367391202471937,twitter16,757367391202471937,unverified,True,74,True,True,15164565,757367391202471937,True,0.0,0.00,235,238,235,0.00,2700.53,0.00,2700.53,2700.53,False,0,0,1,2,data_raw/Twitter15_16_dataset/twitter16/tree/757367391202471937.txt,"""laziness is a trait in blacks,"" 1991 book quotes trump as saying: URL URL"
twitter16__757450526153900032,twitter16,757450526153900032,unverified,True,81,True,True,786764,757450526153900032,True,0.0,0.00,145,147,145,0.00,22847.52,0.00,22847.52,22847.52,False,0,0,0,3,data_raw/Twitter15_16_dataset/twitter16/tree/757450526153900032.txt,victoria woodhull ran for us president 144 years before hillary clinton 📻 URL URL
twitter16__757748522481491968,twitter16,757748522481491968,unverified,True,83,True,True,393190233,757748522481491968,True,0.0,0.00,388,388,388,0.00,97393.65,0.00,97393.65,97393.65,False,0,0,0,6,data_raw/Twitter15_16_dataset/twitter16/tree/757748522481491968.txt,tim kaine & his besties the muslim brotherhood URL #demsinphilly #dncconvention URL
twitter16__758825535480864769,twitter16,758825535480864769,unverified,True,120,True,True,3364589120,758825535480864769,True,0.0,0.00,138,138,138,0.00,7515.28,0.00,7515.28,7515.28,False,0,0,0,3,data_raw/Twitter15_16_dataset/twitter16/tree/758825535480864769.txt,hillary clinton is lying. clinton is not first woman nominated for president. it was victoria woodhull in 1872. to … URL
twitter16__759460236042305536,twitter16,759460236042305536,unverified,True,80,True,True,18511475,759460236042305536,True,0.0,0.00,259,262,259,0.00,7026.97,0.00,7026.97,7026.97,False,0,0,0,27,data_raw/Twitter15_16_dataset/twitter16/tree/759460236042305536.txt,"1991, book written saying trump says ""laziness is a trait in all blacks"" URL URL"
twitter16__760109079133990912,twitter16,760109079133990912,unverified,True,31,True,True,44945327,760109079133990912,True,0.0,0.00,151,152,151,0.00,24738.58,0.00,24738.58,24738.58,False,0,0,1,37,data_raw/Twitter15_16_dataset/twitter16/tree/760109079133990912.txt,“after school satan clubs”? URL
twitter16__760120409429643266,twitter16,760120409429643266,unverified,True,99,True,True,44945327,760120409429643266,True,0.0,0.00,429,472,429,0.00,32393.18,0.00,32393.18,32393.18,False,0,0,7,154,data_raw/Twitter15_16_dataset/twitter16/tree/760120409429643266.txt,pray for parents and school leadership to have wisdom to refuse these after school satan clubs! URL
twitter16__760928376668454912,twitter16,760928376668454912,unverified,True,117,True,True,70468535,760928376668454912,True,0.0,0.00,292,291,292,0.00,69127.03,0.00,69127.03,69127.03,False,0,0,0,4,data_raw/Twitter15_16_dataset/twitter16/tree/760928376668454912.txt,"before hillary clinton, there was victoria woodhull, a pro-life feminist who ran and was nominated for president. URL"
twitter16__761573188543229952,twitter16,761573188543229952,non-rumor,True,86,True,True,30313925,761573188543229952,True,0.0,0.00,1615,1630,1615,0.00,42464.52,0.00,42464.52,42464.52,False,0,0,5,41,data_raw/Twitter15_16_dataset/twitter16/tree/761573188543229952.txt,good news: our businesses have added 15 million jobs over the past 77 months → URL URL
twitter16__761999790892806144,twitter16,761999790892806144,non-rumor,True,117,True,True,30313925,761999790892806144,True,0.0,0.00,675,674,675,0.00,34651.57,0.00,34651.57,34651.57,False,0,0,3,16,data_raw/Twitter15_16_dataset/twitter16/tree/761999790892806144.txt,“our team boasts the most women who have ever competed for any nation at any olympic games.” —@potus on @teamusa: URL
twitter16__762793077509464064,twitter16,762793077509464064,non-rumor,True,97,True,True,30313925,762793077509464064,True,0.0,0.00,1175,1178,1175,0.00,31499.02,0.00,31499.02,31499.02,False,0,0,21,41,data_raw/Twitter15_16_dataset/twitter16/tree/762793077509464064.txt,"""if you could compete in any olympic event, what would you choose?"" —@potus asks @flotus: URL URL"
twitter16__763428684850094080,twitter16,763428684850094080,unverified,True,85,True,True,825501626,763428684850094080,True,0.0,0.00,112,118,112,0.00,2838.88,0.00,2838.88,2838.88,False,0,0,0,7,data_raw/Twitter15_16_dataset/twitter16/tree/763428684850094080.txt,breaking video : hillary surrogate calls for the assassination of julian assange. URL
twitter16__763430916236640256,twitter16,763430916236640256,unverified,True,74,True,True,4855687055,763430916236640256,True,0.0,0.00,109,112,109,0.00,16075.73,0.00,16075.73,16075.73,False,0,0,0,3,data_raw/Twitter15_16_dataset/twitter16/tree/763430916236640256.txt,hillary surroagte bob beckel calls for assassination of julian assange URL
twitter16__763520953619918848,twitter16,763520953619918848,unverified,True,85,True,True,129235890,763520953619918848,True,0.0,0.00,117,116,117,0.00,3885.58,0.00,3885.58,3885.58,False,0,0,0,1,data_raw/Twitter15_16_dataset/twitter16/tree/763520953619918848.txt,dear #msm bob beckel calling for assassination of #julianassange URL @ericbolling URL
twitter16__763524712853102596,twitter16,763524712853102596,unverified,True,114,True,True,205644304,763524712853102596,True,0.0,0.00,250,255,250,0.00,10358.88,0.00,10358.88,10358.88,False,0,0,0,22,data_raw/Twitter15_16_dataset/twitter16/tree/763524712853102596.txt,hillary clinton strategist bob beckel called for wikileaks editor julian assange to be assassinated. #dncleaks URL
twitter16__763738618573623297,twitter16,763738618573623297,unverified,True,116,True,True,15669672,763738618573623297,True,0.0,0.00,157,157,157,0.00,28816.88,0.00,28816.88,28816.88,False,0,0,0,7,data_raw/Twitter15_16_dataset/twitter16/tree/763738618573623297.txt,hillary clinton strategist bob beckel called for wikileaks editor julian assange to be assassinated: i do not... URL
twitter16__763896522790440960,twitter16,763896522790440960,unverified,True,103,True,True,72882689,763896522790440960,True,0.0,0.00,98,99,98,0.00,3781.35,0.00,3781.35,3781.35,False,0,0,0,1,data_raw/Twitter15_16_dataset/twitter16/tree/763896522790440960.txt,layton police officer hospitalized after subway worker serves him meth and thc in his drink (video) URL
twitter16__763964234774347776,twitter16,763964234774347776,non-rumor,True,70,True,True,16184358,763964234774347776,True,0.0,0.00,1178,1196,1178,0.00,50461.60,0.00,50461.60,50461.60,False,0,0,15,53,data_raw/Twitter15_16_dataset/twitter16/tree/763964234774347776.txt,".@theweeknd donates $250,000 to black lives matter URL via @cnnent URL"
twitter16__764368020391223296,twitter16,764368020391223296,unverified,True,91,True,True,4855687055,764368020391223296,True,0.0,0.00,123,123,123,0.00,26289.62,0.00,26289.62,26289.62,False,0,0,0,3,data_raw/Twitter15_16_dataset/twitter16/tree/764368020391223296.txt,video : clueless hillary clinton calls for americans to respect and empathize with isis URL
twitter16__764497123530375169,twitter16,764497123530375169,non-rumor,True,119,True,True,5402612,764497123530375169,True,0.0,0.00,1557,1609,1557,0.00,34169.40,0.00,34169.40,34169.40,False,0,0,29,196,data_raw/Twitter15_16_dataset/twitter16/tree/764497123530375169.txt,"man armed with knife on swiss train starts fire - seven people hospitalised with knife wounds and burns, police say URL"
twitter16__764906140257837056,twitter16,764906140257837056,non-rumor,True,100,True,True,30313925,764906140257837056,True,0.0,0.00,672,671,672,0.00,27313.82,0.00,27313.82,27313.82,False,0,0,0,20,data_raw/Twitter15_16_dataset/twitter16/tree/764906140257837056.txt,"""my dad is in the air force and that inspired me to have my back up job be president"" —lily: URL URL"
twitter16__764931593303646208,twitter16,764931593303646208,unverified,True,94,True,True,380285402,764931593303646208,True,0.0,0.00,1048,1085,1048,0.00,87579.55,0.00,87579.55,87579.55,False,0,0,1,34,data_raw/Twitter15_16_dataset/twitter16/tree/764931593303646208.txt,"fox news host claims hillary clinton had seizure on camera, has 'secret' health issues URL URL"
twitter16__765359928361922560,twitter16,765359928361922560,non-rumor,True,119,True,True,2884771,765359928361922560,True,0.0,0.00,670,696,670,0.00,14081.18,0.00,14081.18,14081.18,False,0,0,4,75,data_raw/Twitter15_16_dataset/twitter16/tree/765359928361922560.txt,"""people do not smile during a seizure while standing upright and then immediately launch into a coherent sentence."" URL"
twitter16__765612862681255936,twitter16,765612862681255936,non-rumor,True,72,True,True,11350892,765612862681255936,True,0.0,0.00,740,744,740,0.00,40170.97,0.00,40170.97,40170.97,False,0,0,0,3,data_raw/Twitter15_16_dataset/twitter16/tree/765612862681255936.txt,".@greysabc season 13 will focus on the ""originals"" URL #greysanatomy URL"
twitter16__765735409984806912,twitter16,765735409984806912,unverified,True,120,True,True,15359578,765735409984806912,True,0.0,0.00,187,192,187,0.00,9393.58,0.00,9393.58,9393.58,False,0,0,0,11,data_raw/Twitter15_16_dataset/twitter16/tree/765735409984806912.txt,"trump: dems ""failed and betrayed the africanamerican community” trump: “laziness is a trait in blacks, it really is"" URL"
twitter16__765739657908850688,twitter16,765739657908850688,unverified,True,65,True,True,377778216,765739657908850688,True,0.0,0.00,192,193,192,0.00,55355.03,0.00,55355.03,55355.03,False,0,0,0,1,data_raw/Twitter15_16_dataset/twitter16/tree/765739657908850688.txt,"remember when trump said ""laziness is a trait in blacks."" URL URL"
twitter16__765779159176077312,twitter16,765779159176077312,non-rumor,True,120,True,True,5402612,765779159176077312,True,0.0,0.00,754,754,754,0.00,16004.18,0.00,16004.18,16004.18,False,0,0,1,5,data_raw/Twitter15_16_dataset/twitter16/tree/765779159176077312.txt,"oil tanker hijacked off malaysian port of kuantan and taken into indonesian waters, malaysian maritime officials say URL"
twitter16__765859710503378944,twitter16,765859710503378944,non-rumor,True,109,True,True,5402612,765859710503378944,True,0.0,0.00,671,673,671,0.00,6517.07,0.00,6517.07,6517.07,False,0,0,0,5,data_raw/Twitter15_16_dataset/twitter16/tree/765859710503378944.txt,"top north korean diplomat who disappeared from london embassy has defected to south korea, seoul confirms URL"
twitter16__765887221736046592,twitter16,765887221736046592,unverified,True,137,False,True,3092625141,765887221736046592,True,0.0,0.00,193,205,193,0.00,11845.08,0.00,11845.08,11845.08,False,0,0,2,29,data_raw/Twitter15_16_dataset/twitter16/tree/765887221736046592.txt,"#whiteliberalproverbs"" i'll have them n*ggers voting democratic for the next two hundred years"". lbj, founder of the modern welfare state"
twitter16__766323684076322816,twitter16,766323684076322816,non-rumor,True,58,True,True,428333,766323684076322816,True,0.0,0.00,853,863,853,0.00,12474.80,0.00,12474.80,12474.80,False,0,0,1,23,data_raw/Twitter15_16_dataset/twitter16/tree/766323684076322816.txt,u.s. justice department to end use of private prisons. URL
twitter16__766541461189832704,twitter16,766541461189832704,non-rumor,True,114,True,True,5402612,766541461189832704,True,0.0,0.00,809,848,809,0.00,23249.90,0.00,23249.90,23249.90,False,0,0,14,137,data_raw/Twitter15_16_dataset/twitter16/tree/766541461189832704.txt,"a boy dies after being bitten by a dog in essex, with a woman arrested for allowing a dog to be out of control URL"
twitter16__766568413418356736,twitter16,766568413418356736,non-rumor,True,113,True,True,5402612,766568413418356736,True,0.0,0.00,808,821,808,0.00,7316.50,0.00,7316.50,7316.50,False,0,0,1,34,data_raw/Twitter15_16_dataset/twitter16/tree/766568413418356736.txt,"us swimmer jimmy feigen to pay $11,000 to charity as part of deal to settle brazil robbery dispute - us media URL"
twitter16__766715993385267201,twitter16,766715993385267201,non-rumor,True,100,True,True,14075928,766715993385267201,True,0.0,0.00,680,679,680,0.00,15952.35,0.00,15952.35,15952.35,False,0,0,0,0,data_raw/Twitter15_16_dataset/twitter16/tree/766715993385267201.txt,russian olympic officials concerned after learning team’s clean urine reservoir almost empty URL URL
twitter16__766752508312166402,twitter16,766752508312166402,non-rumor,True,100,True,True,428333,766752508312166402,True,0.0,0.00,899,976,899,0.00,30288.63,0.00,30288.63,30288.63,False,0,0,10,124,data_raw/Twitter15_16_dataset/twitter16/tree/766752508312166402.txt,judge: hillary clinton must respond under oath to questions from conservative legal watchdog URL URL
twitter16__766789709045518336,twitter16,766789709045518336,unverified,True,109,True,True,15115280,766789709045518336,True,0.0,0.00,242,253,242,0.00,2408.37,0.00,2408.37,2408.37,False,0,0,3,26,data_raw/Twitter15_16_dataset/twitter16/tree/766789709045518336.txt,"donald trump goes to louisiana flooding site, spends a minute handing out play-doh, leaves URL #whereshillary"
twitter16__766808183696351233,twitter16,766808183696351233,unverified,True,114,True,True,373564351,766808183696351233,True,0.0,0.00,274,280,274,-147.20,83284.78,0.00,83284.78,83284.78,True,0,0,4,8,data_raw/Twitter15_16_dataset/twitter16/tree/766808183696351233.txt,"""laziness is a trait in blacks""-trump, according to former president of trump plaza hotel and casino @vitico46 URL"
twitter16__766822417712963584,twitter16,766822417712963584,non-rumor,True,93,True,True,2883841,766822417712963584,True,0.0,0.00,1002,1005,1002,0.00,12992.58,0.00,12992.58,12992.58,False,0,0,0,5,data_raw/Twitter15_16_dataset/twitter16/tree/766822417712963584.txt,"it's been 5 years since ""what makes you beautiful"" lit up our world like nobody else: URL URL"
twitter16__767092161716350980,twitter16,767092161716350980,non-rumor,True,100,True,True,428333,767092161716350980,True,0.0,0.00,676,678,676,0.00,20284.57,0.00,20284.57,20284.57,False,0,0,0,12,data_raw/Twitter15_16_dataset/twitter16/tree/767092161716350980.txt,"olympics: us women win basketball gold for 6th consecutive olympics, routing spain in final. URL URL"
twitter16__767129248045948929,twitter16,767129248045948929,non-rumor,True,86,True,True,14075928,767129248045948929,True,0.0,0.00,625,625,625,0.00,29025.83,0.00,29025.83,29025.83,False,0,0,0,0,data_raw/Twitter15_16_dataset/twitter16/tree/767129248045948929.txt,"‘i can’t do this anymore,’ think 320 million americans quietly going about day URL URL"
twitter16__767203096472719364,twitter16,767203096472719364,non-rumor,True,116,True,True,2557521,767203096472719364,True,0.0,0.00,1589,1591,1589,0.00,13232.87,0.00,13232.87,13232.87,False,0,0,0,7,data_raw/Twitter15_16_dataset/twitter16/tree/767203096472719364.txt,wow. anthony johnson's knockout win is the 3rd-quickest finish in @ufc light heavyweight history (0:13). #ufc202 URL
twitter16__767459987476054016,twitter16,767459987476054016,non-rumor,True,108,True,True,2557521,767459987476054016,True,0.0,0.00,1470,1473,1470,0.00,7289.77,0.00,7289.77,7289.77,False,0,0,0,8,data_raw/Twitter15_16_dataset/twitter16/tree/767459987476054016.txt,it’s a three-peat! team usa routs serbia 96-66 to win its third-straight and 15th basketball gold medal. URL
twitter16__767541796410839040,twitter16,767541796410839040,non-rumor,True,66,True,True,14669951,767541796410839040,True,0.0,0.00,1278,1287,1278,0.00,19925.82,0.00,19925.82,19925.82,False,0,0,1,27,data_raw/Twitter15_16_dataset/twitter16/tree/767541796410839040.txt,powell breaks silence: clintons trying to 'pin' scandal on me! URL
twitter16__767561970182598657,twitter16,767561970182598657,non-rumor,True,92,True,True,2557521,767561970182598657,True,0.0,0.00,1513,1519,1513,0.00,14051.38,0.00,14051.38,14051.38,False,0,0,0,15,data_raw/Twitter15_16_dataset/twitter16/tree/767561970182598657.txt,nothing to see here. just nuggets forward wilson chandler catching a 350-pound fish: URL URL
twitter16__767698691205410816,twitter16,767698691205410816,non-rumor,True,120,True,True,1367531,767698691205410816,True,0.0,0.00,1724,1821,1724,0.00,22112.07,0.00,22112.07,22112.07,False,0,0,9,453,data_raw/Twitter15_16_dataset/twitter16/tree/767698691205410816.txt,#donaldtrump's son spoke about his father's decision to visit flood-damaged louisiana while pres. obama played golf. URL
twitter16__767709416879644672,twitter16,767709416879644672,non-rumor,True,89,True,True,807095,767709416879644672,True,0.0,0.00,687,689,687,0.00,12443.47,0.00,12443.47,12443.47,False,0,0,0,1,data_raw/Twitter15_16_dataset/twitter16/tree/767709416879644672.txt,"""i hate writing; i love having written."" dorothy parker was born on this day in 1893: URL"
twitter16__767710042816602112,twitter16,767710042816602112,non-rumor,True,113,True,True,1367531,767710042816602112,True,0.0,0.00,954,970,954,0.00,3412.55,0.00,3412.55,3412.55,False,0,0,4,53,data_raw/Twitter15_16_dataset/twitter16/tree/767710042816602112.txt,powell: don't 'pin' this on me: ex-secretary of state rejects clinton claim he 'told her to use' email server URL
twitter16__767754921403899906,twitter16,767754921403899906,non-rumor,True,99,True,True,428333,767754921403899906,True,0.0,0.00,653,659,653,0.00,17649.62,0.00,17649.62,17649.62,False,0,0,3,55,data_raw/Twitter15_16_dataset/twitter16/tree/767754921403899906.txt,"of the 54 killed by young suicide bomber at wedding in turkey, 22 were under the age of 14. URL URL"
twitter16__767803368081358848,twitter16,767803368081358848,non-rumor,True,93,True,True,28785486,767803368081358848,True,0.0,0.00,1214,1225,1214,0.00,11471.72,0.00,11471.72,11471.72,False,0,0,7,13,data_raw/Twitter15_16_dataset/twitter16/tree/767803368081358848.txt,"fbi uncovers nearly 15,000 more emails and materials sent to or from hillary clinton. URL URL"
twitter16__767807335691653120,twitter16,767807335691653120,non-rumor,True,91,True,True,16664681,767807335691653120,True,0.0,0.00,1046,1066,1046,0.00,11887.60,0.00,11887.60,11887.60,False,0,0,1,16,data_raw/Twitter15_16_dataset/twitter16/tree/767807335691653120.txt,"these louisiana politicians are demanding flood aid, but voted against sandy relief URL URL"
twitter16__767814876433571840,twitter16,767814876433571840,non-rumor,True,106,True,True,1367531,767814876433571840,True,0.0,0.00,877,888,877,0.00,12950.38,0.00,12950.38,12950.38,False,0,0,0,27,data_raw/Twitter15_16_dataset/twitter16/tree/767814876433571840.txt,"rudy giuliani rips @hillaryclinton for dragging colin powell into email scandal: ""she lies every day."" URL"
twitter16__767855091109863424,twitter16,767855091109863424,non-rumor,True,111,True,True,1367531,767855091109863424,True,0.0,0.00,690,693,690,0.00,4832.17,0.00,4832.17,4832.17,False,0,0,1,28,data_raw/Twitter15_16_dataset/twitter16/tree/767855091109863424.txt,".@stephenfhayes: ""this is about hrc having made repeated representations that have turned out to be false."" URL"
twitter16__767859423150759936,twitter16,767859423150759936,non-rumor,True,60,True,True,14075928,767859423150759936,True,0.0,0.00,1818,1822,1818,0.00,43299.28,0.00,43299.28,43299.28,False,0,0,1,7,data_raw/Twitter15_16_dataset/twitter16/tree/767859423150759936.txt,study links clinical depression to getting dunked on URL URL
twitter16__767861179951648768,twitter16,767861179951648768,non-rumor,True,114,True,True,1367531,767861179951648768,True,0.0,0.00,648,662,648,0.00,15490.75,0.00,15490.75,15490.75,False,0,0,3,44,data_raw/Twitter15_16_dataset/twitter16/tree/767861179951648768.txt,.@realdonaldtrump slams @hillaryclinton: “the job of an elected official is to serve the citizens of the u.s.” URL
twitter16__774833492865593344,twitter16,774833492865593344,unverified,True,120,True,True,3307277274,774833492865593344,True,0.0,0.00,439,469,439,0.00,51107.32,0.00,51107.32,51107.32,False,0,0,5,44,data_raw/Twitter15_16_dataset/twitter16/tree/774833492865593344.txt,"nurses save lives of all different races and colors, but @hillaryclinton thinks we belong in a #basketofdeplorables. URL"
twitter16__775672628493357057,twitter16,775672628493357057,unverified,True,119,True,True,26487169,775672628493357057,True,0.0,0.00,581,583,581,0.00,5991.25,0.00,5991.25,5991.25,False,0,0,0,17,data_raw/Twitter15_16_dataset/twitter16/tree/775672628493357057.txt,clinton hides failing health? full disclosure now: covert doctors and nurses URL via @mailonline #maga @realdonaldtrump
twitter16__777710439870455808,twitter16,777710439870455808,unverified,True,58,True,True,522537060,777710439870455808,True,0.0,0.00,133,137,133,0.00,11164.57,0.00,11164.57,11164.57,False,0,0,0,7,data_raw/Twitter15_16_dataset/twitter16/tree/777710439870455808.txt,all living ex-presidents warn against donald trump URL URL
twitter16__778299287293816832,twitter16,778299287293816832,unverified,True,84,True,True,727472528,778299287293816832,True,0.0,0.00,179,179,179,0.00,7750.42,0.00,7750.42,7750.42,False,0,0,0,2,data_raw/Twitter15_16_dataset/twitter16/tree/778299287293816832.txt,will ny ag investigate clinton campaign credit card fraud re elderly donors? URL URL
twitter16__778530869208190976,twitter16,778530869208190976,unverified,True,120,True,True,4826510725,778530869208190976,True,0.0,0.00,151,154,151,0.00,7814.88,0.00,7814.88,7814.88,False,0,0,0,1,data_raw/Twitter15_16_dataset/twitter16/tree/778530869208190976.txt,hillary overcharges poorest campaign donors @lindasuhler @realdrgina @girlsfortrump @cinderella2b @kamvtv #us #usa🇺🇸 URL
twitter16__778572032531427332,twitter16,778572032531427332,unverified,True,112,True,True,16041234,778572032531427332,True,0.0,0.00,397,402,397,0.00,23184.80,0.00,23184.80,23184.80,False,0,0,0,17,data_raw/Twitter15_16_dataset/twitter16/tree/778572032531427332.txt,massachusetts court finds that it’s ‘reasonable’ for black men to run from police to avoid racial profiling… URL
twitter16__778625026144792577,twitter16,778625026144792577,unverified,True,112,True,True,16041234,778625026144792577,True,0.0,0.00,133,134,133,0.00,4412.85,0.00,4412.85,4412.85,False,0,0,0,1,data_raw/Twitter15_16_dataset/twitter16/tree/778625026144792577.txt,massachusetts court finds that it’s ‘reasonable’ for black men to run from police to avoid racial profiling… URL
twitter16__778681502825451520,twitter16,778681502825451520,unverified,True,90,True,True,115754870,778681502825451520,True,0.0,0.00,130,130,130,0.00,8116.58,0.00,8116.58,8116.58,False,0,0,0,8,data_raw/Twitter15_16_dataset/twitter16/tree/778681502825451520.txt,black men have legitimate reason to run from police – #massachusetts supreme court URL URL
twitter16__778689027918618625,twitter16,778689027918618625,unverified,True,78,True,True,5392522,778689027918618625,True,0.0,0.00,152,152,152,0.00,2910.78,0.00,2910.78,2910.78,False,0,0,0,0,data_raw/Twitter15_16_dataset/twitter16/tree/778689027918618625.txt,"black men may have cause to run from police, massachusetts high court says URL"
twitter16__778949749156245504,twitter16,778949749156245504,unverified,True,112,True,True,1137881,778949749156245504,True,0.0,0.00,370,371,370,0.00,4130.85,0.00,4130.85,4130.85,False,0,0,0,0,data_raw/Twitter15_16_dataset/twitter16/tree/778949749156245504.txt,"""a black man who runs from police merely might be trying to avoid the recurring indignity of being profiled"" URL"
twitter16__779633844680962048,twitter16,779633844680962048,unverified,True,117,True,True,918346674,779633844680962048,True,0.0,0.00,474,474,474,0.00,26430.47,0.00,26430.47,26430.47,False,0,0,0,0,data_raw/Twitter15_16_dataset/twitter16/tree/779633844680962048.txt,this network of tunnels is from the stone age however no one knows how they could've been constructed at the time URL
twitter16__780436430732525569,twitter16,780436430732525569,unverified,True,116,True,True,18013279,780436430732525569,True,0.0,0.00,143,146,143,0.00,13191.93,0.00,13191.93,13191.93,False,0,0,2,7,data_raw/Twitter15_16_dataset/twitter16/tree/780436430732525569.txt,"well, this is a new one: chelsea clinton implies that marijuana can kill you. 2016, y’all. URL #mmot #p2 #tcot #tlot"
twitter16__780882510645370880,twitter16,780882510645370880,unverified,True,65,True,True,7900962,780882510645370880,True,0.0,0.00,1969,2048,1969,0.00,27852.50,0.00,27852.50,27852.50,False,0,0,11,78,data_raw/Twitter15_16_dataset/twitter16/tree/780882510645370880.txt,chelsea clinton implies here that marijuana can kill you. uhh URL
